id,file,w,h,want,n_ann,frac
20207,000000020207.jpg,640,480,bed,2,1.0
268227,000000268227.jpg,640,480,"bed,bench",3,0.4832
398037,000000398037.jpg,640,480,"bed,bench,chair,couch,dining table",5,0.2645
509933,000000509933.jpg,640,480,"bed,bench,clock,dining table",4,0.2439
192277,000000192277.jpg,480,640,"bed,bench,person",3,0.5224
373655,000000373655.jpg,612,612,"bed,chair",2,1.1973
142051,000000142051.jpg,640,480,"bed,chair,clock",3,0.4644
399006,000000399006.jpg,640,480,"bed,chair,clock,couch",4,0.51
451824,000000451824.jpg,640,640,"bed,chair,clock,dining table",4,0.3202
11485,000000011485.jpg,640,480,"bed,chair,clock,laptop",4,0.4721
31634,000000031634.jpg,612,612,"bed,chair,couch",3,0.4703
558616,000000558616.jpg,640,480,"bed,chair,couch,dining table,tv",5,0.177
9119,000000009119.jpg,640,480,"bed,chair,couch,laptop",4,0.4188
512582,000000512582.jpg,640,480,"bed,chair,couch,person",6,0.4835
236424,000000236424.jpg,640,480,"bed,chair,couch,tv",4,0.313
48710,000000048710.jpg,640,480,"bed,chair,dining table",3,0.4603
267402,000000267402.jpg,640,480,"bed,chair,dining table,person",5,0.0629
282691,000000282691.jpg,640,480,"bed,chair,dining table,tv",4,0.2124
164005,000000164005.jpg,640,480,"bed,chair,keyboard,laptop,person",5,0.7695
184139,000000184139.jpg,640,480,"bed,chair,laptop",3,0.3979
499419,000000499419.jpg,640,480,"bed,chair,laptop,mouse,tv",5,0.708
105877,000000105877.jpg,640,480,"bed,chair,person",3,0.5897
49573,000000049573.jpg,640,480,"bed,chair,tv",3,0.4851
505086,000000505086.jpg,640,480,"bed,clock",2,0.8201
157480,000000157480.jpg,640,480,"bed,clock,couch,dining table",4,0.5392
103223,000000103223.jpg,613,640,"bed,clock,laptop,person",4,0.5532
422956,000000422956.jpg,640,480,"bed,clock,person",3,0.441
51871,000000051871.jpg,640,640,"bed,couch",3,1.3954
391646,000000391646.jpg,640,480,"bed,couch,dining table",3,0.553
4057,000000004057.jpg,640,480,"bed,couch,laptop,mouse",5,0.5863
297964,000000297964.jpg,480,640,"bed,couch,person",3,0.6207
191690,000000191690.jpg,640,480,"bed,couch,person,tv",4,0.3247
445853,000000445853.jpg,480,640,"bed,couch,tv",3,0.3641
72873,000000072873.jpg,640,480,"bed,dining table",2,0.0439
240267,000000240267.jpg,640,480,"bed,keyboard",2,0.2418
400525,000000400525.jpg,640,480,"bed,keyboard,laptop,person",4,0.8672
206701,000000206701.jpg,640,480,"bed,keyboard,mouse,tv",4,0.3783
458178,000000458178.jpg,640,480,"bed,keyboard,tv",3,0.2551
302323,000000302323.jpg,640,480,"bed,laptop",2,0.9591
309568,000000309568.jpg,640,480,"bed,laptop,mouse",4,0.6817
27727,000000027727.jpg,640,480,"bed,laptop,mouse,tv",5,0.5375
121358,000000121358.jpg,640,480,"bed,laptop,person",3,0.9537
278309,000000278309.jpg,640,480,"bed,mouse",3,0.4121
438060,000000438060.jpg,640,480,"bed,person",2,1.2376
124751,000000124751.jpg,640,480,"bed,person,tv",3,0.6569
358136,000000358136.jpg,640,499,"bed,tv",3,0.6881
181572,000000181572.jpg,480,640,bench,2,0.8898
364420,000000364420.jpg,640,480,"bench,chair",3,1.1698
252177,000000252177.jpg,526,640,"bench,chair,clock",3,0.175
477435,000000477435.jpg,480,640,"bench,chair,clock,dining table,person",6,0.0703
232886,000000232886.jpg,640,528,"bench,chair,clock,person",4,0.2656
70190,000000070190.jpg,640,480,"bench,chair,clock,tv",4,0.0551
462023,000000462023.jpg,480,640,"bench,chair,dining table",4,0.4694
20410,000000020410.jpg,640,480,"bench,chair,dining table,person",6,0.3333
501846,000000501846.jpg,640,481,"bench,chair,keyboard,laptop",5,0.3057
379210,000000379210.jpg,480,640,"bench,chair,person",4,0.9903
391406,000000391406.jpg,640,640,"bench,clock",2,0.1172
536619,000000536619.jpg,640,480,"bench,clock,person",4,0.6841
515820,000000515820.jpg,640,640,"bench,clock,person,tv",4,0.0337
565353,000000565353.jpg,480,640,"bench,couch,keyboard,laptop,person",5,0.9169
156458,000000156458.jpg,480,640,"bench,dining table",3,0.3698
340922,000000340922.jpg,640,480,"bench,dining table,person",4,0.3401
393094,000000393094.jpg,480,640,"bench,dining table,tv",4,0.1038
150599,000000150599.jpg,640,480,"bench,laptop,person",3,0.5614
408917,000000408917.jpg,640,480,"bench,person",3,0.8892
228683,000000228683.jpg,480,640,"bench,person,tv",5,0.0879
171595,000000171595.jpg,640,480,chair,2,0.9789
301956,000000301956.jpg,480,640,"chair,clock",2,0.1539
527464,000000527464.jpg,640,480,"chair,clock,couch",4,0.4213
242296,000000242296.jpg,640,480,"chair,clock,couch,laptop",4,0.2317
243926,000000243926.jpg,640,593,"chair,clock,couch,tv",5,0.1478
47611,000000047611.jpg,480,640,"chair,clock,dining table",3,0.2255
449422,000000449422.jpg,480,640,"chair,clock,dining table,laptop,mouse,person",6,0.4859
84295,000000084295.jpg,640,480,"chair,clock,dining table,person",4,0.2381
501242,000000501242.jpg,640,600,"chair,clock,keyboard,laptop,mouse,person",6,0.547
61693,000000061693.jpg,640,480,"chair,clock,keyboard,laptop,mouse,person,tv",7,0.3332
78085,000000078085.jpg,640,480,"chair,clock,keyboard,laptop,mouse,tv",6,0.2317
370522,000000370522.jpg,640,480,"chair,clock,keyboard,tv",5,0.1234
246001,000000246001.jpg,640,480,"chair,clock,laptop,person,tv",5,0.3896
127926,000000127926.jpg,640,480,"chair,clock,person",3,0.483
279212,000000279212.jpg,640,491,"chair,couch",3,1.6024
308197,000000308197.jpg,640,480,"chair,couch,dining table",4,0.2139
260953,000000260953.jpg,480,640,"chair,couch,dining table,keyboard,laptop,person",8,0.8448
496290,000000496290.jpg,640,480,"chair,couch,dining table,keyboard,mouse",5,0.2657
8064,000000008064.jpg,640,480,"chair,couch,dining table,keyboard,tv",5,0.1258
467887,000000467887.jpg,640,480,"chair,couch,dining table,laptop,mouse,person",6,0.6508
509244,000000509244.jpg,640,480,"chair,couch,dining table,laptop,person,tv",6,0.1285
89792,000000089792.jpg,640,482,"chair,couch,dining table,laptop,tv",5,0.3089
529389,000000529389.jpg,640,566,"chair,couch,dining table,person",5,0.3075
398962,000000398962.jpg,640,480,"chair,couch,dining table,tv",4,0.3567
104349,000000104349.jpg,480,640,"chair,couch,keyboard,laptop",4,0.3395
385770,000000385770.jpg,640,480,"chair,couch,laptop",3,0.2909
292101,000000292101.jpg,640,480,"chair,couch,laptop,mouse",5,1.4587
566536,000000566536.jpg,480,640,"chair,couch,laptop,person",4,1.038
394766,000000394766.jpg,640,480,"chair,couch,laptop,person,tv",5,0.5317
445829,000000445829.jpg,640,480,"chair,couch,laptop,tv",4,0.3188
416610,000000416610.jpg,640,480,"chair,couch,mouse",4,0.6693
82826,000000082826.jpg,640,483,"chair,couch,person",4,0.6602
200446,000000200446.jpg,480,640,"chair,couch,person,tv",4,0.8195
535125,000000535125.jpg,640,480,"chair,couch,tv",4,0.6681
296244,000000296244.jpg,640,480,"chair,dining table",3,0.6928
243361,000000243361.jpg,640,480,"chair,dining table,keyboard,laptop,tv",5,0.4089
198561,000000198561.jpg,640,480,"chair,dining table,keyboard,mouse",5,0.139
336752,000000336752.jpg,640,480,"chair,dining table,keyboard,mouse,tv",5,0.3596
47746,000000047746.jpg,640,480,"chair,dining table,laptop",3,1.2148
55466,000000055466.jpg,640,480,"chair,dining table,laptop,mouse",5,0.4046
242427,000000242427.jpg,480,640,"chair,dining table,laptop,mouse,tv",5,0.4827
269045,000000269045.jpg,612,612,"chair,dining table,laptop,person",4,0.6154
28674,000000028674.jpg,640,480,"chair,dining table,laptop,person,tv",5,0.5509
283408,000000283408.jpg,640,480,"chair,dining table,person",4,0.5605
270706,000000270706.jpg,640,480,"chair,dining table,person,tv",5,0.3547
490869,000000490869.jpg,612,612,"chair,dining table,tv",4,0.9683
448518,000000448518.jpg,640,480,"chair,keyboard",3,0.2228
395761,000000395761.jpg,640,480,"chair,keyboard,laptop",3,0.3056
312596,000000312596.jpg,640,480,"chair,keyboard,laptop,mouse",4,0.2115
405657,000000405657.jpg,640,480,"chair,keyboard,laptop,mouse,person",5,0.4046
221540,000000221540.jpg,640,480,"chair,keyboard,laptop,mouse,person,tv",6,0.3151
477233,000000477233.jpg,640,480,"chair,keyboard,laptop,mouse,tv",5,0.4632
388510,000000388510.jpg,640,480,"chair,keyboard,laptop,person",4,0.388
458286,000000458286.jpg,638,640,"chair,keyboard,laptop,tv",4,0.2709
32231,000000032231.jpg,640,480,"chair,keyboard,mouse,person",4,0.4009
460496,000000460496.jpg,640,480,"chair,keyboard,mouse,person,tv",5,0.4988
427548,000000427548.jpg,640,483,"chair,keyboard,mouse,tv",4,0.3803
468876,000000468876.jpg,640,480,"chair,keyboard,person",3,0.5942
216480,000000216480.jpg,640,480,"chair,keyboard,tv",4,0.5839
227656,000000227656.jpg,480,640,"chair,laptop",2,0.4682
306822,000000306822.jpg,640,480,"chair,laptop,mouse",3,0.2522
333899,000000333899.jpg,612,612,"chair,laptop,mouse,person",4,0.6344
263957,000000263957.jpg,640,533,"chair,laptop,mouse,person,tv",5,0.4676
354603,000000354603.jpg,480,640,"chair,laptop,mouse,tv",4,0.1444
476893,000000476893.jpg,640,480,"chair,laptop,person",3,0.9415
561658,000000561658.jpg,480,640,"chair,laptop,person,tv",4,0.6454
248643,000000248643.jpg,640,639,"chair,laptop,tv",3,0.146
248957,000000248957.jpg,480,640,"chair,mouse",2,0.0888
242779,000000242779.jpg,640,480,"chair,person",4,1.0201
252136,000000252136.jpg,640,480,"chair,person,tv",3,0.7184
326937,000000326937.jpg,640,480,"chair,tv",3,0.337
326925,000000326925.jpg,640,593,clock,1,0.9886
464675,000000464675.jpg,640,480,"clock,couch",3,0.5666
377983,000000377983.jpg,640,480,"clock,couch,dining table,person",5,0.8512
35435,000000035435.jpg,640,480,"clock,couch,laptop,tv",4,0.133
491525,000000491525.jpg,640,480,"clock,couch,person",4,0.4131
435832,000000435832.jpg,640,480,"clock,couch,tv",3,0.1364
271076,000000271076.jpg,480,640,"clock,dining table",2,0.0637
121693,000000121693.jpg,640,480,"clock,dining table,laptop,mouse",4,0.569
78176,000000078176.jpg,640,480,"clock,dining table,person",3,0.3377
481810,000000481810.jpg,640,480,"clock,keyboard,laptop,mouse",4,0.4208
30148,000000030148.jpg,640,504,"clock,keyboard,mouse,tv",4,0.1729
391332,000000391332.jpg,640,480,"clock,keyboard,person,tv",4,0.8615
554217,000000554217.jpg,640,480,"clock,keyboard,tv",3,0.5608
344942,000000344942.jpg,640,480,"clock,laptop",2,0.7091
558077,000000558077.jpg,480,640,"clock,person",2,0.5861
83065,000000083065.jpg,640,604,"clock,person,tv",3,0.8255
573911,000000573911.jpg,612,612,"clock,tv",3,0.2656
374133,000000374133.jpg,640,481,couch,1,0.9728
251113,000000251113.jpg,640,480,"couch,dining table,person",4,0.1961
16361,000000016361.jpg,480,640,"couch,dining table,tv",3,0.1238
453400,000000453400.jpg,640,480,"couch,laptop",3,1.1686
473137,000000473137.jpg,640,480,"couch,laptop,mouse",3,1.1932
399294,000000399294.jpg,640,480,"couch,laptop,person",3,1.1468
411241,000000411241.jpg,640,480,"couch,laptop,person,tv",4,0.5624
63558,000000063558.jpg,640,480,"couch,person",2,0.8594
262561,000000262561.jpg,640,480,"couch,person,tv",4,0.6435
300413,000000300413.jpg,640,480,"couch,tv",3,0.6465
421447,000000421447.jpg,640,480,dining table,1,0.9744
300620,000000300620.jpg,640,513,"dining table,keyboard,laptop,mouse,person,tv",6,0.6059
148665,000000148665.jpg,640,480,"dining table,keyboard,mouse",3,0.4329
415991,000000415991.jpg,640,480,"dining table,laptop",2,1.3063
18072,000000018072.jpg,500,487,"dining table,mouse",3,0.3116
207215,000000207215.jpg,640,480,"dining table,person",4,0.4515
401455,000000401455.jpg,640,480,"dining table,person,tv",5,0.416
171062,000000171062.jpg,480,640,"dining table,tv",3,0.3179
90365,000000090365.jpg,640,480,keyboard,1,0.7847
208340,000000208340.jpg,640,480,"keyboard,laptop",2,1.6372
186685,000000186685.jpg,640,480,"keyboard,laptop,mouse",3,0.7713
280873,000000280873.jpg,640,480,"keyboard,laptop,mouse,person",4,0.5828
318185,000000318185.jpg,640,480,"keyboard,laptop,mouse,person,tv",5,0.2571
122953,000000122953.jpg,640,480,"keyboard,laptop,mouse,tv",5,0.6812
110790,000000110790.jpg,640,480,"keyboard,laptop,person",3,1.137
62175,000000062175.jpg,640,480,"keyboard,laptop,person,tv",4,0.6615
407386,000000407386.jpg,640,480,"keyboard,laptop,tv",4,0.4428
168076,000000168076.jpg,640,480,"keyboard,mouse",2,0.9
413668,000000413668.jpg,500,500,"keyboard,mouse,person",3,0.5799
318219,000000318219.jpg,556,640,"keyboard,mouse,person,tv",4,0.6252
68418,000000068418.jpg,640,480,"keyboard,mouse,tv",3,0.6773
130666,000000130666.jpg,640,480,"keyboard,person",2,0.9077
181739,000000181739.jpg,500,500,"keyboard,person,tv",4,0.3242
457735,000000457735.jpg,500,500,"keyboard,tv",2,0.6603
242286,000000242286.jpg,640,480,laptop,1,0.7743
572795,000000572795.jpg,640,640,"laptop,mouse",2,0.4604
212605,000000212605.jpg,500,500,"laptop,mouse,person",4,0.4883
90490,000000090490.jpg,480,640,"laptop,mouse,person,tv",4,0.3096
461963,000000461963.jpg,640,480,"laptop,mouse,tv",4,0.4111
254410,000000254410.jpg,480,640,"laptop,person",2,0.9885
506515,000000506515.jpg,640,480,"laptop,person,tv",3,1.1167
396039,000000396039.jpg,640,512,"laptop,tv",4,1.0506
443723,000000443723.jpg,640,480,mouse,1,0.2762
94087,000000094087.jpg,640,480,"mouse,person",3,0.2344
485984,000000485984.jpg,640,480,"mouse,tv",2,0.264
299764,000000299764.jpg,640,502,person,3,0.8752
115772,000000115772.jpg,640,480,"person,tv",3,1.2499
142744,000000142744.jpg,640,480,tv,2,0.9591
357391,000000357391.jpg,640,480,bed,2,0.9807
109928,000000109928.jpg,640,480,"bed,bench",2,0.4214
283111,000000283111.jpg,640,480,"bed,chair",2,0.8345
297620,000000297620.jpg,612,612,"bed,chair,couch",3,0.3017
367848,000000367848.jpg,640,480,"bed,chair,couch,person",4,0.3811
271820,000000271820.jpg,480,640,"bed,chair,couch,tv",4,0.2345
402786,000000402786.jpg,640,480,"bed,chair,dining table",3,0.4214
369521,000000369521.jpg,640,480,"bed,chair,person",5,0.5421
52232,000000052232.jpg,640,480,"bed,chair,tv",3,0.2707
174869,000000174869.jpg,640,480,"bed,clock",2,0.8078
398489,000000398489.jpg,640,480,"bed,couch",3,1.2921
334215,000000334215.jpg,640,480,"bed,couch,person",3,0.3743
494155,000000494155.jpg,640,480,"bed,couch,tv",3,0.1502
62703,000000062703.jpg,640,480,"bed,keyboard,laptop,person",4,0.7943
127256,000000127256.jpg,640,480,"bed,keyboard,mouse,tv",4,0.1379
375500,000000375500.jpg,480,640,"bed,keyboard,tv",4,0.2541
351914,000000351914.jpg,640,480,"bed,laptop",3,0.9423
12443,000000012443.jpg,640,480,"bed,laptop,mouse",4,0.3153
179805,000000179805.jpg,640,480,"bed,laptop,person",3,0.861
467437,000000467437.jpg,640,608,"bed,person",2,1.1841
481113,000000481113.jpg,640,487,"bed,person,tv",3,0.6437
436468,000000436468.jpg,480,640,"bed,tv",2,0.6711
569529,000000569529.jpg,640,480,bench,1,0.8768
285890,000000285890.jpg,640,640,"bench,chair",2,0.7287
212741,000000212741.jpg,640,480,"bench,chair,clock,person",6,0.2547
575355,000000575355.jpg,480,640,"bench,chair,dining table",3,0.1848
2179,000000002179.jpg,640,480,"bench,chair,dining table,person",5,0.2829
279129,000000279129.jpg,640,480,"bench,chair,person",4,0.7621
330750,000000330750.jpg,640,480,"bench,clock",2,0.0993
427113,000000427113.jpg,640,480,"bench,clock,person",3,0.5781
532504,000000532504.jpg,514,640,"bench,dining table",2,0.2032
299029,000000299029.jpg,640,480,"bench,dining table,person",4,0.1188
86869,000000086869.jpg,640,480,"bench,person",2,0.6381
24257,000000024257.jpg,640,640,"bench,person,tv",4,0.0305
287033,000000287033.jpg,640,480,chair,2,0.9777
578683,000000578683.jpg,640,480,"chair,clock",2,0.1498
248014,000000248014.jpg,640,480,"chair,clock,couch",3,0.154
203438,000000203438.jpg,640,640,"chair,clock,dining table",3,0.1731
21198,000000021198.jpg,612,612,"chair,clock,dining table,person",4,0.0756
485580,000000485580.jpg,640,480,"chair,clock,laptop,person,tv",5,0.3147
561864,000000561864.jpg,480,640,"chair,clock,person",5,0.4023
179570,000000179570.jpg,640,498,"chair,couch",3,1.5719
516346,000000516346.jpg,480,640,"chair,couch,dining table",3,0.1199
124893,000000124893.jpg,640,480,"chair,couch,dining table,tv",4,0.2509
102133,000000102133.jpg,640,480,"chair,couch,laptop",4,0.2238
367891,000000367891.jpg,612,612,"chair,couch,laptop,person",4,1.0139
245757,000000245757.jpg,640,480,"chair,couch,laptop,tv",6,0.2296
454730,000000454730.jpg,640,480,"chair,couch,person",4,0.6039
152609,000000152609.jpg,640,480,"chair,couch,person,tv",4,0.2839
296056,000000296056.jpg,640,480,"chair,couch,tv",4,0.4102
194758,000000194758.jpg,640,481,"chair,dining table",3,0.6655
320432,000000320432.jpg,640,480,"chair,dining table,laptop,person",4,0.593
109290,000000109290.jpg,480,640,"chair,dining table,person",3,0.481
433023,000000433023.jpg,480,640,"chair,dining table,tv",3,0.4774
563403,000000563403.jpg,640,480,"chair,keyboard,laptop",4,0.2751
441253,000000441253.jpg,640,480,"chair,keyboard,laptop,mouse",4,0.1711
57481,000000057481.jpg,640,480,"chair,keyboard,laptop,mouse,person,tv",6,0.1859
434900,000000434900.jpg,480,640,"chair,keyboard,laptop,mouse,tv",5,0.3058
50942,000000050942.jpg,640,480,"chair,keyboard,mouse,person",4,0.3652
325385,000000325385.jpg,480,640,"chair,keyboard,mouse,person,tv",5,0.1355
523536,000000523536.jpg,640,640,"chair,keyboard,mouse,tv",5,0.3191
439596,000000439596.jpg,500,493,"chair,keyboard,person",4,0.2035
458166,000000458166.jpg,640,481,"chair,keyboard,tv",4,0.5503
371376,000000371376.jpg,640,480,"chair,laptop",2,0.4337
130524,000000130524.jpg,640,480,"chair,laptop,mouse",3,0.2089
445810,000000445810.jpg,640,480,"chair,laptop,mouse,person",4,0.4963
359128,000000359128.jpg,640,480,"chair,laptop,mouse,tv",4,0.0842
413805,000000413805.jpg,640,480,"chair,laptop,person",3,0.8395
112201,000000112201.jpg,480,640,"chair,laptop,person,tv",4,0.5117
274537,000000274537.jpg,640,480,"chair,mouse",3,0.0581
127235,000000127235.jpg,640,480,"chair,person",4,0.9407
458463,000000458463.jpg,640,480,"chair,person,tv",3,0.4672
24154,000000024154.jpg,640,480,"chair,tv",2,0.3351
101675,000000101675.jpg,612,612,clock,1,0.9457
425151,000000425151.jpg,640,480,"clock,couch",2,0.1632
279647,000000279647.jpg,640,480,"clock,couch,person",4,0.3035
535202,000000535202.jpg,640,482,"clock,keyboard,person,tv",4,0.6841
281220,000000281220.jpg,640,616,"clock,person",2,0.5779
470472,000000470472.jpg,640,480,"clock,person,tv",4,0.617
538196,000000538196.jpg,640,640,"clock,tv",2,0.1777
225893,000000225893.jpg,500,640,couch,2,0.8942
99372,000000099372.jpg,640,480,"couch,laptop",3,0.7016
506311,000000506311.jpg,640,480,"couch,laptop,mouse",3,0.4089
438531,000000438531.jpg,640,640,"couch,laptop,person",3,0.8872
176148,000000176148.jpg,640,480,"couch,laptop,person,tv",4,0.1978
371672,000000371672.jpg,480,640,"couch,person",3,0.7604
284658,000000284658.jpg,640,480,"couch,person,tv",4,0.3576
370400,000000370400.jpg,640,480,"couch,tv",2,0.3282
228426,000000228426.jpg,612,612,dining table,1,0.9709
61314,000000061314.jpg,480,640,"dining table,laptop",2,0.9749
443522,000000443522.jpg,640,480,"dining table,mouse",2,0.1321
553373,000000553373.jpg,640,480,"dining table,person",4,0.3654
268739,000000268739.jpg,497,640,"dining table,person,tv",4,0.2537
462224,000000462224.jpg,640,480,keyboard,1,0.7463
459164,000000459164.jpg,640,480,"keyboard,laptop",2,1.0234
385743,000000385743.jpg,640,480,"keyboard,laptop,mouse",3,0.506
97696,000000097696.jpg,640,480,"keyboard,laptop,mouse,tv",4,0.4819
363079,000000363079.jpg,640,513,"keyboard,laptop,person",3,0.7939
307322,000000307322.jpg,640,480,"keyboard,laptop,person,tv",4,0.501
464871,000000464871.jpg,640,480,"keyboard,laptop,tv",4,0.4303
456009,000000456009.jpg,640,480,"keyboard,mouse",2,0.8216
145214,000000145214.jpg,640,480,"keyboard,mouse,person",3,0.4681
5713,000000005713.jpg,640,480,"keyboard,mouse,person,tv",4,0.5563
272490,000000272490.jpg,640,480,"keyboard,mouse,tv",3,0.6685
318401,000000318401.jpg,480,640,"keyboard,person",3,0.8156
248319,000000248319.jpg,640,559,"keyboard,tv",2,0.6118
577522,000000577522.jpg,640,640,laptop,2,0.6449
544253,000000544253.jpg,640,480,"laptop,mouse",2,0.3492
228013,000000228013.jpg,640,480,"laptop,mouse,person",3,0.3581
220922,000000220922.jpg,640,480,"laptop,mouse,tv",5,0.3797
201032,000000201032.jpg,640,480,"laptop,person",2,0.8828
396541,000000396541.jpg,640,480,"laptop,person,tv",3,0.6658
52290,000000052290.jpg,640,480,"laptop,tv",3,0.8914
349234,000000349234.jpg,640,480,mouse,1,0.0762
414501,000000414501.jpg,480,640,"mouse,person",2,0.1618
116181,000000116181.jpg,640,480,person,3,0.8695
157944,000000157944.jpg,640,480,"person,tv",2,1.1894
443649,000000443649.jpg,640,480,tv,1,0.9454
414078,000000414078.jpg,640,480,bed,2,0.9773
262118,000000262118.jpg,640,480,"bed,bench",3,0.2323
264110,000000264110.jpg,640,480,"bed,chair",3,0.8194
45396,000000045396.jpg,640,480,"bed,chair,couch",3,0.2999
133667,000000133667.jpg,480,640,"bed,chair,couch,person",5,0.2396
205089,000000205089.jpg,640,480,"bed,chair,couch,tv",4,0.2071
186500,000000186500.jpg,612,612,"bed,chair,dining table",3,0.3691
314023,000000314023.jpg,640,480,"bed,chair,person",3,0.5336
570022,000000570022.jpg,640,480,"bed,chair,tv",3,0.2491
4820,000000004820.jpg,640,480,"bed,clock",3,0.688
401232,000000401232.jpg,640,480,"bed,couch",3,1.1956
504141,000000504141.jpg,640,480,"bed,couch,person",3,0.3039
310331,000000310331.jpg,640,480,"bed,keyboard,laptop,person",5,0.7671
260111,000000260111.jpg,640,480,"bed,keyboard,tv",3,0.1973
477474,000000477474.jpg,640,480,"bed,laptop",2,0.91
410033,000000410033.jpg,640,480,"bed,laptop,mouse",3,0.2888
131763,000000131763.jpg,640,480,"bed,laptop,person",3,0.8559
256566,000000256566.jpg,640,480,"bed,person",2,1.1403
241129,000000241129.jpg,612,612,"bed,person,tv",3,0.5213
265715,000000265715.jpg,480,640,"bed,tv",2,0.5588
372983,000000372983.jpg,640,480,bench,2,0.8427
136790,000000136790.jpg,640,569,"bench,chair",2,0.5982
445249,000000445249.jpg,480,640,"bench,chair,clock,person",6,0.0404
322992,000000322992.jpg,480,640,"bench,chair,dining table",3,0.1599
414516,000000414516.jpg,640,480,"bench,chair,dining table,person",5,0.1715
115917,000000115917.jpg,640,520,"bench,chair,person",4,0.7428
8791,000000008791.jpg,480,640,"bench,clock",2,0.0364
342211,000000342211.jpg,640,612,"bench,clock,person",4,0.4412
326073,000000326073.jpg,640,506,"bench,dining table",3,0.1583
291834,000000291834.jpg,578,640,"bench,dining table,person",5,0.0412
314378,000000314378.jpg,640,633,"bench,person",2,0.6259
495996,000000495996.jpg,640,480,chair,2,0.9066
347587,000000347587.jpg,480,640,"chair,clock",2,0.0967
521907,000000521907.jpg,480,640,"chair,clock,dining table",3,0.0514
285160,000000285160.jpg,480,640,"chair,clock,dining table,person",5,0.0685
262605,000000262605.jpg,640,588,"chair,clock,laptop,person,tv",5,0.1657
287324,000000287324.jpg,480,640,"chair,clock,person",3,0.2274
386715,000000386715.jpg,640,480,"chair,couch",3,1.3684
235591,000000235591.jpg,480,640,"chair,couch,laptop,person",4,0.8249
146623,000000146623.jpg,640,480,"chair,couch,person",5,0.4843
319043,000000319043.jpg,640,480,"chair,couch,tv",3,0.3565
137961,000000137961.jpg,640,480,"chair,dining table",3,0.4705
306584,000000306584.jpg,640,480,"chair,dining table,laptop,person",4,0.4286
101697,000000101697.jpg,640,480,"chair,dining table,person",4,0.4347
437618,000000437618.jpg,480,640,"chair,dining table,tv",3,0.4487
445175,000000445175.jpg,640,480,"chair,keyboard,laptop",3,0.2028
544121,000000544121.jpg,640,480,"chair,keyboard,laptop,mouse",4,0.1536
400534,000000400534.jpg,640,480,"chair,keyboard,laptop,mouse,tv",5,0.2553
519723,000000519723.jpg,640,480,"chair,keyboard,mouse,tv",4,0.3023
570179,000000570179.jpg,640,480,"chair,keyboard,tv",3,0.1239
523292,000000523292.jpg,480,640,"chair,laptop",3,0.3392
253498,000000253498.jpg,640,480,"chair,laptop,mouse",3,0.1884
393874,000000393874.jpg,481,640,"chair,laptop,mouse,person",4,0.3912
285417,000000285417.jpg,640,480,"chair,laptop,person",3,0.7055
308295,000000308295.jpg,640,512,"chair,laptop,person,tv",4,0.3922
37944,000000037944.jpg,640,514,"chair,person",3,0.8194
267871,000000267871.jpg,640,480,"chair,person,tv",3,0.4646
452878,000000452878.jpg,640,480,"chair,tv",2,0.2447
357254,000000357254.jpg,640,480,clock,2,0.9055
162109,000000162109.jpg,480,640,"clock,keyboard,person,tv",4,0.0663
153466,000000153466.jpg,640,480,"clock,person",2,0.5288
422804,000000422804.jpg,640,480,"clock,person,tv",3,0.4258
22268,000000022268.jpg,640,480,"clock,tv",2,0.1602
276986,000000276986.jpg,640,480,couch,2,0.8745
18903,000000018903.jpg,640,480,"couch,laptop",3,0.6397
496517,000000496517.jpg,640,480,"couch,laptop,person",4,0.8593
506740,000000506740.jpg,640,540,"couch,person",3,0.7598
501294,000000501294.jpg,640,480,"couch,person,tv",3,0.2422
309580,000000309580.jpg,640,480,"couch,tv",3,0.3214
8196,000000008196.jpg,640,480,dining table,1,0.9651
3483,000000003483.jpg,640,482,"dining table,laptop",2,0.9539
356402,000000356402.jpg,640,480,"dining table,person",2,0.252
564990,000000564990.jpg,640,480,keyboard,1,0.5079
187939,000000187939.jpg,640,480,"keyboard,laptop",2,0.9343
408185,000000408185.jpg,640,480,"keyboard,laptop,mouse",4,0.4424
92344,000000092344.jpg,640,480,"keyboard,laptop,mouse,tv",4,0.4392
237423,000000237423.jpg,640,480,"keyboard,laptop,person",4,0.5929
330881,000000330881.jpg,640,480,"keyboard,laptop,tv",3,0.1798
466967,000000466967.jpg,640,509,"keyboard,mouse",2,0.7696
351479,000000351479.jpg,640,480,"keyboard,mouse,person",3,0.2512
195288,000000195288.jpg,480,640,"keyboard,mouse,person,tv",4,0.2828
70562,000000070562.jpg,640,480,"keyboard,mouse,tv",4,0.5738
357010,000000357010.jpg,480,640,"keyboard,person",2,0.7821
364244,000000364244.jpg,640,480,"keyboard,tv",3,0.4774
225537,000000225537.jpg,480,640,laptop,1,0.6364
536603,000000536603.jpg,640,480,"laptop,mouse",2,0.3398
420156,000000420156.jpg,576,640,"laptop,mouse,person",3,0.3498
356746,000000356746.jpg,640,480,"laptop,mouse,tv",3,0.3252
519588,000000519588.jpg,640,480,"laptop,person",2,0.745
301256,000000301256.jpg,480,640,"laptop,person,tv",3,0.6411
40842,000000040842.jpg,480,640,"laptop,tv",3,0.8875
357342,000000357342.jpg,640,481,mouse,3,0.0433
287239,000000287239.jpg,612,612,person,1,0.8438
38439,000000038439.jpg,640,480,"person,tv",4,1.0932
38896,000000038896.jpg,640,480,tv,1,0.9134
92032,000000092032.jpg,640,480,bed,2,0.9737
89109,000000089109.jpg,612,612,"bed,chair",3,0.8163
250164,000000250164.jpg,640,480,"bed,chair,couch",3,0.2391
30409,000000030409.jpg,640,480,"bed,chair,dining table",3,0.295
159856,000000159856.jpg,480,640,"bed,chair,person",3,0.5333
356665,000000356665.jpg,640,480,"bed,chair,tv",3,0.2175
413600,000000413600.jpg,640,480,"bed,clock",2,0.6409
379226,000000379226.jpg,480,640,"bed,couch",3,1.0667
394404,000000394404.jpg,640,480,"bed,couch,person",4,0.2785
517947,000000517947.jpg,640,480,"bed,keyboard,laptop,person",5,0.6637
569866,000000569866.jpg,640,480,"bed,laptop",2,0.8993
367977,000000367977.jpg,640,480,"bed,laptop,person",3,0.8513
404159,000000404159.jpg,640,480,"bed,person",2,1.0613
560726,000000560726.jpg,640,480,"bed,person,tv",3,0.3661
69653,000000069653.jpg,640,480,"bed,tv",2,0.4117
153561,000000153561.jpg,581,640,bench,1,0.8216
373312,000000373312.jpg,640,482,"bench,chair",3,0.547
561931,000000561931.jpg,640,484,"bench,chair,dining table",3,0.1357
14938,000000014938.jpg,640,480,"bench,chair,person",5,0.6513
24744,000000024744.jpg,640,640,"bench,clock",2,0.0344
323288,000000323288.jpg,640,480,"bench,clock,person",3,0.3239
39399,000000039399.jpg,640,547,"bench,dining table",3,0.1149
532976,000000532976.jpg,640,480,"bench,dining table,person",5,0.0301
464812,000000464812.jpg,640,513,"bench,person",4,0.6116
553850,000000553850.jpg,480,640,chair,2,0.9034
449270,000000449270.jpg,640,486,"chair,clock",2,0.0967
570848,000000570848.jpg,640,538,"chair,clock,person",5,0.2249
299647,000000299647.jpg,640,480,"chair,couch",3,1.1319
518025,000000518025.jpg,640,510,"chair,couch,person",4,0.4428
326968,000000326968.jpg,640,512,"chair,couch,tv",4,0.32
309852,000000309852.jpg,640,480,"chair,dining table",3,0.4622
106411,000000106411.jpg,640,480,"chair,dining table,laptop,person",5,0.1826
188865,000000188865.jpg,640,480,"chair,dining table,person",4,0.3956
356856,000000356856.jpg,640,480,"chair,keyboard,laptop,mouse,tv",5,0.2191
37479,000000037479.jpg,480,640,"chair,keyboard,mouse,tv",4,0.2468
5643,000000005643.jpg,640,480,"chair,keyboard,tv",4,0.0653
113021,000000113021.jpg,480,640,"chair,laptop",2,0.2259
436814,000000436814.jpg,640,480,"chair,laptop,mouse",3,0.1204
66376,000000066376.jpg,640,480,"chair,laptop,person",3,0.6502
331298,000000331298.jpg,640,480,"chair,laptop,person,tv",4,0.3314
437816,000000437816.jpg,640,480,"chair,person",4,0.7274
77553,000000077553.jpg,640,480,"chair,person,tv",3,0.4155
533942,000000533942.jpg,480,640,"chair,tv",2,0.2396
510781,000000510781.jpg,612,612,clock,2,0.8438
57750,000000057750.jpg,640,480,"clock,person",2,0.5275
361111,000000361111.jpg,640,480,"clock,person,tv",4,0.3118
580681,000000580681.jpg,640,480,"clock,tv",2,0.1249
411485,000000411485.jpg,640,480,couch,2,0.8355
434275,000000434275.jpg,612,612,"couch,laptop",3,0.426
488964,000000488964.jpg,480,640,"couch,laptop,person",4,0.8465
483425,000000483425.jpg,640,480,"couch,person",3,0.6813
311683,000000311683.jpg,640,615,"couch,person,tv",4,0.1875
355908,000000355908.jpg,480,640,"couch,tv",3,0.2632
312662,000000312662.jpg,640,480,dining table,2,0.9518
153520,000000153520.jpg,640,480,"dining table,person",3,0.2498
530064,000000530064.jpg,640,480,keyboard,1,0.4558
212292,000000212292.jpg,640,480,"keyboard,laptop",2,0.8854
92601,000000092601.jpg,640,480,"keyboard,laptop,mouse",3,0.4026
448580,000000448580.jpg,640,480,"keyboard,laptop,mouse,tv",4,0.4351
452327,000000452327.jpg,480,640,"keyboard,laptop,person",3,0.5758
416322,000000416322.jpg,640,480,"keyboard,mouse",2,0.7467
179770,000000179770.jpg,640,480,"keyboard,mouse,person",3,0.2338
375150,000000375150.jpg,640,590,"keyboard,mouse,person,tv",4,0.2764
576212,000000576212.jpg,640,480,"keyboard,mouse,tv",3,0.5621
130501,000000130501.jpg,480,640,"keyboard,person",2,0.6676
236596,000000236596.jpg,640,480,"keyboard,tv",2,0.4705
2244,000000002244.jpg,640,480,laptop,1,0.6024
341874,000000341874.jpg,640,480,"laptop,mouse",2,0.3171
426705,000000426705.jpg,500,500,"laptop,mouse,person",3,0.3327
491250,000000491250.jpg,640,480,"laptop,mouse,tv",4,0.2307
539694,000000539694.jpg,640,480,"laptop,person",2,0.7367
72396,000000072396.jpg,640,480,"laptop,person,tv",3,0.4983
362231,000000362231.jpg,513,640,"laptop,tv",3,0.8662
444799,000000444799.jpg,640,494,person,2,0.8428
114225,000000114225.jpg,640,480,"person,tv",2,1.072
392546,000000392546.jpg,640,480,tv,2,0.6693
400216,000000400216.jpg,640,480,bed,2,0.9698
133990,000000133990.jpg,480,640,"bed,chair",2,0.5687
287782,000000287782.jpg,640,480,"bed,chair,couch",3,0.1872
564330,000000564330.jpg,480,640,"bed,chair,dining table",5,0.2695
85183,000000085183.jpg,640,480,"bed,chair,person",3,0.4936
457037,000000457037.jpg,640,480,"bed,chair,tv",3,0.1815
526227,000000526227.jpg,480,640,"bed,clock",2,0.6244
228309,000000228309.jpg,640,480,"bed,couch",3,0.7912
554711,000000554711.jpg,480,640,"bed,keyboard,laptop,person",4,0.6366
63835,000000063835.jpg,640,480,"bed,laptop",2,0.8778
437452,000000437452.jpg,640,481,"bed,laptop,person",3,0.8167
253430,000000253430.jpg,640,480,"bed,person",2,1.0028
407607,000000407607.jpg,640,480,"bed,person,tv",3,0.3245
228043,000000228043.jpg,640,480,"bed,tv",2,0.2909
383662,000000383662.jpg,640,480,bench,2,0.8064
177468,000000177468.jpg,640,480,"bench,chair",3,0.4756
445371,000000445371.jpg,640,480,"bench,chair,dining table",5,0.1028
450175,000000450175.jpg,640,480,"bench,chair,person",6,0.555
65986,000000065986.jpg,640,640,"bench,clock",3,0.0309
382973,000000382973.jpg,612,612,"bench,clock,person",3,0.2569
370121,000000370121.jpg,640,480,"bench,dining table",2,0.0981
233005,000000233005.jpg,640,480,"bench,person",3,0.6029
463883,000000463883.jpg,501,640,chair,2,0.8889
246145,000000246145.jpg,480,640,"chair,clock",2,0.0808
284542,000000284542.jpg,640,536,"chair,clock,person",4,0.22
169634,000000169634.jpg,640,480,"chair,couch",3,1.0998
303607,000000303607.jpg,640,480,"chair,couch,person",3,0.3363
20038,000000020038.jpg,640,480,"chair,couch,tv",3,0.2901
439274,000000439274.jpg,640,482,"chair,dining table",3,0.4358
399165,000000399165.jpg,640,480,"chair,dining table,person",5,0.3237
142557,000000142557.jpg,640,480,"chair,keyboard,laptop,mouse,tv",5,0.2149
445127,000000445127.jpg,640,480,"chair,keyboard,mouse,tv",4,0.2445
576072,000000576072.jpg,640,480,"chair,laptop",3,0.2197
221095,000000221095.jpg,640,480,"chair,laptop,mouse",4,0.1039
429033,000000429033.jpg,480,640,"chair,laptop,person",3,0.6022
480591,000000480591.jpg,640,480,"chair,laptop,person,tv",4,0.2678
511869,000000511869.jpg,640,480,"chair,person",4,0.7104
168387,000000168387.jpg,640,480,"chair,person,tv",4,0.3903
171735,000000171735.jpg,480,640,"chair,tv",3,0.1583
86108,000000086108.jpg,640,640,clock,1,0.6875
267049,000000267049.jpg,640,480,"clock,person",2,0.5159
537291,000000537291.jpg,480,640,"clock,tv",3,0.084
482392,000000482392.jpg,640,480,couch,2,0.8223
54273,000000054273.jpg,526,640,"couch,laptop,person",3,0.8301
115721,000000115721.jpg,640,480,"couch,person",3,0.6356
228215,000000228215.jpg,480,640,"couch,tv",2,0.2372
39540,000000039540.jpg,612,612,dining table,1,0.9043
37174,000000037174.jpg,640,480,"dining table,person",3,0.218
544588,000000544588.jpg,640,480,keyboard,2,0.3439
405604,000000405604.jpg,640,480,"keyboard,laptop",2,0.6684
218494,000000218494.jpg,640,480,"keyboard,laptop,mouse",3,0.3804
375509,000000375509.jpg,640,480,"keyboard,laptop,mouse,tv",5,0.4285
534972,000000534972.jpg,640,480,"keyboard,laptop,person",4,0.5712
308536,000000308536.jpg,612,612,"keyboard,mouse",2,0.7081
423201,000000423201.jpg,640,480,"keyboard,mouse,person",4,0.1781
16082,000000016082.jpg,640,480,"keyboard,mouse,tv",3,0.5519
287741,000000287741.jpg,640,480,"keyboard,person",3,0.6527
80566,000000080566.jpg,640,640,"keyboard,tv",2,0.4697
390129,000000390129.jpg,612,612,laptop,2,0.5992
4575,000000004575.jpg,640,480,"laptop,mouse",2,0.3102
111807,000000111807.jpg,640,480,"laptop,mouse,tv",3,0.1855
120246,000000120246.jpg,640,480,"laptop,person",2,0.7323
476298,000000476298.jpg,612,612,"laptop,person,tv",3,0.3392
286368,000000286368.jpg,480,640,"laptop,tv",2,0.7696
538747,000000538747.jpg,500,487,person,4,0.8091
87518,000000087518.jpg,480,640,"person,tv",3,0.8123
268102,000000268102.jpg,612,612,tv,3,0.6398
354381,000000354381.jpg,640,640,bed,2,0.9688
80066,000000080066.jpg,640,480,"bed,chair",2,0.5579
574845,000000574845.jpg,640,480,"bed,chair,couch",3,0.1269
26928,000000026928.jpg,529,640,"bed,chair,dining table",3,0.26
37059,000000037059.jpg,640,480,"bed,chair,person",4,0.455
36741,000000036741.jpg,640,640,"bed,chair,tv",3,0.144
92017,000000092017.jpg,612,612,"bed,clock",2,0.6033
238138,000000238138.jpg,640,480,"bed,couch",2,0.4691
426421,000000426421.jpg,640,480,"bed,keyboard,laptop,person",4,0.2509
5617,000000005617.jpg,640,480,"bed,laptop",3,0.8072
369208,000000369208.jpg,612,612,"bed,laptop,person",4,0.8142
12741,000000012741.jpg,612,612,"bed,person",2,0.984
146850,000000146850.jpg,640,609,"bed,person,tv",3,0.3112
559090,000000559090.jpg,640,480,"bed,tv",2,0.2311
50972,000000050972.jpg,640,483,bench,2,0.763
147551,000000147551.jpg,640,480,"bench,chair",2,0.4231
196775,000000196775.jpg,480,640,"bench,chair,dining table",5,0.0674
505934,000000505934.jpg,640,480,"bench,chair,person",5,0.5438
183240,000000183240.jpg,640,480,"bench,clock,person",4,0.2306
491508,000000491508.jpg,640,480,"bench,dining table",2,0.0644
74183,000000074183.jpg,640,489,"bench,person",3,0.5915
576612,000000576612.jpg,480,640,chair,1,0.8311
342479,000000342479.jpg,480,640,"chair,clock",2,0.0771
197307,000000197307.jpg,640,480,"chair,clock,person",5,0.2001
201151,000000201151.jpg,480,640,"chair,couch",3,1.0558
160014,000000160014.jpg,640,481,"chair,couch,person",4,0.3103
136445,000000136445.jpg,640,480,"chair,couch,tv",3,0.2334
539584,000000539584.jpg,640,480,"chair,dining table",3,0.4108
456286,000000456286.jpg,640,480,"chair,dining table,person",4,0.3112
50099,000000050099.jpg,640,480,"chair,keyboard,laptop,mouse,tv",5,0.1859
292741,000000292741.jpg,640,480,"chair,keyboard,mouse,tv",4,0.212
470112,000000470112.jpg,640,480,"chair,laptop,mouse",3,0.1031
324924,000000324924.jpg,480,640,"chair,laptop,person",3,0.5691
347390,000000347390.jpg,640,480,"chair,laptop,person,tv",4,0.2451
473616,000000473616.jpg,640,480,"chair,person",4,0.6867
63959,000000063959.jpg,640,480,"chair,person,tv",3,0.385
390262,000000390262.jpg,640,480,"chair,tv",3,0.1548
240082,000000240082.jpg,609,640,clock,2,0.4444
307092,000000307092.jpg,480,640,"clock,person",2,0.505
62311,000000062311.jpg,640,480,"clock,tv",2,0.0622
1561,000000001561.jpg,640,480,couch,3,0.817
579466,000000579466.jpg,640,480,"couch,laptop,person",3,0.829
106525,000000106525.jpg,640,480,"couch,person",4,0.6217
87285,000000087285.jpg,640,480,"couch,tv",3,0.2214
313812,000000313812.jpg,640,480,dining table,1,0.6765
26780,000000026780.jpg,640,480,"dining table,person",3,0.1989
313603,000000313603.jpg,640,480,keyboard,1,0.3296
559618,000000559618.jpg,612,612,"keyboard,laptop",2,0.6276
463876,000000463876.jpg,480,640,"keyboard,laptop,mouse",3,0.3185
522405,000000522405.jpg,640,480,"keyboard,laptop,mouse,tv",5,0.3596
470386,000000470386.jpg,640,480,"keyboard,laptop,person",3,0.5246
142534,000000142534.jpg,640,640,"keyboard,mouse",2,0.6433
481370,000000481370.jpg,640,480,"keyboard,mouse,tv",3,0.5479
25174,000000025174.jpg,640,480,"keyboard,person",2,0.6196
399353,000000399353.jpg,640,480,"keyboard,tv",2,0.4195
37707,000000037707.jpg,640,480,laptop,2,0.5854
353206,000000353206.jpg,640,480,"laptop,mouse",2,0.2906
375484,000000375484.jpg,640,480,"laptop,mouse,tv",3,0.1738
156156,000000156156.jpg,640,480,"laptop,person",3,0.6836
549759,000000549759.jpg,640,480,"laptop,tv",2,0.6874
479948,000000479948.jpg,640,480,person,3,0.7989
122335,000000122335.jpg,640,482,"person,tv",2,0.6347
328858,000000328858.jpg,640,521,tv,2,0.6195
94021,000000094021.jpg,640,487,bed,2,0.9683
424192,000000424192.jpg,482,640,"bed,chair",4,0.5381
460915,000000460915.jpg,640,480,"bed,chair,dining table",3,0.1765
323862,000000323862.jpg,640,480,"bed,chair,person",3,0.4498
310670,000000310670.jpg,640,480,"bed,clock",2,0.5264
108836,000000108836.jpg,640,480,"bed,couch",2,0.4412
551031,000000551031.jpg,640,480,"bed,laptop",2,0.7988
265050,000000265050.jpg,640,499,"bed,laptop,person",3,0.7499
295550,000000295550.jpg,640,480,"bed,person",2,0.9712
509913,000000509913.jpg,480,640,"bed,person,tv",3,0.2981
76816,000000076816.jpg,640,484,"bed,tv",2,0.1798
539163,000000539163.jpg,640,486,bench,1,0.6823
182032,000000182032.jpg,640,632,"bench,chair",3,0.394
78986,000000078986.jpg,640,480,"bench,chair,person",5,0.5253
236222,000000236222.jpg,640,480,"bench,clock,person",5,0.0719
329421,000000329421.jpg,640,640,"bench,dining table",3,0.0303
309093,000000309093.jpg,640,480,"bench,person",2,0.5895
236824,000000236824.jpg,480,640,chair,2,0.806
475485,000000475485.jpg,640,480,"chair,clock",2,0.0599
575395,000000575395.jpg,480,640,"chair,clock,person",4,0.1895
301429,000000301429.jpg,640,481,"chair,couch",3,1.0313
58105,000000058105.jpg,640,480,"chair,couch,person",3,0.2405
230164,000000230164.jpg,640,480,"chair,couch,tv",3,0.2191
89835,000000089835.jpg,640,480,"chair,dining table",3,0.4031
450270,000000450270.jpg,480,640,"chair,dining table,person",4,0.3085
128607,000000128607.jpg,640,480,"chair,keyboard,laptop,mouse,tv",5,0.1379
66192,000000066192.jpg,640,480,"chair,keyboard,mouse,tv",4,0.185
160811,000000160811.jpg,640,480,"chair,laptop,mouse",3,0.0544
568155,000000568155.jpg,640,480,"chair,laptop,person",3,0.5619
423715,000000423715.jpg,640,480,"chair,person",3,0.6755
297171,000000297171.jpg,640,640,"chair,person,tv",3,0.2684
14108,000000014108.jpg,640,480,"chair,tv",3,0.131
410531,000000410531.jpg,640,480,clock,1,0.4156
581419,000000581419.jpg,612,612,"clock,person",2,0.4918
401112,000000401112.jpg,480,640,couch,2,0.8164
434580,000000434580.jpg,640,480,"couch,laptop,person",4,0.8119
327000,000000327000.jpg,640,480,"couch,person",3,0.6025
204690,000000204690.jpg,640,480,"couch,tv",3,0.1332
398434,000000398434.jpg,640,480,dining table,2,0.4961
321491,000000321491.jpg,480,640,"dining table,person",3,0.1501
21313,000000021313.jpg,640,480,keyboard,2,0.3274
462426,000000462426.jpg,640,480,"keyboard,laptop",2,0.6233
164751,000000164751.jpg,480,640,"keyboard,laptop,mouse",3,0.2681
481039,000000481039.jpg,640,480,"keyboard,laptop,mouse,tv",4,0.3286
411733,000000411733.jpg,612,612,"keyboard,laptop,person",3,0.5226
346386,000000346386.jpg,640,480,"keyboard,mouse",2,0.5861
405250,000000405250.jpg,640,536,"keyboard,mouse,tv",3,0.5446
527096,000000527096.jpg,640,480,"keyboard,person",2,0.6109
341584,000000341584.jpg,480,640,"keyboard,tv",3,0.4049
197458,000000197458.jpg,480,640,laptop,2,0.5582
408235,000000408235.jpg,640,480,"laptop,mouse",3,0.2336
449037,000000449037.jpg,640,480,"laptop,person",2,0.6788
167994,000000167994.jpg,640,480,"laptop,tv",2,0.621
366484,000000366484.jpg,480,640,person,3,0.7934
76762,000000076762.jpg,640,506,"person,tv",4,0.4831
358695,000000358695.jpg,640,480,tv,2,0.6065
11635,000000011635.jpg,640,480,bed,3,0.9584
217071,000000217071.jpg,640,480,"bed,chair",2,0.5011
331191,000000331191.jpg,640,480,"bed,chair,person",3,0.0388
88117,000000088117.jpg,640,480,"bed,clock",3,0.5217
364493,000000364493.jpg,640,480,"bed,couch",2,0.4005
423938,000000423938.jpg,640,480,"bed,laptop",3,0.7498
118542,000000118542.jpg,640,480,"bed,laptop,person",3,0.7114
128665,000000128665.jpg,612,612,"bed,person",2,0.9627
109106,000000109106.jpg,640,640,"bed,tv",3,0.1593
96983,000000096983.jpg,640,480,bench,2,0.6146
286877,000000286877.jpg,640,640,"bench,chair",3,0.3078
539180,000000539180.jpg,640,480,"bench,chair,person",5,0.5055
50514,000000050514.jpg,640,480,"bench,clock,person",4,0.0705
456127,000000456127.jpg,640,480,"bench,person",2,0.5699
429638,000000429638.jpg,640,480,chair,2,0.7655
437416,000000437416.jpg,640,480,"chair,clock",2,0.0564
10216,000000010216.jpg,640,480,"chair,clock,person",5,0.1767
111820,000000111820.jpg,640,480,"chair,couch",3,0.7854
195716,000000195716.jpg,640,631,"chair,couch,person",4,0.1563
358658,000000358658.jpg,640,480,"chair,couch,tv",3,0.2045
34824,000000034824.jpg,593,640,"chair,dining table",3,0.3718
315383,000000315383.jpg,640,513,"chair,dining table,person",5,0.3048
95828,000000095828.jpg,640,480,"chair,keyboard,laptop,mouse,tv",5,0.1048
487825,000000487825.jpg,640,480,"chair,keyboard,mouse,tv",4,0.1817
300330,000000300330.jpg,640,480,"chair,laptop,person",3,0.5331
264708,000000264708.jpg,640,480,"chair,person",3,0.6734
484938,000000484938.jpg,480,640,"chair,person,tv",4,0.2652
306466,000000306466.jpg,640,480,"chair,tv",2,0.095
488746,000000488746.jpg,640,554,clock,1,0.41
411587,000000411587.jpg,640,640,"clock,person",3,0.4302
538132,000000538132.jpg,640,549,couch,2,0.7983
359408,000000359408.jpg,640,480,"couch,laptop,person",3,0.7775
48126,000000048126.jpg,640,480,"couch,person",3,0.5912
204407,000000204407.jpg,640,480,"couch,tv",2,0.0767
329653,000000329653.jpg,640,544,dining table,1,0.4722
318778,000000318778.jpg,612,612,"dining table,person",3,0.0972
136807,000000136807.jpg,640,480,keyboard,1,0.2875
524286,000000524286.jpg,640,480,"keyboard,laptop",2,0.6052
553304,000000553304.jpg,640,480,"keyboard,laptop,mouse",3,0.2633
178192,000000178192.jpg,640,480,"keyboard,laptop,mouse,tv",4,0.2962
196608,000000196608.jpg,640,480,"keyboard,laptop,person",3,0.5075
371927,000000371927.jpg,640,480,"keyboard,mouse",2,0.4749
388566,000000388566.jpg,640,480,"keyboard,mouse,tv",3,0.505
505286,000000505286.jpg,640,495,"keyboard,person",3,0.3074
60792,000000060792.jpg,640,581,"keyboard,tv",3,0.3927
38616,000000038616.jpg,640,480,laptop,2,0.5329
88045,000000088045.jpg,480,640,"laptop,mouse",2,0.1888
149150,000000149150.jpg,640,480,"laptop,person",2,0.6777
454217,000000454217.jpg,640,480,"laptop,tv",3,0.5013
187795,000000187795.jpg,517,640,person,2,0.7889
53629,000000053629.jpg,640,480,"person,tv",3,0.4376
326761,000000326761.jpg,640,480,tv,2,0.5597
522441,000000522441.jpg,640,481,bed,2,0.9573
171374,000000171374.jpg,480,640,"bed,chair",3,0.493
535126,000000535126.jpg,480,640,"bed,clock",2,0.4918
396933,000000396933.jpg,640,518,"bed,couch",4,0.3921
36523,000000036523.jpg,640,504,"bed,laptop",3,0.7338
10560,000000010560.jpg,480,640,"bed,laptop,person",4,0.6929
252214,000000252214.jpg,612,612,"bed,person",2,0.9616
131638,000000131638.jpg,640,480,"bed,tv",2,0.0941
66505,000000066505.jpg,640,480,bench,1,0.5821
423039,000000423039.jpg,640,480,"bench,chair",3,0.1967
413955,000000413955.jpg,640,480,"bench,chair,person",5,0.4979
349512,000000349512.jpg,480,640,"bench,clock,person",3,0.037
91387,000000091387.jpg,640,622,"bench,person",3,0.5679
7150,000000007150.jpg,640,480,chair,1,0.7648
281502,000000281502.jpg,640,480,"chair,clock",2,0.0473
221609,000000221609.jpg,640,480,"chair,clock,person",5,0.1356
458092,000000458092.jpg,640,640,"chair,couch",3,0.6118
58351,000000058351.jpg,640,480,"chair,couch,person",4,0.1408
169250,000000169250.jpg,640,480,"chair,couch,tv",3,0.1741
344881,000000344881.jpg,640,480,"chair,dining table",3,0.3187
54427,000000054427.jpg,612,612,"chair,dining table,person",5,0.298
130518,000000130518.jpg,640,480,"chair,keyboard,mouse,tv",4,0.162
386527,000000386527.jpg,480,640,"chair,laptop,person",3,0.5242
336077,000000336077.jpg,640,480,"chair,person",4,0.6342
363286,000000363286.jpg,640,480,"chair,person,tv",4,0.2567
15073,000000015073.jpg,612,612,clock,1,0.4024
485131,000000485131.jpg,640,480,"clock,person",2,0.4288
29747,000000029747.jpg,640,480,couch,2,0.781
110562,000000110562.jpg,480,640,"couch,laptop,person",3,0.751
385168,000000385168.jpg,640,501,"couch,person",3,0.5798
82558,000000082558.jpg,480,640,"couch,tv",2,0.0466
159403,000000159403.jpg,640,511,dining table,2,0.3421
397325,000000397325.jpg,480,640,"dining table,person",5,0.0476
574388,000000574388.jpg,640,480,keyboard,2,0.267
344945,000000344945.jpg,509,640,"keyboard,laptop",2,0.5044
526467,000000526467.jpg,640,480,"keyboard,laptop,mouse",3,0.2057
568879,000000568879.jpg,640,480,"keyboard,laptop,mouse,tv",4,0.2162
9656,000000009656.jpg,640,480,"keyboard,laptop,person",3,0.4793
221040,000000221040.jpg,640,481,"keyboard,mouse",2,0.4681
361527,000000361527.jpg,640,480,"keyboard,mouse,tv",3,0.4979
496516,000000496516.jpg,612,612,"keyboard,tv",2,0.3826
515622,000000515622.jpg,612,612,laptop,2,0.5073
428214,000000428214.jpg,640,480,"laptop,mouse",3,0.1443
356702,000000356702.jpg,640,480,"laptop,person",2,0.6272
565042,000000565042.jpg,640,480,"laptop,tv",3,0.483
391603,000000391603.jpg,480,640,person,1,0.7629
150746,000000150746.jpg,640,480,"person,tv",3,0.4374
127573,000000127573.jpg,640,480,tv,2,0.5333
457146,000000457146.jpg,612,612,bed,1,0.9513
257853,000000257853.jpg,484,640,"bed,chair",2,0.4861
9857,000000009857.jpg,640,480,"bed,clock",2,0.4837
217766,000000217766.jpg,640,480,"bed,couch",2,0.3591
78188,000000078188.jpg,640,480,"bed,laptop",3,0.7334
77481,000000077481.jpg,640,480,"bed,laptop,person",3,0.5902
222260,000000222260.jpg,640,480,"bed,person",2,0.9596
300725,000000300725.jpg,640,480,bench,2,0.5794
308302,000000308302.jpg,480,640,"bench,chair",2,0.1935
140690,000000140690.jpg,640,480,"bench,chair,person",5,0.4824
385378,000000385378.jpg,640,480,"bench,clock,person",6,0.0349
482894,000000482894.jpg,480,640,"bench,person",2,0.5664
67122,000000067122.jpg,640,480,chair,2,0.7561
483695,000000483695.jpg,480,640,"chair,clock,person",3,0.1343
103940,000000103940.jpg,480,640,"chair,couch",3,0.53
549236,000000549236.jpg,640,480,"chair,couch,tv",4,0.128
513881,000000513881.jpg,640,582,"chair,dining table",3,0.2783
2664,000000002664.jpg,640,480,"chair,dining table,person",4,0.2889
51028,000000051028.jpg,640,480,"chair,keyboard,mouse,tv",4,0.1448
308145,000000308145.jpg,640,480,"chair,laptop,person",3,0.4844
448269,000000448269.jpg,640,480,"chair,person",4,0.6194
110437,000000110437.jpg,640,480,"chair,person,tv",3,0.2533
526756,000000526756.jpg,480,640,clock,2,0.3773
80082,000000080082.jpg,640,640,"clock,person",2,0.4187
223757,000000223757.jpg,640,480,couch,2,0.7301
223241,000000223241.jpg,480,640,"couch,laptop,person",3,0.7205
296205,000000296205.jpg,640,496,"couch,person",3,0.5214
340539,000000340539.jpg,640,480,"couch,tv",4,0.0456
391496,000000391496.jpg,640,480,dining table,2,0.3262
192114,000000192114.jpg,640,480,"dining table,person",4,0.034
497320,000000497320.jpg,640,480,keyboard,2,0.2604
164103,000000164103.jpg,640,480,"keyboard,laptop",2,0.4217
118302,000000118302.jpg,612,612,"keyboard,laptop,mouse,tv",4,0.2159
233706,000000233706.jpg,640,480,"keyboard,laptop,person",3,0.4775
297426,000000297426.jpg,640,640,"keyboard,mouse",2,0.4093
381261,000000381261.jpg,640,480,"keyboard,mouse,tv",3,0.4563
315860,000000315860.jpg,640,480,"keyboard,tv",3,0.3677
374333,000000374333.jpg,640,480,laptop,1,0.503
257196,000000257196.jpg,640,480,"laptop,mouse",2,0.1099
578572,000000578572.jpg,480,640,"laptop,person",2,0.6244
203248,000000203248.jpg,640,480,"laptop,tv",2,0.4516
14824,000000014824.jpg,512,640,person,2,0.7436
164924,000000164924.jpg,612,612,"person,tv",2,0.3878
403837,000000403837.jpg,640,480,tv,1,0.5156
97311,000000097311.jpg,640,480,bed,3,0.9419
145015,000000145015.jpg,480,640,"bed,chair",2,0.4689
250351,000000250351.jpg,612,612,"bed,clock",2,0.4738
511963,000000511963.jpg,640,581,"bed,couch",2,0.3205
382741,000000382741.jpg,640,480,"bed,laptop",2,0.7319
330868,000000330868.jpg,480,640,"bed,laptop,person",3,0.587
545409,000000545409.jpg,490,500,"bed,person",2,0.9413
220139,000000220139.jpg,612,612,bench,1,0.5707
368731,000000368731.jpg,640,480,"bench,chair",3,0.0924
384012,000000384012.jpg,640,512,"bench,chair,person",5,0.4786
276527,000000276527.jpg,480,640,"bench,clock,person",5,0.0344
227337,000000227337.jpg,640,498,"bench,person",2,0.5604
24299,000000024299.jpg,640,480,chair,2,0.7058
509483,000000509483.jpg,640,480,"chair,clock,person",5,0.1341
559277,000000559277.jpg,640,480,"chair,couch",3,0.4253
549942,000000549942.jpg,640,480,"chair,couch,tv",3,0.1145
442874,000000442874.jpg,640,480,"chair,dining table",3,0.1964
561101,000000561101.jpg,640,480,"chair,dining table,person",4,0.2024
272800,000000272800.jpg,640,480,"chair,keyboard,mouse,tv",4,0.0858
92835,000000092835.jpg,640,480,"chair,laptop,person",3,0.4609
323030,000000323030.jpg,640,480,"chair,person",3,0.6187
490105,000000490105.jpg,640,480,"chair,person,tv",4,0.1586
99927,000000099927.jpg,612,612,clock,2,0.3578
234743,000000234743.jpg,517,640,"clock,person",2,0.3952
132165,000000132165.jpg,640,480,couch,2,0.7037
20925,000000020925.jpg,640,480,"couch,laptop,person",3,0.6262
212893,000000212893.jpg,640,480,"couch,person",4,0.5163
193821,000000193821.jpg,640,480,dining table,2,0.3029
481425,000000481425.jpg,640,480,keyboard,1,0.2486
10907,000000010907.jpg,640,480,"keyboard,laptop",2,0.3919
503826,000000503826.jpg,640,480,"keyboard,laptop,mouse,tv",4,0.2113
437184,000000437184.jpg,640,480,"keyboard,laptop,person",4,0.434
369712,000000369712.jpg,640,480,"keyboard,mouse",2,0.3641
533511,000000533511.jpg,480,640,"keyboard,mouse,tv",3,0.4345
234430,000000234430.jpg,640,480,"keyboard,tv",2,0.3663
571886,000000571886.jpg,480,640,laptop,1,0.5015
464263,000000464263.jpg,640,480,"laptop,mouse",2,0.1051
172901,000000172901.jpg,640,480,"laptop,person",3,0.6157
570817,000000570817.jpg,612,612,"laptop,tv",2,0.3743
250113,000000250113.jpg,640,480,person,2,0.7326
444199,000000444199.jpg,640,480,"person,tv",6,0.338
186112,000000186112.jpg,640,480,tv,2,0.4843
281591,000000281591.jpg,612,612,bed,2,0.9355
116220,000000116220.jpg,640,480,"bed,chair",2,0.4688
20997,000000020997.jpg,640,480,"bed,clock",2,0.4685
434417,000000434417.jpg,640,480,"bed,couch",2,0.2955
313593,000000313593.jpg,640,480,"bed,laptop",3,0.6192
290689,000000290689.jpg,640,640,"bed,laptop,person",3,0.5855
100895,000000100895.jpg,612,612,"bed,person",2,0.9397
271943,000000271943.jpg,480,640,bench,2,0.559
41577,000000041577.jpg,480,640,"bench,chair,person",5,0.467
99354,000000099354.jpg,486,640,"bench,person",4,0.5577
94340,000000094340.jpg,480,640,chair,2,0.7011
344126,000000344126.jpg,640,480,"chair,clock,person",4,0.1171
467769,000000467769.jpg,640,480,"chair,couch",3,0.4078
166018,000000166018.jpg,640,480,"chair,couch,tv",3,0.114
8665,000000008665.jpg,640,480,"chair,dining table",3,0.1688
226825,000000226825.jpg,640,512,"chair,dining table,person",6,0.149
169095,000000169095.jpg,640,640,"chair,laptop,person",3,0.4424
73022,000000073022.jpg,640,480,"chair,person",4,0.6147
179441,000000179441.jpg,640,480,"chair,person,tv",4,0.1515
544815,000000544815.jpg,640,594,clock,1,0.3544
548136,000000548136.jpg,640,480,"clock,person",3,0.3892
481565,000000481565.jpg,640,480,couch,2,0.6931
455975,000000455975.jpg,640,480,"couch,laptop,person",3,0.6176
552641,000000552641.jpg,640,480,"couch,person",3,0.5035
168541,000000168541.jpg,640,480,dining table,2,0.2071
228318,000000228318.jpg,640,480,keyboard,2,0.2295
203778,000000203778.jpg,640,480,"keyboard,laptop",3,0.3769
308117,000000308117.jpg,640,480,"keyboard,laptop,mouse,tv",4,0.1978
183539,000000183539.jpg,640,480,"keyboard,laptop,person",3,0.3663
305422,000000305422.jpg,640,480,"keyboard,mouse",2,0.3606
549709,000000549709.jpg,480,640,"keyboard,mouse,tv",4,0.4254
350810,000000350810.jpg,640,480,"keyboard,tv",3,0.3625
279479,000000279479.jpg,640,481,laptop,2,0.4783
310958,000000310958.jpg,640,480,"laptop,mouse",3,0.0354
157063,000000157063.jpg,640,480,"laptop,person",2,0.6141
358378,000000358378.jpg,480,640,"laptop,tv",3,0.3012
106820,000000106820.jpg,480,640,person,2,0.7205
62652,000000062652.jpg,596,640,"person,tv",3,0.3329
378428,000000378428.jpg,640,480,tv,2,0.4797
340547,000000340547.jpg,640,480,bed,2,0.9322
441072,000000441072.jpg,640,480,"bed,chair",2,0.4655
435994,000000435994.jpg,640,480,"bed,clock",2,0.444
557254,000000557254.jpg,640,640,"bed,couch",3,0.2651
45197,000000045197.jpg,640,480,"bed,laptop",3,0.588
270406,000000270406.jpg,640,480,"bed,laptop,person",3,0.5764
454478,000000454478.jpg,640,480,"bed,person",2,0.9385
103274,000000103274.jpg,491,500,bench,2,0.5499
272538,000000272538.jpg,640,480,"bench,chair,person",5,0.4663
212271,000000212271.jpg,612,612,"bench,person",2,0.545
414487,000000414487.jpg,494,500,chair,2,0.6921
9175,000000009175.jpg,640,480,"chair,clock,person",4,0.0829
358976,000000358976.jpg,640,480,"chair,couch",3,0.391
443240,000000443240.jpg,640,480,"chair,couch,tv",3,0.0995
133831,000000133831.jpg,640,480,"chair,dining table",3,0.153
38259,000000038259.jpg,608,640,"chair,dining table,person",4,0.1449
318785,000000318785.jpg,480,640,"chair,laptop,person",3,0.3822
241723,000000241723.jpg,480,640,"chair,person",2,0.6047
187728,000000187728.jpg,640,480,clock,1,0.349
28588,000000028588.jpg,480,640,"clock,person",2,0.389
155199,000000155199.jpg,480,640,couch,2,0.628
425742,000000425742.jpg,640,480,"couch,laptop,person",3,0.4693
567346,000000567346.jpg,640,480,"couch,person",3,0.4948
543980,000000543980.jpg,480,640,dining table,2,0.162
299417,000000299417.jpg,552,640,keyboard,1,0.1844
474446,000000474446.jpg,640,480,"keyboard,laptop",3,0.1776
326313,000000326313.jpg,640,480,"keyboard,laptop,mouse,tv",5,0.185
329667,000000329667.jpg,640,480,"keyboard,laptop,person",3,0.1097
191444,000000191444.jpg,640,480,"keyboard,mouse",2,0.358
6428,000000006428.jpg,480,640,"keyboard,mouse,tv",3,0.4023
464845,000000464845.jpg,640,480,"keyboard,tv",3,0.3395
65333,000000065333.jpg,640,480,laptop,1,0.4583
272235,000000272235.jpg,640,480,"laptop,person",2,0.5911
364738,000000364738.jpg,640,480,"laptop,tv",2,0.2484
138401,000000138401.jpg,640,575,person,3,0.7095
409707,000000409707.jpg,640,480,"person,tv",3,0.329
550118,000000550118.jpg,640,480,tv,1,0.4484
1085,000000001085.jpg,640,480,bed,2,0.9247
567145,000000567145.jpg,612,612,"bed,chair",2,0.444
397181,000000397181.jpg,640,480,"bed,clock",2,0.4298
251135,000000251135.jpg,480,640,"bed,couch",3,0.2564
353594,000000353594.jpg,487,500,"bed,laptop",3,0.5563
369167,000000369167.jpg,480,640,"bed,laptop,person",3,0.5331
298300,000000298300.jpg,640,480,"bed,person",2,0.9201
457337,000000457337.jpg,640,480,bench,2,0.5185
500941,000000500941.jpg,640,503,"bench,chair,person",5,0.4355
452767,000000452767.jpg,501,640,"bench,person",3,0.5336
511070,000000511070.jpg,640,480,chair,2,0.6916
210071,000000210071.jpg,480,640,"chair,clock,person",3,0.0815
483130,000000483130.jpg,640,480,"chair,couch",3,0.3711
69077,000000069077.jpg,640,512,"chair,dining table",3,0.1382
33044,000000033044.jpg,480,640,"chair,dining table,person",4,0.1368
186962,000000186962.jpg,543,640,"chair,laptop,person",3,0.2211
155941,000000155941.jpg,640,480,"chair,person",4,0.5961
398895,000000398895.jpg,640,561,clock,1,0.3468
489829,000000489829.jpg,612,612,"clock,person",2,0.3636
389541,000000389541.jpg,640,480,couch,2,0.6094
90659,000000090659.jpg,640,480,"couch,laptop,person",4,0.3701
393909,000000393909.jpg,640,480,"couch,person",3,0.4751
300388,000000300388.jpg,480,640,dining table,1,0.1407
407027,000000407027.jpg,640,480,keyboard,2,0.1814
427251,000000427251.jpg,640,480,"keyboard,laptop",3,0.1215
221605,000000221605.jpg,640,480,"keyboard,laptop,mouse,tv",4,0.1778
46731,000000046731.jpg,640,480,"keyboard,mouse",2,0.3547
290532,000000290532.jpg,480,640,"keyboard,mouse,tv",3,0.3956
142890,000000142890.jpg,640,480,"keyboard,tv",3,0.308
558317,000000558317.jpg,640,480,laptop,2,0.4447
526904,000000526904.jpg,640,480,"laptop,person",3,0.5591
284867,000000284867.jpg,640,480,"laptop,tv",2,0.163
225402,000000225402.jpg,480,640,person,4,0.7023
570709,000000570709.jpg,640,480,"person,tv",2,0.3191
78107,000000078107.jpg,640,480,tv,2,0.4406
507384,000000507384.jpg,640,640,bed,2,0.9231
452650,000000452650.jpg,640,480,"bed,chair",2,0.4395
9199,000000009199.jpg,640,480,"bed,clock",2,0.4089
122787,000000122787.jpg,640,480,"bed,couch",2,0.1853
262576,000000262576.jpg,640,480,"bed,laptop",2,0.5195
308883,000000308883.jpg,640,640,"bed,laptop,person",3,0.347
237241,000000237241.jpg,640,480,"bed,person",2,0.8969
67106,000000067106.jpg,640,480,bench,2,0.5018
308963,000000308963.jpg,640,480,"bench,chair,person",5,0.3921
549988,000000549988.jpg,640,480,"bench,person",2,0.5334
70441,000000070441.jpg,640,480,chair,2,0.6672
265971,000000265971.jpg,640,480,"chair,clock,person",5,0.0739
290659,000000290659.jpg,640,519,"chair,couch",3,0.3657
561789,000000561789.jpg,500,500,"chair,dining table",4,0.0343
542048,000000542048.jpg,640,480,"chair,dining table,person",4,0.1268
345142,000000345142.jpg,640,480,"chair,laptop,person",5,0.1807
325487,000000325487.jpg,640,480,"chair,person",4,0.5908
125886,000000125886.jpg,480,640,clock,1,0.34
238448,000000238448.jpg,612,612,"clock,person",2,0.3596
389673,000000389673.jpg,640,480,couch,2,0.6041
542165,000000542165.jpg,640,480,"couch,laptop,person",4,0.2987
45771,000000045771.jpg,640,640,"couch,person",3,0.4404
266504,000000266504.jpg,640,480,dining table,2,0.1359
241027,000000241027.jpg,612,612,keyboard,2,0.1613
536514,000000536514.jpg,640,480,"keyboard,laptop,mouse,tv",4,0.1542
183080,000000183080.jpg,640,480,"keyboard,mouse",2,0.3182
89359,000000089359.jpg,640,480,"keyboard,mouse,tv",3,0.3733
221763,000000221763.jpg,640,480,"keyboard,tv",3,0.2473
163185,000000163185.jpg,640,480,laptop,1,0.4208
344154,000000344154.jpg,640,480,"laptop,person",3,0.5581
577934,000000577934.jpg,640,480,"laptop,tv",2,0.1145
215987,000000215987.jpg,589,640,person,2,0.6988
427344,000000427344.jpg,640,480,"person,tv",4,0.3028
321736,000000321736.jpg,640,480,tv,2,0.3392
411738,000000411738.jpg,640,480,bed,2,0.9227
469191,000000469191.jpg,640,480,"bed,chair",2,0.4371
103017,000000103017.jpg,640,639,"bed,clock",2,0.3902
306554,000000306554.jpg,640,480,"bed,couch",3,0.1766
550690,000000550690.jpg,640,480,"bed,laptop",3,0.5141
297730,000000297730.jpg,640,480,"bed,laptop,person",3,0.3344
394349,000000394349.jpg,640,589,"bed,person",3,0.8833
472585,000000472585.jpg,640,480,bench,2,0.499
274232,000000274232.jpg,640,584,"bench,chair,person",4,0.3774
355183,000000355183.jpg,640,480,"bench,person",4,0.524
237515,000000237515.jpg,619,640,chair,2,0.6425
377195,000000377195.jpg,640,480,"chair,clock,person",5,0.0558
62850,000000062850.jpg,482,640,"chair,couch",3,0.3265
515020,000000515020.jpg,640,480,"chair,dining table,person",4,0.1032
19450,000000019450.jpg,640,480,"chair,person",3,0.5863
285740,000000285740.jpg,640,640,clock,1,0.3351
464781,000000464781.jpg,640,480,"clock,person",2,0.3323
454601,000000454601.jpg,480,640,couch,2,0.5957
11696,000000011696.jpg,640,480,"couch,laptop,person",4,0.2301
337255,000000337255.jpg,640,480,"couch,person",3,0.4346
174527,000000174527.jpg,640,480,dining table,3,0.1046
322870,000000322870.jpg,640,480,keyboard,2,0.1548
35423,000000035423.jpg,480,640,"keyboard,laptop,mouse,tv",4,0.0971
167581,000000167581.jpg,640,480,"keyboard,mouse",2,0.301
264888,000000264888.jpg,640,480,"keyboard,mouse,tv",3,0.3533
219063,000000219063.jpg,640,480,"keyboard,tv",3,0.1876
453538,000000453538.jpg,640,480,laptop,2,0.3941
225721,000000225721.jpg,612,612,"laptop,person",2,0.5481
101414,000000101414.jpg,640,512,person,1,0.6898
525622,000000525622.jpg,640,480,"person,tv",2,0.2799
330500,000000330500.jpg,640,480,tv,2,0.3284
310058,000000310058.jpg,640,480,bed,2,0.9219
264532,000000264532.jpg,640,510,"bed,chair",2,0.4224
225617,000000225617.jpg,640,480,"bed,clock",2,0.3591
483028,000000483028.jpg,640,480,"bed,couch",2,0.1757
104403,000000104403.jpg,640,480,"bed,laptop",3,0.5134
129068,000000129068.jpg,640,480,"bed,laptop,person",4,0.2894
291257,000000291257.jpg,640,480,"bed,person",4,0.8539
338242,000000338242.jpg,640,480,bench,2,0.4944
36748,000000036748.jpg,640,543,"bench,chair,person",4,0.3705
220115,000000220115.jpg,640,480,"bench,person",4,0.5232
8559,000000008559.jpg,640,480,chair,2,0.6091
501982,000000501982.jpg,640,480,"chair,clock,person",5,0.0405
358836,000000358836.jpg,640,480,"chair,couch",2,0.3249
190218,000000190218.jpg,640,480,"chair,dining table,person",4,0.0909
67969,000000067969.jpg,496,640,"chair,person",3,0.5763
395210,000000395210.jpg,640,480,clock,1,0.3246
81065,000000081065.jpg,640,480,"clock,person",3,0.3224
268726,000000268726.jpg,640,503,couch,2,0.5695
561116,000000561116.jpg,640,480,"couch,person",3,0.4305
361755,000000361755.jpg,612,612,dining table,1,0.0411
99407,000000099407.jpg,640,480,keyboard,2,0.1266
326854,000000326854.jpg,640,480,"keyboard,laptop,mouse,tv",4,0.0359
308825,000000308825.jpg,640,480,"keyboard,mouse",2,0.2869
455020,000000455020.jpg,640,480,"keyboard,mouse,tv",3,0.3325
128405,000000128405.jpg,640,480,"keyboard,tv",3,0.1629
26359,000000026359.jpg,640,480,laptop,2,0.3755
513274,000000513274.jpg,640,480,"laptop,person",2,0.5345
532719,000000532719.jpg,640,536,person,3,0.6797
280951,000000280951.jpg,640,480,"person,tv",2,0.2744
461998,000000461998.jpg,640,480,tv,2,0.3071
518818,000000518818.jpg,480,640,bed,1,0.9075
413702,000000413702.jpg,480,640,"bed,chair",2,0.4147
308674,000000308674.jpg,640,480,"bed,clock",2,0.3331
179951,000000179951.jpg,529,640,"bed,couch",2,0.1748
235722,000000235722.jpg,480,640,"bed,laptop",2,0.4898
35979,000000035979.jpg,640,484,"bed,laptop,person",3,0.167
273279,000000273279.jpg,640,596,"bed,person",2,0.8534
564371,000000564371.jpg,640,480,bench,2,0.4751
418087,000000418087.jpg,640,480,"bench,chair,person",6,0.3662
359707,000000359707.jpg,640,511,"bench,person",3,0.52
46905,000000046905.jpg,640,521,chair,4,0.5945
358293,000000358293.jpg,640,480,"chair,clock,person",5,0.0318
403798,000000403798.jpg,640,480,"chair,couch",3,0.294
455427,000000455427.jpg,500,480,"chair,dining table,person",4,0.0812
259464,000000259464.jpg,640,480,"chair,person",3,0.5736
6211,000000006211.jpg,640,640,clock,1,0.324
42711,000000042711.jpg,612,612,"clock,person",2,0.3203
329528,000000329528.jpg,640,480,couch,2,0.5689
36439,000000036439.jpg,640,480,"couch,person",3,0.3666
186442,000000186442.jpg,640,480,keyboard,2,0.1167
319315,000000319315.jpg,640,480,"keyboard,mouse",2,0.2852
112989,000000112989.jpg,640,480,"keyboard,mouse,tv",3,0.3191
311395,000000311395.jpg,480,640,"keyboard,tv",2,0.1611
230867,000000230867.jpg,640,480,laptop,2,0.367
159971,000000159971.jpg,640,480,"laptop,person",2,0.5296
322503,000000322503.jpg,480,640,person,2,0.6778
313696,000000313696.jpg,640,480,"person,tv",2,0.2502
126145,000000126145.jpg,640,540,tv,2,0.3045
407112,000000407112.jpg,640,480,bed,2,0.9074
379399,000000379399.jpg,480,640,"bed,chair",2,0.4058
427842,000000427842.jpg,480,640,"bed,clock",2,0.2619
533218,000000533218.jpg,640,529,"bed,couch",2,0.1452
178798,000000178798.jpg,640,480,"bed,laptop",3,0.4407
521355,000000521355.jpg,640,640,"bed,person",3,0.844
171809,000000171809.jpg,640,480,bench,3,0.4706
351130,000000351130.jpg,640,480,"bench,chair,person",5,0.3648
286698,000000286698.jpg,564,640,"bench,person",3,0.5197
281598,000000281598.jpg,491,640,chair,2,0.538
28874,000000028874.jpg,640,480,"chair,couch",3,0.2568
359048,000000359048.jpg,640,480,"chair,dining table,person",4,0.0749
470541,000000470541.jpg,612,612,"chair,person",2,0.5708
20281,000000020281.jpg,640,501,clock,1,0.3009
327088,000000327088.jpg,640,480,"clock,person",3,0.3041
89973,000000089973.jpg,612,612,couch,2,0.5585
332722,000000332722.jpg,640,480,"couch,person",3,0.3638
426842,000000426842.jpg,612,612,keyboard,2,0.087
291245,000000291245.jpg,640,480,"keyboard,mouse",2,0.277
557678,000000557678.jpg,640,480,"keyboard,mouse,tv",3,0.3062
234603,000000234603.jpg,640,480,"keyboard,tv",2,0.0632
283456,000000283456.jpg,612,612,laptop,2,0.3561
259408,000000259408.jpg,640,480,"laptop,person",2,0.5272
215353,000000215353.jpg,640,480,person,2,0.6727
178572,000000178572.jpg,640,501,"person,tv",3,0.2428
107436,000000107436.jpg,579,640,tv,2,0.2945
268518,000000268518.jpg,640,512,bed,2,0.8902
400536,000000400536.jpg,640,480,"bed,chair",2,0.3924
32779,000000032779.jpg,480,640,"bed,clock",2,0.1956
503697,000000503697.jpg,640,480,"bed,couch",2,0.0356
171435,000000171435.jpg,640,480,"bed,laptop",3,0.4094
12085,000000012085.jpg,640,480,"bed,person",3,0.829
133707,000000133707.jpg,640,513,bench,2,0.469
278055,000000278055.jpg,640,480,"bench,chair,person",4,0.3416
377777,000000377777.jpg,570,640,"bench,person",2,0.5148
374376,000000374376.jpg,640,480,chair,2,0.5302
139915,000000139915.jpg,640,480,"chair,couch",3,0.2373
528257,000000528257.jpg,640,480,"chair,dining table,person",4,0.0676
185209,000000185209.jpg,480,640,"chair,person",2,0.562
114119,000000114119.jpg,498,635,clock,2,0.3007
397064,000000397064.jpg,640,480,"clock,person",3,0.2883
194030,000000194030.jpg,484,640,couch,2,0.5432
196623,000000196623.jpg,640,480,"couch,person",3,0.3495
514125,000000514125.jpg,640,480,keyboard,2,0.0706
499958,000000499958.jpg,640,480,"keyboard,mouse",2,0.263
343552,000000343552.jpg,640,480,"keyboard,mouse,tv",4,0.305
506429,000000506429.jpg,640,481,laptop,2,0.3531
53532,000000053532.jpg,480,640,"laptop,person",2,0.514
453541,000000453541.jpg,640,480,person,3,0.6723
495592,000000495592.jpg,640,480,"person,tv",3,0.2343
477758,000000477758.jpg,640,493,tv,2,0.2907
539971,000000539971.jpg,640,480,bed,2,0.8853
393950,000000393950.jpg,500,500,"bed,chair",2,0.3813
412326,000000412326.jpg,480,640,"bed,clock",2,0.184
282994,000000282994.jpg,480,640,"bed,laptop",2,0.3919
218099,000000218099.jpg,612,612,"bed,person",2,0.8233
540863,000000540863.jpg,640,480,bench,1,0.4486
432873,000000432873.jpg,640,480,"bench,chair,person",5,0.3406
515226,000000515226.jpg,640,480,"bench,person",3,0.5101
548725,000000548725.jpg,640,480,chair,2,0.5244
456788,000000456788.jpg,640,480,"chair,couch",3,0.2058
108425,000000108425.jpg,640,480,"chair,dining table,person",4,0.0581
193480,000000193480.jpg,640,554,"chair,person",4,0.553
36110,000000036110.jpg,640,640,clock,1,0.2916
503714,000000503714.jpg,500,500,"clock,person",2,0.283
540452,000000540452.jpg,480,640,couch,2,0.5312
361994,000000361994.jpg,480,640,"couch,person",3,0.3049
564273,000000564273.jpg,640,480,keyboard,2,0.0304
403577,000000403577.jpg,640,480,"keyboard,mouse",3,0.2598
10083,000000010083.jpg,640,480,"keyboard,mouse,tv",3,0.2986
123413,000000123413.jpg,640,480,laptop,2,0.3464
20279,000000020279.jpg,640,480,"laptop,person",3,0.5083
37140,000000037140.jpg,612,612,person,2,0.6691
427117,000000427117.jpg,480,640,"person,tv",3,0.2289
304819,000000304819.jpg,640,480,tv,2,0.2899
433202,000000433202.jpg,640,515,bed,2,0.8745
499930,000000499930.jpg,640,480,"bed,chair",3,0.3766
563334,000000563334.jpg,640,480,"bed,clock",2,0.1648
216837,000000216837.jpg,507,640,"bed,laptop",2,0.3373
303047,000000303047.jpg,640,480,"bed,person",2,0.8211
350133,000000350133.jpg,640,513,bench,2,0.446
442277,000000442277.jpg,640,480,"bench,chair,person",5,0.2754
187496,000000187496.jpg,612,612,"bench,person",2,0.5075
15355,000000015355.jpg,480,640,chair,2,0.5187
365352,000000365352.jpg,640,480,"chair,couch",2,0.1895
371608,000000371608.jpg,640,480,"chair,dining table,person",4,0.0484
372045,000000372045.jpg,480,640,"chair,person",4,0.5526
315593,000000315593.jpg,640,480,clock,1,0.2837
303408,000000303408.jpg,480,640,"clock,person",3,0.2806
383448,000000383448.jpg,640,480,couch,2,0.5253
237897,000000237897.jpg,640,480,"couch,person",3,0.2793
144163,000000144163.jpg,640,480,"keyboard,mouse",2,0.2117
34196,000000034196.jpg,640,480,"keyboard,mouse,tv",3,0.291
128429,000000128429.jpg,640,480,laptop,2,0.3176
388381,000000388381.jpg,583,640,"laptop,person",2,0.5042
498535,000000498535.jpg,506,640,person,2,0.6636
420681,000000420681.jpg,480,640,"person,tv",2,0.2238
423717,000000423717.jpg,500,499,tv,2,0.2864
284605,000000284605.jpg,640,480,bed,2,0.8732
208688,000000208688.jpg,640,480,"bed,chair",2,0.3487
11506,000000011506.jpg,480,640,"bed,clock",2,0.1106
556983,000000556983.jpg,640,480,"bed,laptop",3,0.2155
313811,000000313811.jpg,640,480,"bed,person",2,0.8171
396294,000000396294.jpg,640,489,bench,1,0.444
500603,000000500603.jpg,640,509,"bench,chair,person",5,0.2669
580847,000000580847.jpg,640,567,"bench,person",3,0.4995
516726,000000516726.jpg,640,480,chair,2,0.508
191363,000000191363.jpg,640,480,"chair,couch",2,0.1894
40910,000000040910.jpg,480,640,"chair,dining table,person",4,0.0411
491282,000000491282.jpg,640,480,"chair,person",2,0.5446
231320,000000231320.jpg,612,612,clock,1,0.2832
169243,000000169243.jpg,480,640,"clock,person",2,0.2735
294133,000000294133.jpg,486,640,couch,2,0.5202
465225,000000465225.jpg,640,512,"couch,person",3,0.2484
469924,000000469924.jpg,640,480,"keyboard,mouse",2,0.0924
214990,000000214990.jpg,640,480,"keyboard,mouse,tv",3,0.2886
68136,000000068136.jpg,640,480,laptop,2,0.3169
281650,000000281650.jpg,640,480,"laptop,person",2,0.4896
346521,000000346521.jpg,640,515,person,2,0.6631
24247,000000024247.jpg,480,640,"person,tv",3,0.1882
563869,000000563869.jpg,640,480,tv,2,0.2836
335589,000000335589.jpg,640,640,bed,1,0.8698
478016,000000478016.jpg,480,640,"bed,chair",2,0.3366
373034,000000373034.jpg,640,480,"bed,person",2,0.8021
540988,000000540988.jpg,640,480,bench,1,0.4335
554541,000000554541.jpg,640,480,"bench,chair,person",4,0.2581
405873,000000405873.jpg,538,640,"bench,person",2,0.4869
304760,000000304760.jpg,640,480,chair,2,0.5055
52518,000000052518.jpg,640,480,"chair,couch",2,0.1469
109338,000000109338.jpg,640,480,"chair,dining table,person",5,0.0302
265114,000000265114.jpg,640,480,"chair,person",2,0.5361
157176,000000157176.jpg,640,480,clock,1,0.2646
204759,000000204759.jpg,640,480,"clock,person",3,0.2414
510383,000000510383.jpg,481,640,couch,2,0.5162
241851,000000241851.jpg,640,480,"couch,person",2,0.2479
468773,000000468773.jpg,480,640,"keyboard,mouse",3,0.0346
400166,000000400166.jpg,640,480,"keyboard,mouse,tv",3,0.2882
178924,000000178924.jpg,640,480,laptop,1,0.3041
288018,000000288018.jpg,480,640,"laptop,person",2,0.4612
478675,000000478675.jpg,480,640,person,2,0.6631
281583,000000281583.jpg,640,480,"person,tv",2,0.1871
316804,000000316804.jpg,640,480,tv,2,0.2661
337338,000000337338.jpg,480,640,bed,1,0.8547
384337,000000384337.jpg,640,480,"bed,chair",2,0.3242
50414,000000050414.jpg,640,480,"bed,person",2,0.7895
367120,000000367120.jpg,640,480,bench,2,0.4314
54163,000000054163.jpg,640,480,"bench,chair,person",5,0.2361
46331,000000046331.jpg,640,512,"bench,person",4,0.4825
172751,000000172751.jpg,512,640,chair,2,0.4624
554618,000000554618.jpg,640,480,"chair,couch",2,0.0976
422520,000000422520.jpg,480,640,"chair,person",3,0.53
458568,000000458568.jpg,640,480,clock,1,0.2646
378657,000000378657.jpg,480,640,"clock,person",2,0.2379
535809,000000535809.jpg,640,480,couch,2,0.5149
184209,000000184209.jpg,640,480,"couch,person",4,0.2388
549711,000000549711.jpg,640,480,"keyboard,mouse,tv",3,0.2849
333758,000000333758.jpg,480,640,laptop,2,0.2988
275325,000000275325.jpg,480,640,"laptop,person",3,0.4439
62896,000000062896.jpg,480,542,person,2,0.6566
191842,000000191842.jpg,640,480,"person,tv",2,0.1629
539101,000000539101.jpg,480,640,tv,2,0.2407
217519,000000217519.jpg,612,612,bed,2,0.8474
182527,000000182527.jpg,640,480,"bed,chair",2,0.3181
39022,000000039022.jpg,480,640,"bed,person",2,0.7882
565951,000000565951.jpg,480,640,bench,2,0.4314
380395,000000380395.jpg,569,640,"bench,chair,person",4,0.2221
373645,000000373645.jpg,640,480,"bench,person",2,0.4813
437231,000000437231.jpg,612,612,chair,2,0.4436
245682,000000245682.jpg,640,480,"chair,couch",2,0.0514
119192,000000119192.jpg,640,480,"chair,person",4,0.5297
510757,000000510757.jpg,640,512,clock,1,0.2634
256301,000000256301.jpg,640,480,"clock,person",2,0.2254
446626,000000446626.jpg,640,480,couch,2,0.5078
460495,000000460495.jpg,640,480,"couch,person",3,0.201
396178,000000396178.jpg,640,480,"keyboard,mouse,tv",3,0.2839
501126,000000501126.jpg,480,640,laptop,2,0.2972
432906,000000432906.jpg,640,480,"laptop,person",3,0.4397
56892,000000056892.jpg,512,640,person,2,0.6562
473549,000000473549.jpg,640,480,"person,tv",3,0.0892
182098,000000182098.jpg,640,480,tv,2,0.2335
70746,000000070746.jpg,640,480,bed,2,0.8397
499636,000000499636.jpg,640,480,"bed,chair",2,0.3144
206107,000000206107.jpg,612,612,"bed,person",2,0.7849
481911,000000481911.jpg,640,480,bench,2,0.4231
134479,000000134479.jpg,598,640,"bench,chair,person",5,0.2204
167450,000000167450.jpg,640,480,"bench,person",3,0.4793
317781,000000317781.jpg,568,640,chair,2,0.4333
439926,000000439926.jpg,640,565,"chair,person",3,0.5162
79949,000000079949.jpg,640,480,clock,1,0.2628
411557,000000411557.jpg,640,519,"clock,person",3,0.2209
20221,000000020221.jpg,640,480,couch,2,0.5056
138567,000000138567.jpg,640,640,"couch,person",3,0.1958
405188,000000405188.jpg,640,480,"keyboard,mouse,tv",3,0.2812
320649,000000320649.jpg,640,480,laptop,2,0.2967
530658,000000530658.jpg,640,480,"laptop,person",3,0.4222
470021,000000470021.jpg,503,640,person,1,0.6536
109851,000000109851.jpg,480,640,"person,tv",2,0.0751
387000,000000387000.jpg,640,480,tv,2,0.2238
338882,000000338882.jpg,640,480,bed,2,0.8365
108582,000000108582.jpg,640,480,"bed,chair",2,0.305
366373,000000366373.jpg,640,480,"bed,person",2,0.784
383026,000000383026.jpg,640,480,bench,1,0.4174
89350,000000089350.jpg,640,640,"bench,chair,person",5,0.2086
293315,000000293315.jpg,640,480,"bench,person",2,0.4761
178178,000000178178.jpg,640,480,chair,2,0.4315
572499,000000572499.jpg,640,480,"chair,person",3,0.5112
43392,000000043392.jpg,480,640,clock,1,0.2486
261189,000000261189.jpg,480,640,"clock,person",3,0.2144
209903,000000209903.jpg,640,480,couch,2,0.5027
331250,000000331250.jpg,612,612,"couch,person",3,0.1881
45721,000000045721.jpg,640,480,"keyboard,mouse,tv",4,0.2769
199570,000000199570.jpg,480,640,laptop,2,0.2866
224670,000000224670.jpg,640,480,"laptop,person",3,0.4149
66944,000000066944.jpg,536,640,person,2,0.6491
446514,000000446514.jpg,480,640,"person,tv",4,0.0628
215383,000000215383.jpg,640,480,tv,1,0.2147
40583,000000040583.jpg,640,480,bed,2,0.8354
374033,000000374033.jpg,480,640,"bed,chair",2,0.2919
30973,000000030973.jpg,480,640,"bed,person",2,0.7698
496093,000000496093.jpg,640,483,bench,1,0.4123
462509,000000462509.jpg,640,480,"bench,chair,person",5,0.2075
547509,000000547509.jpg,640,480,"bench,person",3,0.4757
125690,000000125690.jpg,484,640,chair,2,0.4301
350513,000000350513.jpg,640,539,"chair,person",4,0.5045
150669,000000150669.jpg,640,480,clock,1,0.2451
103873,000000103873.jpg,640,522,"clock,person",4,0.2073
190580,000000190580.jpg,640,480,couch,2,0.5008
493365,000000493365.jpg,640,640,"couch,person",2,0.1776
93948,000000093948.jpg,640,480,"keyboard,mouse,tv",4,0.2703
57460,000000057460.jpg,640,480,laptop,2,0.2819
371948,000000371948.jpg,640,480,"laptop,person",2,0.4024
206697,000000206697.jpg,640,549,person,3,0.649
422198,000000422198.jpg,480,640,tv,1,0.2087
100500,000000100500.jpg,640,639,bed,2,0.8288
477061,000000477061.jpg,480,640,"bed,chair",3,0.2789
178025,000000178025.jpg,612,612,"bed,person",2,0.7642
290024,000000290024.jpg,640,640,bench,1,0.3946
496499,000000496499.jpg,640,480,"bench,chair,person",5,0.2061
442531,000000442531.jpg,640,640,"bench,person",2,0.4738
572254,000000572254.jpg,640,480,chair,2,0.4241
503310,000000503310.jpg,480,640,"chair,person",2,0.4876
384587,000000384587.jpg,480,640,clock,1,0.245
445464,000000445464.jpg,604,640,"clock,person",2,0.2056
88789,000000088789.jpg,612,612,couch,3,0.4697
366740,000000366740.jpg,640,480,"couch,person",3,0.1747
402364,000000402364.jpg,640,480,"keyboard,mouse,tv",3,0.2688
425027,000000425027.jpg,640,480,laptop,2,0.2791
291417,000000291417.jpg,640,480,"laptop,person",2,0.3873
269927,000000269927.jpg,640,480,person,2,0.6458
135278,000000135278.jpg,612,612,tv,1,0.2065
69231,000000069231.jpg,640,480,bed,2,0.8286
330770,000000330770.jpg,640,480,"bed,chair",2,0.2741
263685,000000263685.jpg,640,480,"bed,person",2,0.7642
258191,000000258191.jpg,501,640,bench,1,0.3861
142249,000000142249.jpg,640,480,"bench,chair,person",5,0.2028
121943,000000121943.jpg,640,480,"bench,person",3,0.4718
262396,000000262396.jpg,534,640,chair,2,0.41
388255,000000388255.jpg,480,640,"chair,person",3,0.4858
567383,000000567383.jpg,640,480,clock,2,0.2339
491936,000000491936.jpg,640,480,"clock,person",5,0.2035
550063,000000550063.jpg,640,480,couch,2,0.4589
129832,000000129832.jpg,640,480,"keyboard,mouse,tv",3,0.2554
47848,000000047848.jpg,640,480,laptop,2,0.275
79591,000000079591.jpg,640,480,"laptop,person",2,0.3832
550478,000000550478.jpg,512,640,person,2,0.6418
46686,000000046686.jpg,480,640,tv,2,0.204
561495,000000561495.jpg,640,640,bed,1,0.8252
551358,000000551358.jpg,480,640,"bed,chair",3,0.2732
92776,000000092776.jpg,640,480,"bed,person",2,0.7631
391139,000000391139.jpg,640,480,bench,2,0.3777
422240,000000422240.jpg,640,480,"bench,chair,person",5,0.1996
379965,000000379965.jpg,640,480,"bench,person",4,0.4688
301697,000000301697.jpg,640,480,chair,2,0.4068
471470,000000471470.jpg,640,480,"chair,person",4,0.481
334491,000000334491.jpg,480,640,clock,1,0.2322
504813,000000504813.jpg,631,640,"clock,person",2,0.1982
168948,000000168948.jpg,639,640,couch,2,0.4587
527497,000000527497.jpg,640,480,"keyboard,mouse,tv",3,0.245
369630,000000369630.jpg,480,640,laptop,1,0.2694
504027,000000504027.jpg,521,640,"laptop,person",2,0.3645
303992,000000303992.jpg,640,480,person,3,0.6397
307649,000000307649.jpg,480,640,tv,2,0.2015
482310,000000482310.jpg,640,480,bed,2,0.817
344936,000000344936.jpg,640,480,"bed,chair",2,0.2626
336735,000000336735.jpg,480,640,"bed,person",2,0.7615
160163,000000160163.jpg,640,480,bench,1,0.3751
534637,000000534637.jpg,640,480,"bench,chair,person",4,0.1977
413839,000000413839.jpg,640,480,"bench,person",3,0.4678
364251,000000364251.jpg,640,480,chair,1,0.4007
497330,000000497330.jpg,640,528,"chair,person",3,0.4808
297415,000000297415.jpg,640,640,clock,1,0.2286
205850,000000205850.jpg,480,640,"clock,person",2,0.1946
151414,000000151414.jpg,640,480,couch,2,0.4515
441296,000000441296.jpg,640,480,"keyboard,mouse,tv",3,0.2329
420375,000000420375.jpg,640,480,laptop,2,0.2655
435707,000000435707.jpg,640,480,"laptop,person",2,0.3484
310797,000000310797.jpg,640,480,person,1,0.6388
563827,000000563827.jpg,480,640,tv,1,0.1815
535457,000000535457.jpg,640,480,bed,2,0.8133
412377,000000412377.jpg,480,640,"bed,chair",3,0.2614
101401,000000101401.jpg,510,640,"bed,person",2,0.7585
484026,000000484026.jpg,640,480,bench,2,0.3701
54173,000000054173.jpg,640,480,"bench,chair,person",4,0.1859
330766,000000330766.jpg,640,640,"bench,person",3,0.466
182402,000000182402.jpg,586,640,chair,2,0.3799
514887,000000514887.jpg,640,566,"chair,person",2,0.4773
419211,000000419211.jpg,640,480,clock,1,0.2285
432947,000000432947.jpg,640,614,"clock,person",3,0.1924
262683,000000262683.jpg,480,640,couch,2,0.4488
133573,000000133573.jpg,640,480,"keyboard,mouse,tv",4,0.2301
222990,000000222990.jpg,640,640,laptop,1,0.2583
356922,000000356922.jpg,480,640,"laptop,person",2,0.3455
45337,000000045337.jpg,640,480,person,3,0.6386
465267,000000465267.jpg,480,640,tv,2,0.1783
176500,000000176500.jpg,640,480,bed,2,0.8075
406061,000000406061.jpg,480,640,"bed,chair",2,0.2531
378466,000000378466.jpg,612,612,"bed,person",3,0.7542
132725,000000132725.jpg,640,480,bench,1,0.3685
307803,000000307803.jpg,640,480,"bench,chair,person",5,0.1853
152299,000000152299.jpg,640,480,"bench,person",3,0.4653
572125,000000572125.jpg,640,554,chair,2,0.3537
281586,000000281586.jpg,640,480,"chair,person",4,0.476
573483,000000573483.jpg,640,480,clock,1,0.2255
332407,000000332407.jpg,640,480,"clock,person",4,0.1902
450747,000000450747.jpg,521,640,couch,2,0.4402
197980,000000197980.jpg,640,480,"keyboard,mouse,tv",3,0.198
43345,000000043345.jpg,640,480,laptop,2,0.2539
328144,000000328144.jpg,480,640,"laptop,person",2,0.3364
165199,000000165199.jpg,530,640,person,3,0.6384
221725,000000221725.jpg,640,480,tv,1,0.1742
293276,000000293276.jpg,640,480,bed,2,0.8032
568505,000000568505.jpg,640,480,"bed,chair",2,0.244
365013,000000365013.jpg,640,480,"bed,person",3,0.7535
576191,000000576191.jpg,640,480,bench,2,0.3606
306335,000000306335.jpg,640,480,"bench,chair,person",4,0.1837
542651,000000542651.jpg,640,491,"bench,person",2,0.4521
21345,000000021345.jpg,480,640,chair,2,0.3244
338164,000000338164.jpg,640,480,"chair,person",4,0.4695
160589,000000160589.jpg,640,559,clock,1,0.216
122118,000000122118.jpg,480,640,"clock,person",3,0.1749
564655,000000564655.jpg,640,480,couch,2,0.4346
489949,000000489949.jpg,640,480,"keyboard,mouse,tv",3,0.197
507212,000000507212.jpg,640,480,laptop,2,0.2526
68898,000000068898.jpg,500,500,"laptop,person",2,0.3303
37343,000000037343.jpg,640,494,person,2,0.6354
28420,000000028420.jpg,640,480,tv,1,0.1504
345238,000000345238.jpg,640,480,bed,1,0.802
515204,000000515204.jpg,640,480,"bed,chair",2,0.2322
568117,000000568117.jpg,543,640,"bed,person",4,0.7445
391371,000000391371.jpg,640,480,bench,1,0.3591
246014,000000246014.jpg,480,640,"bench,chair,person",5,0.1825
111067,000000111067.jpg,612,612,"bench,person",3,0.4453
289696,000000289696.jpg,640,480,chair,2,0.3173
4175,000000004175.jpg,640,481,"chair,person",4,0.4661
400235,000000400235.jpg,480,640,clock,1,0.21
208479,000000208479.jpg,640,564,"clock,person",3,0.1749
37566,000000037566.jpg,640,480,couch,2,0.4326
578324,000000578324.jpg,640,480,"keyboard,mouse,tv",3,0.195
350245,000000350245.jpg,640,480,laptop,2,0.2484
31090,000000031090.jpg,640,480,"laptop,person",3,0.3138
393195,000000393195.jpg,640,482,person,2,0.6331
303387,000000303387.jpg,480,640,tv,3,0.1472
467157,000000467157.jpg,612,612,bed,2,0.7944
405635,000000405635.jpg,640,480,"bed,chair",2,0.2251
276381,000000276381.jpg,640,480,"bed,person",2,0.743
46316,000000046316.jpg,640,513,bench,2,0.3541
321346,000000321346.jpg,640,480,"bench,chair,person",5,0.1782
233290,000000233290.jpg,512,640,"bench,person",3,0.4381
276209,000000276209.jpg,480,640,chair,2,0.3097
217925,000000217925.jpg,512,640,"chair,person",3,0.4627
468238,000000468238.jpg,640,480,clock,1,0.2082
219454,000000219454.jpg,612,612,"clock,person",4,0.1734
336448,000000336448.jpg,640,640,couch,2,0.4272
150320,000000150320.jpg,640,480,"keyboard,mouse,tv",3,0.1566
43712,000000043712.jpg,640,480,laptop,2,0.2437
206833,000000206833.jpg,480,640,"laptop,person",2,0.31
219966,000000219966.jpg,640,640,person,1,0.6302
407202,000000407202.jpg,480,640,tv,3,0.1401
531313,000000531313.jpg,640,501,bed,2,0.792
379129,000000379129.jpg,640,480,"bed,chair",2,0.2134
406555,000000406555.jpg,640,480,"bed,person",2,0.7427
214109,000000214109.jpg,640,480,bench,1,0.3509
432420,000000432420.jpg,480,640,"bench,chair,person",5,0.1774
194528,000000194528.jpg,640,480,"bench,person",4,0.4328
14857,000000014857.jpg,480,640,chair,2,0.3069
374342,000000374342.jpg,480,640,"chair,person",4,0.4616
533941,000000533941.jpg,640,480,clock,1,0.2074
539355,000000539355.jpg,480,640,"clock,person",2,0.1721
5326,000000005326.jpg,640,480,couch,2,0.4161
365507,000000365507.jpg,640,480,"keyboard,mouse,tv",4,0.1478
494335,000000494335.jpg,640,480,laptop,1,0.2422
378331,000000378331.jpg,640,480,"laptop,person",2,0.2942
423740,000000423740.jpg,640,553,person,2,0.6259
343739,000000343739.jpg,640,480,tv,2,0.1346
264085,000000264085.jpg,640,640,bed,2,0.7843
311370,000000311370.jpg,640,508,"bed,chair",2,0.2127
56262,000000056262.jpg,640,480,"bed,person",3,0.7421
170960,000000170960.jpg,640,480,bench,1,0.3377
360045,000000360045.jpg,640,483,"bench,chair,person",4,0.1639
328008,000000328008.jpg,640,480,"bench,person",2,0.4313
23100,000000023100.jpg,640,482,chair,2,0.2724
334034,000000334034.jpg,640,480,"chair,person",4,0.4606
540789,000000540789.jpg,640,480,clock,1,0.2052
196998,000000196998.jpg,498,640,"clock,person",4,0.1669
65356,000000065356.jpg,640,550,couch,2,0.4155
406422,000000406422.jpg,640,480,"keyboard,mouse,tv",4,0.1355
332485,000000332485.jpg,640,480,laptop,2,0.2386
82053,000000082053.jpg,480,640,"laptop,person",3,0.2484
503886,000000503886.jpg,640,543,person,2,0.6248
449094,000000449094.jpg,480,640,tv,1,0.1258
8688,000000008688.jpg,640,480,bed,1,0.7808
406792,000000406792.jpg,640,480,"bed,chair",2,0.204
376947,000000376947.jpg,495,640,"bed,person",2,0.7397
465092,000000465092.jpg,640,480,bench,1,0.3371
81143,000000081143.jpg,640,480,"bench,chair,person",4,0.1628
282069,000000282069.jpg,640,493,"bench,person",4,0.4293
578580,000000578580.jpg,506,640,chair,3,0.2705
10094,000000010094.jpg,500,500,"chair,person",3,0.4514
34826,000000034826.jpg,640,480,clock,1,0.2027
434782,000000434782.jpg,501,640,"clock,person",2,0.1637
363853,000000363853.jpg,480,640,couch,2,0.4143
435210,000000435210.jpg,640,480,"keyboard,mouse,tv",3,0.1047
46114,000000046114.jpg,640,480,laptop,1,0.2194
373400,000000373400.jpg,640,480,"laptop,person",2,0.2263
382731,000000382731.jpg,640,521,person,3,0.6185
580540,000000580540.jpg,480,640,tv,3,0.1216
286478,000000286478.jpg,640,640,bed,2,0.7747
140671,000000140671.jpg,480,640,"bed,chair",2,0.197
510593,000000510593.jpg,640,640,"bed,person",3,0.7335
556491,000000556491.jpg,640,481,bench,1,0.3323
496793,000000496793.jpg,640,480,"bench,chair,person",3,0.1593
200464,000000200464.jpg,640,480,"bench,person",3,0.4286
327623,000000327623.jpg,640,490,chair,2,0.2652
471690,000000471690.jpg,631,640,"chair,person",4,0.4492
234535,000000234535.jpg,640,480,clock,1,0.1993
545088,000000545088.jpg,640,480,"clock,person",4,0.1539
85446,000000085446.jpg,612,612,couch,2,0.4033
35613,000000035613.jpg,550,640,"keyboard,mouse,tv",4,0.0944
93852,000000093852.jpg,640,480,laptop,1,0.1885
288813,000000288813.jpg,480,640,"laptop,person",3,0.2235
319644,000000319644.jpg,640,480,person,2,0.616
491983,000000491983.jpg,640,480,tv,1,0.1117
497388,000000497388.jpg,480,640,bed,1,0.7671
422464,000000422464.jpg,640,480,"bed,chair",2,0.1857
423389,000000423389.jpg,480,640,"bed,person",2,0.7328
83271,000000083271.jpg,640,480,bench,2,0.3298
54868,000000054868.jpg,640,480,"bench,chair,person",5,0.151
470536,000000470536.jpg,480,640,"bench,person",3,0.4255
233430,000000233430.jpg,480,640,chair,3,0.2544
23015,000000023015.jpg,640,480,"chair,person",3,0.4488
340573,000000340573.jpg,612,612,clock,1,0.1899
560083,000000560083.jpg,480,640,"clock,person",3,0.1538
363031,000000363031.jpg,640,480,couch,2,0.4013
154423,000000154423.jpg,640,480,"keyboard,mouse,tv",3,0.0915
469918,000000469918.jpg,640,480,laptop,2,0.1514
177842,000000177842.jpg,480,640,"laptop,person",4,0.2225
34354,000000034354.jpg,640,640,person,2,0.6154
457654,000000457654.jpg,480,640,tv,1,0.1044
242113,000000242113.jpg,640,480,bed,2,0.763
173640,000000173640.jpg,640,512,"bed,chair",2,0.1814
380455,000000380455.jpg,640,480,"bed,person",2,0.7188
345429,000000345429.jpg,640,480,bench,1,0.3275
358176,000000358176.jpg,640,489,"bench,chair,person",6,0.134
173812,000000173812.jpg,640,508,"bench,person",3,0.4247
213799,000000213799.jpg,640,480,chair,2,0.252
375021,000000375021.jpg,640,480,"chair,person",3,0.4477
273576,000000273576.jpg,480,640,clock,1,0.1895
170311,000000170311.jpg,480,640,"clock,person",2,0.1472
186589,000000186589.jpg,612,612,couch,2,0.3955
568508,000000568508.jpg,640,480,laptop,2,0.1253
185291,000000185291.jpg,612,612,"laptop,person",3,0.1628
281296,000000281296.jpg,480,640,person,2,0.6095
435134,000000435134.jpg,640,480,tv,2,0.0989
464386,000000464386.jpg,480,640,bed,1,0.7561
316142,000000316142.jpg,640,480,"bed,chair",2,0.1812
309889,000000309889.jpg,480,640,"bed,person",2,0.7139
448024,000000448024.jpg,640,480,bench,2,0.3253
28037,000000028037.jpg,480,640,"bench,chair,person",4,0.1318
353321,000000353321.jpg,640,480,"bench,person",2,0.4214
485761,000000485761.jpg,640,480,chair,2,0.2497
266441,000000266441.jpg,500,493,"chair,person",3,0.445
417055,000000417055.jpg,481,481,clock,1,0.1812
171335,000000171335.jpg,640,480,"clock,person",2,0.1465
299933,000000299933.jpg,480,640,couch,2,0.392
182696,000000182696.jpg,640,548,laptop,2,0.1227
152954,000000152954.jpg,640,480,"laptop,person",4,0.1523
44437,000000044437.jpg,640,528,person,2,0.6078
185079,000000185079.jpg,480,640,tv,1,0.0947
237697,000000237697.jpg,640,480,bed,1,0.7319
22890,000000022890.jpg,612,612,"bed,chair",2,0.1723
21991,000000021991.jpg,480,640,"bed,person",2,0.7118
157032,000000157032.jpg,640,480,bench,1,0.3244
276854,000000276854.jpg,640,502,"bench,chair,person",6,0.1213
32949,000000032949.jpg,640,480,"bench,person",3,0.4169
579170,000000579170.jpg,480,640,chair,2,0.2272
494900,000000494900.jpg,640,480,"chair,person",3,0.4362
303133,000000303133.jpg,480,640,clock,2,0.1811
821,000000000821.jpg,512,640,"clock,person",4,0.1446
74743,000000074743.jpg,640,480,couch,1,0.3881
74538,000000074538.jpg,640,480,laptop,1,0.1205
188599,000000188599.jpg,640,480,"laptop,person",2,0.1516
44414,000000044414.jpg,640,480,person,1,0.6074
387693,000000387693.jpg,612,612,tv,1,0.0769
474969,000000474969.jpg,612,612,bed,2,0.7306
546649,000000546649.jpg,640,480,"bed,chair",2,0.1654
557107,000000557107.jpg,613,640,"bed,person",2,0.708
204800,000000204800.jpg,480,640,bench,2,0.3197
385238,000000385238.jpg,496,640,"bench,chair,person",3,0.1175
501851,000000501851.jpg,640,480,"bench,person",3,0.413
572370,000000572370.jpg,640,480,chair,2,0.2241
144938,000000144938.jpg,640,480,"chair,person",4,0.4327
193074,000000193074.jpg,506,640,clock,1,0.1806
340501,000000340501.jpg,480,640,"clock,person",6,0.1401
170584,000000170584.jpg,640,480,couch,3,0.358
88929,000000088929.jpg,640,480,laptop,2,0.1097
200494,000000200494.jpg,640,544,"laptop,person",3,0.1268
297182,000000297182.jpg,640,480,person,2,0.6059
32597,000000032597.jpg,612,612,tv,2,0.0725
419883,000000419883.jpg,640,640,bed,2,0.7293
407336,000000407336.jpg,480,640,"bed,chair",2,0.1547
459056,000000459056.jpg,640,480,"bed,person",2,0.7007
92795,000000092795.jpg,640,497,bench,2,0.3187
321492,000000321492.jpg,480,640,"bench,chair,person",5,0.1157
452963,000000452963.jpg,613,640,"bench,person",3,0.4109
306855,000000306855.jpg,640,480,chair,2,0.2222
137288,000000137288.jpg,640,480,"chair,person",4,0.4322
110308,000000110308.jpg,640,480,clock,1,0.1716
430375,000000430375.jpg,480,640,"clock,person",3,0.1363
459643,000000459643.jpg,616,640,couch,2,0.357
22962,000000022962.jpg,640,480,laptop,2,0.0955
218842,000000218842.jpg,640,480,"laptop,person",2,0.0691
376342,000000376342.jpg,500,500,person,3,0.6029
190957,000000190957.jpg,620,486,tv,1,0.0679
290753,000000290753.jpg,480,640,bed,2,0.7199
149197,000000149197.jpg,640,494,"bed,chair",2,0.1144
388601,000000388601.jpg,482,625,"bed,person",2,0.6826
213596,000000213596.jpg,640,480,bench,1,0.3168
220187,000000220187.jpg,480,640,"bench,chair,person",4,0.1137
534377,000000534377.jpg,640,480,"bench,person",2,0.4102
467817,000000467817.jpg,640,481,chair,2,0.2219
269863,000000269863.jpg,640,640,"chair,person",4,0.4316
291983,000000291983.jpg,640,480,clock,1,0.1715
174345,000000174345.jpg,480,640,"clock,person",3,0.1316
193222,000000193222.jpg,640,480,couch,3,0.3437
368603,000000368603.jpg,640,640,laptop,2,0.0744
198735,000000198735.jpg,640,480,person,3,0.5996
69209,000000069209.jpg,640,480,tv,1,0.0676
448951,000000448951.jpg,640,480,bed,2,0.719
518218,000000518218.jpg,640,618,"bed,chair",2,0.1129
259149,000000259149.jpg,480,640,"bed,person",3,0.6758
188156,000000188156.jpg,480,640,bench,2,0.3147
82174,000000082174.jpg,640,480,"bench,chair,person",4,0.1071
580238,000000580238.jpg,640,627,"bench,person",3,0.4067
158031,000000158031.jpg,640,480,chair,2,0.2178
115791,000000115791.jpg,512,640,"chair,person",3,0.4292
577821,000000577821.jpg,480,640,clock,1,0.1708
461389,000000461389.jpg,640,480,"clock,person",3,0.1204
580427,000000580427.jpg,640,480,couch,2,0.3318
324497,000000324497.jpg,640,524,person,2,0.5946
44545,000000044545.jpg,640,480,tv,2,0.0618
411926,000000411926.jpg,640,480,bed,2,0.7176
300882,000000300882.jpg,640,534,"bed,chair",2,0.0908
5288,000000005288.jpg,640,480,"bed,person",3,0.6478
352936,000000352936.jpg,640,629,bench,2,0.3114
355620,000000355620.jpg,640,480,"bench,chair,person",4,0.0902
257976,000000257976.jpg,494,640,"bench,person",2,0.4035
499225,000000499225.jpg,640,480,chair,2,0.2081
105844,000000105844.jpg,640,480,"chair,person",4,0.4226
22838,000000022838.jpg,640,575,clock,1,0.1686
32413,000000032413.jpg,640,640,"clock,person",3,0.1199
38546,000000038546.jpg,480,640,couch,3,0.317
149115,000000149115.jpg,640,640,person,2,0.5934
595,000000000595.jpg,640,480,tv,1,0.0468
572243,000000572243.jpg,640,480,bed,2,0.7146
155244,000000155244.jpg,480,640,"bed,chair",2,0.0793
206857,000000206857.jpg,640,480,"bed,person",2,0.6447
474188,000000474188.jpg,640,480,bench,1,0.3079
228197,000000228197.jpg,480,640,"bench,chair,person",5,0.087
486014,000000486014.jpg,639,640,"bench,person",3,0.4028
281660,000000281660.jpg,480,640,chair,2,0.1997
131465,000000131465.jpg,640,480,"chair,person",3,0.4083
403774,000000403774.jpg,640,640,clock,1,0.1677
302193,000000302193.jpg,480,640,"clock,person",2,0.1105
313993,000000313993.jpg,640,480,couch,3,0.3146
212998,000000212998.jpg,640,493,person,2,0.5933
172993,000000172993.jpg,640,480,bed,2,0.7087
467961,000000467961.jpg,481,640,"bed,chair",2,0.0729
80041,000000080041.jpg,486,640,"bed,person",2,0.6421
82678,000000082678.jpg,640,480,bench,2,0.3055
426118,000000426118.jpg,640,480,"bench,chair,person",5,0.0861
499376,000000499376.jpg,640,480,"bench,person",3,0.4023
433805,000000433805.jpg,640,480,chair,2,0.1935
356174,000000356174.jpg,640,480,"chair,person",3,0.407
358724,000000358724.jpg,640,480,clock,1,0.1664
334751,000000334751.jpg,640,480,"clock,person",3,0.1091
512183,000000512183.jpg,640,497,couch,2,0.3076
199835,000000199835.jpg,483,640,person,2,0.5932
177837,000000177837.jpg,640,480,bed,1,0.7084
442824,000000442824.jpg,640,480,"bed,chair",2,0.0516
211108,000000211108.jpg,640,480,"bed,person",2,0.6417
292123,000000292123.jpg,640,480,bench,2,0.3052
434940,000000434940.jpg,640,480,"bench,chair,person",5,0.0856
209073,000000209073.jpg,480,640,"bench,person",3,0.4014
519153,000000519153.jpg,640,480,chair,1,0.1909
82518,000000082518.jpg,496,640,"chair,person",4,0.406
76804,000000076804.jpg,640,619,clock,1,0.1648
553640,000000553640.jpg,481,640,"clock,person",2,0.1074
50912,000000050912.jpg,480,640,couch,2,0.2938
36028,000000036028.jpg,640,480,person,2,0.587
437119,000000437119.jpg,480,640,bed,2,0.7054
457572,000000457572.jpg,480,640,"bed,person",2,0.64
212268,000000212268.jpg,640,480,bench,1,0.2975
99184,000000099184.jpg,640,480,"bench,chair,person",4,0.0838
193925,000000193925.jpg,640,480,"bench,person",2,0.3988
359164,000000359164.jpg,640,480,chair,3,0.1865
346179,000000346179.jpg,480,640,"chair,person",3,0.4012
418215,000000418215.jpg,480,640,clock,1,0.1601
447573,000000447573.jpg,480,640,"clock,person",2,0.1045
162178,000000162178.jpg,640,480,couch,2,0.2853
254678,000000254678.jpg,538,640,person,2,0.5853
516404,000000516404.jpg,640,480,bed,2,0.7004
493368,000000493368.jpg,640,480,"bed,person",2,0.6255
469424,000000469424.jpg,640,480,bench,2,0.295
214266,000000214266.jpg,640,480,"bench,chair,person",6,0.082
459265,000000459265.jpg,494,640,"bench,person",3,0.398
209419,000000209419.jpg,640,546,chair,3,0.1765
281028,000000281028.jpg,640,480,"chair,person",3,0.394
551403,000000551403.jpg,640,480,clock,1,0.16
121393,000000121393.jpg,640,640,"clock,person",3,0.1028
578654,000000578654.jpg,640,480,couch,1,0.2819
361139,000000361139.jpg,640,534,person,4,0.5818
546702,000000546702.jpg,480,640,bed,2,0.6997
281431,000000281431.jpg,480,640,"bed,person",2,0.6243
444203,000000444203.jpg,640,480,bench,1,0.2873
487810,000000487810.jpg,640,480,"bench,chair,person",5,0.0805
398882,000000398882.jpg,612,612,"bench,person",3,0.3957
287188,000000287188.jpg,640,520,chair,2,0.1709
519055,000000519055.jpg,640,521,"chair,person",5,0.3898
402305,000000402305.jpg,490,640,clock,1,0.1594
231148,000000231148.jpg,480,640,"clock,person",2,0.1027
212976,000000212976.jpg,640,480,couch,2,0.2788
470014,000000470014.jpg,640,480,person,1,0.5809
373132,000000373132.jpg,640,480,bed,2,0.6873
563625,000000563625.jpg,640,480,"bed,person",2,0.6209
293689,000000293689.jpg,640,480,bench,2,0.2821
545363,000000545363.jpg,640,480,"bench,chair,person",3,0.0795
535259,000000535259.jpg,640,480,"bench,person",2,0.3896
497097,000000497097.jpg,640,480,chair,2,0.1645
261893,000000261893.jpg,640,480,"chair,person",3,0.389
378545,000000378545.jpg,480,640,clock,1,0.1587
274779,000000274779.jpg,480,640,"clock,person",3,0.1014
406798,000000406798.jpg,640,480,couch,2,0.2685
229531,000000229531.jpg,612,612,person,2,0.5791
440755,000000440755.jpg,640,480,bed,2,0.6862
485294,000000485294.jpg,612,612,"bed,person",2,0.6177
361751,000000361751.jpg,640,567,bench,1,0.2793
194346,000000194346.jpg,640,480,"bench,chair,person",5,0.0681
309870,000000309870.jpg,640,631,"bench,person",2,0.3879
367434,000000367434.jpg,480,640,chair,2,0.1611
554138,000000554138.jpg,640,510,"chair,person",3,0.3878
338370,000000338370.jpg,640,480,clock,1,0.1548
369045,000000369045.jpg,520,640,"clock,person",2,0.101
382668,000000382668.jpg,640,480,couch,2,0.2626
55298,000000055298.jpg,640,481,person,3,0.578
512304,000000512304.jpg,612,612,bed,1,0.6828
195952,000000195952.jpg,612,612,"bed,person",2,0.6133
171753,000000171753.jpg,640,480,bench,3,0.2716
181438,000000181438.jpg,563,640,"bench,chair,person",4,0.0659
558804,000000558804.jpg,640,494,"bench,person",3,0.385
268051,000000268051.jpg,480,640,chair,2,0.1608
550655,000000550655.jpg,640,480,"chair,person",3,0.3844
22230,000000022230.jpg,640,640,clock,1,0.1536
238968,000000238968.jpg,640,480,"clock,person",2,0.0983
571076,000000571076.jpg,582,640,couch,3,0.2515
502360,000000502360.jpg,480,640,person,2,0.5778
22326,000000022326.jpg,640,480,bed,3,0.6814
43264,000000043264.jpg,640,480,"bed,person",2,0.6125
163339,000000163339.jpg,640,480,bench,1,0.2711
543747,000000543747.jpg,640,480,"bench,chair,person",5,0.061
178771,000000178771.jpg,640,480,"bench,person",3,0.3844
486536,000000486536.jpg,640,480,chair,2,0.1594
173598,000000173598.jpg,640,480,"chair,person",5,0.3833
479941,000000479941.jpg,640,480,clock,1,0.1525
368656,000000368656.jpg,640,480,"clock,person",3,0.0975
133565,000000133565.jpg,640,480,couch,2,0.2489
187822,000000187822.jpg,612,612,person,3,0.5744
358465,000000358465.jpg,480,640,bed,2,0.68
353976,000000353976.jpg,490,500,"bed,person",3,0.5995
65080,000000065080.jpg,480,640,bench,1,0.2709
301671,000000301671.jpg,640,480,"bench,chair,person",4,0.0606
17482,000000017482.jpg,640,480,"bench,person",4,0.3818
293757,000000293757.jpg,480,640,chair,3,0.1507
256276,000000256276.jpg,640,480,"chair,person",3,0.3812
414870,000000414870.jpg,640,480,clock,1,0.1522
416660,000000416660.jpg,519,640,"clock,person",2,0.0975
286480,000000286480.jpg,640,480,couch,2,0.2117
27345,000000027345.jpg,636,640,person,2,0.5738
319142,000000319142.jpg,640,591,bed,2,0.6795
527257,000000527257.jpg,612,612,"bed,person",2,0.593
337844,000000337844.jpg,640,480,bench,1,0.268
176833,000000176833.jpg,612,612,"bench,chair,person",4,0.0604
210286,000000210286.jpg,528,640,"bench,person",4,0.3797
375568,000000375568.jpg,612,612,chair,2,0.1453
57387,000000057387.jpg,480,640,"chair,person",4,0.3734
170862,000000170862.jpg,640,480,clock,1,0.1518
332417,000000332417.jpg,640,482,"clock,person",2,0.0955
53289,000000053289.jpg,640,512,couch,3,0.1976
213132,000000213132.jpg,640,480,person,2,0.569
116617,000000116617.jpg,640,480,bed,2,0.6746
371534,000000371534.jpg,612,612,"bed,person",2,0.5904
196852,000000196852.jpg,640,496,bench,1,0.2616
578347,000000578347.jpg,640,480,"bench,chair,person",4,0.0518
493483,000000493483.jpg,640,480,"bench,person",3,0.3791
246312,000000246312.jpg,480,640,chair,2,0.1197
103536,000000103536.jpg,640,523,"chair,person",3,0.3707
398666,000000398666.jpg,480,640,clock,1,0.1496
353485,000000353485.jpg,480,640,"clock,person",5,0.0885
15008,000000015008.jpg,640,480,couch,2,0.1945
1815,000000001815.jpg,564,640,person,2,0.568
43579,000000043579.jpg,640,480,bed,1,0.6699
322201,000000322201.jpg,500,500,"bed,person",2,0.5767
46345,000000046345.jpg,640,480,bench,2,0.2595
359704,000000359704.jpg,640,480,"bench,chair,person",4,0.0511
342639,000000342639.jpg,640,480,"bench,person",5,0.3751
498854,000000498854.jpg,480,640,chair,1,0.118
84866,000000084866.jpg,640,480,"chair,person",4,0.3654
6527,000000006527.jpg,640,480,clock,1,0.1486
322710,000000322710.jpg,640,480,"clock,person",3,0.0877
125100,000000125100.jpg,640,480,couch,2,0.18
124647,000000124647.jpg,613,640,person,2,0.5627
298501,000000298501.jpg,480,640,bed,2,0.6644
351403,000000351403.jpg,507,480,"bed,person",2,0.5623
100449,000000100449.jpg,640,480,bench,2,0.2568
1599,000000001599.jpg,640,480,"bench,chair,person",5,0.0451
34074,000000034074.jpg,640,480,"bench,person",3,0.3741
371890,000000371890.jpg,640,480,chair,3,0.1135
282659,000000282659.jpg,640,480,"chair,person",4,0.365
35763,000000035763.jpg,640,480,clock,1,0.1486
451095,000000451095.jpg,640,502,"clock,person",4,0.0853
283471,000000283471.jpg,640,480,couch,3,0.1786
149739,000000149739.jpg,500,500,person,2,0.5617
279159,000000279159.jpg,640,480,bed,2,0.6616
216326,000000216326.jpg,640,480,"bed,person",2,0.5589
153946,000000153946.jpg,640,480,bench,2,0.2563
555534,000000555534.jpg,640,480,"bench,chair,person",5,0.0441
440045,000000440045.jpg,612,612,"bench,person",2,0.3689
386619,000000386619.jpg,480,640,chair,2,0.1133
572529,000000572529.jpg,489,640,"chair,person",3,0.3628
414244,000000414244.jpg,640,480,clock,1,0.1481
82216,000000082216.jpg,480,640,"clock,person",3,0.0846
573181,000000573181.jpg,640,480,couch,2,0.1667
163560,000000163560.jpg,640,483,person,2,0.5596
504991,000000504991.jpg,480,640,bed,1,0.6504
349809,000000349809.jpg,492,500,"bed,person",3,0.5498
90349,000000090349.jpg,640,480,bench,2,0.2557
390052,000000390052.jpg,640,480,"bench,chair,person",5,0.0388
227402,000000227402.jpg,640,503,"bench,person",2,0.3688
519716,000000519716.jpg,640,480,chair,2,0.1133
152309,000000152309.jpg,640,640,"chair,person",3,0.3618
131531,000000131531.jpg,480,640,clock,1,0.1442
454296,000000454296.jpg,480,640,"clock,person",2,0.0782
14168,000000014168.jpg,640,480,couch,2,0.1462
563651,000000563651.jpg,640,480,person,2,0.5571
93257,000000093257.jpg,640,480,bed,2,0.6435
281742,000000281742.jpg,640,480,"bed,person",2,0.5483
408660,000000408660.jpg,640,480,bench,2,0.2444
93191,000000093191.jpg,640,536,"bench,person",3,0.3687
112212,000000112212.jpg,640,480,chair,2,0.1082
231997,000000231997.jpg,640,546,"chair,person",5,0.3611
356237,000000356237.jpg,480,640,clock,1,0.1434
414296,000000414296.jpg,480,640,"clock,person",2,0.0781
383780,000000383780.jpg,640,480,couch,2,0.1446
546203,000000546203.jpg,481,640,person,3,0.5523
515423,000000515423.jpg,640,480,bed,1,0.6369
468867,000000468867.jpg,640,480,"bed,person",2,0.5483
265233,000000265233.jpg,480,640,bench,2,0.2413
81056,000000081056.jpg,612,612,"bench,person",2,0.3582
215949,000000215949.jpg,640,480,chair,2,0.1053
117937,000000117937.jpg,640,532,"chair,person",3,0.3587
156710,000000156710.jpg,640,480,clock,1,0.1432
65144,000000065144.jpg,480,640,"clock,person",2,0.076
419255,000000419255.jpg,640,480,couch,1,0.142
131522,000000131522.jpg,483,485,person,4,0.5508
553547,000000553547.jpg,640,480,bed,2,0.6296
321169,000000321169.jpg,629,640,"bed,person",2,0.548
350988,000000350988.jpg,640,480,bench,1,0.2412
42404,000000042404.jpg,640,486,"bench,person",3,0.3571
103877,000000103877.jpg,640,480,chair,2,0.1041
120178,000000120178.jpg,481,640,"chair,person",3,0.3562
16955,000000016955.jpg,480,640,clock,1,0.1418
63797,000000063797.jpg,480,640,"clock,person",2,0.069
179088,000000179088.jpg,640,480,couch,3,0.1252
312694,000000312694.jpg,640,550,person,2,0.5502
439141,000000439141.jpg,612,612,bed,2,0.614
64823,000000064823.jpg,640,480,"bed,person",2,0.5467
522554,000000522554.jpg,640,480,bench,1,0.2365
525100,000000525100.jpg,640,480,"bench,person",2,0.3564
51403,000000051403.jpg,640,489,chair,2,0.1015
248031,000000248031.jpg,640,497,"chair,person",3,0.3562
109835,000000109835.jpg,640,480,clock,1,0.1418
388316,000000388316.jpg,480,640,"clock,person",5,0.0689
110613,000000110613.jpg,640,480,couch,1,0.0746
34430,000000034430.jpg,640,480,person,3,0.5501
492352,000000492352.jpg,640,480,bed,2,0.6082
479903,000000479903.jpg,480,640,"bed,person",2,0.5454
137964,000000137964.jpg,640,480,bench,2,0.2337
134100,000000134100.jpg,640,517,"bench,person",3,0.3546
136008,000000136008.jpg,640,480,chair,2,0.0935
197690,000000197690.jpg,640,486,"chair,person",4,0.3537
31024,000000031024.jpg,640,480,clock,1,0.1403
126925,000000126925.jpg,640,480,"clock,person",2,0.067
496730,000000496730.jpg,640,512,couch,2,0.0504
3514,000000003514.jpg,640,569,person,2,0.5496
174787,000000174787.jpg,480,640,bed,2,0.6067
67748,000000067748.jpg,640,480,"bed,person",2,0.5399
18485,000000018485.jpg,640,480,bench,1,0.2326
468313,000000468313.jpg,640,506,"bench,person",3,0.3544
437304,000000437304.jpg,640,480,chair,2,0.0898
97895,000000097895.jpg,482,484,"chair,person",3,0.3526
324832,000000324832.jpg,640,553,clock,1,0.1379
47295,000000047295.jpg,640,640,"clock,person",2,0.0659
277172,000000277172.jpg,480,640,couch,3,0.0327
248603,000000248603.jpg,480,640,person,1,0.544
534140,000000534140.jpg,640,480,bed,1,0.6061
483015,000000483015.jpg,640,480,"bed,person",2,0.5369
228185,000000228185.jpg,480,640,bench,2,0.2269
336546,000000336546.jpg,480,640,"bench,person",2,0.353
129339,000000129339.jpg,480,640,chair,2,0.0883
209513,000000209513.jpg,480,640,"chair,person",3,0.3498
171067,000000171067.jpg,480,640,clock,2,0.1361
281027,000000281027.jpg,612,612,"clock,person",2,0.0592
554587,000000554587.jpg,640,480,person,3,0.543
58876,000000058876.jpg,612,612,bed,1,0.6051
369338,000000369338.jpg,640,480,"bed,person",2,0.5368
99970,000000099970.jpg,640,480,bench,1,0.226
331747,000000331747.jpg,480,640,"bench,person",2,0.3523
109699,000000109699.jpg,637,640,chair,3,0.0875
475403,000000475403.jpg,481,640,"chair,person",3,0.3397
480863,000000480863.jpg,480,640,clock,1,0.1355
392201,000000392201.jpg,640,480,"clock,person",3,0.0586
238757,000000238757.jpg,640,480,person,2,0.5427
278639,000000278639.jpg,640,484,bed,1,0.6041
555577,000000555577.jpg,612,612,"bed,person",2,0.5346
556485,000000556485.jpg,640,492,bench,1,0.2247
248823,000000248823.jpg,612,612,"bench,person",2,0.35
30068,000000030068.jpg,640,480,chair,2,0.0753
104021,000000104021.jpg,480,640,"chair,person",4,0.3365
190111,000000190111.jpg,515,640,clock,1,0.1269
502324,000000502324.jpg,640,480,"clock,person",5,0.0567
190670,000000190670.jpg,640,480,person,3,0.5398
498091,000000498091.jpg,640,480,bed,1,0.5927
287190,000000287190.jpg,640,506,"bed,person",2,0.5323
500559,000000500559.jpg,640,489,bench,1,0.2153
290959,000000290959.jpg,640,498,"bench,person",3,0.3471
315467,000000315467.jpg,640,480,chair,2,0.0683
18224,000000018224.jpg,640,480,"chair,person",4,0.3343
289690,000000289690.jpg,640,640,clock,1,0.1263
436127,000000436127.jpg,640,640,"clock,person",5,0.0566
442726,000000442726.jpg,640,616,person,2,0.5387
294487,000000294487.jpg,480,640,bed,1,0.5913
93015,000000093015.jpg,640,480,"bed,person",2,0.5272
51027,000000051027.jpg,480,640,bench,2,0.2151
488206,000000488206.jpg,481,640,"bench,person",3,0.3467
219760,000000219760.jpg,640,516,chair,3,0.0677
282982,000000282982.jpg,640,487,"chair,person",4,0.3339
54961,000000054961.jpg,612,612,clock,1,0.1247
334244,000000334244.jpg,480,640,"clock,person",2,0.0554
102473,000000102473.jpg,640,522,person,4,0.5372
94038,000000094038.jpg,640,480,bed,2,0.588
140322,000000140322.jpg,640,512,"bed,person",3,0.5229
411082,000000411082.jpg,597,640,bench,1,0.2121
191945,000000191945.jpg,640,480,"bench,person",3,0.3434
102370,000000102370.jpg,640,480,chair,1,0.067
66412,000000066412.jpg,480,640,"chair,person",3,0.3321
230721,000000230721.jpg,640,480,clock,1,0.1226
423349,000000423349.jpg,480,640,"clock,person",3,0.0543
353787,000000353787.jpg,508,640,person,3,0.5324
556001,000000556001.jpg,486,640,bed,2,0.5876
14970,000000014970.jpg,612,612,"bed,person",2,0.5221
344844,000000344844.jpg,640,640,bench,2,0.2109
18450,000000018450.jpg,480,640,"bench,person",2,0.3395
99453,000000099453.jpg,640,480,chair,3,0.0666
357322,000000357322.jpg,480,640,"chair,person",3,0.331
88669,000000088669.jpg,480,640,clock,1,0.1219
524248,000000524248.jpg,612,612,"clock,person",2,0.0537
554886,000000554886.jpg,640,500,person,3,0.5323
265895,000000265895.jpg,640,480,bed,2,0.5825
300357,000000300357.jpg,480,640,"bed,person",2,0.5215
36331,000000036331.jpg,640,640,bench,1,0.2067
128963,000000128963.jpg,640,579,"bench,person",3,0.3395
458119,000000458119.jpg,640,480,chair,3,0.0653
131703,000000131703.jpg,640,480,"chair,person",3,0.324
399011,000000399011.jpg,640,480,clock,1,0.1213
327805,000000327805.jpg,640,480,"clock,person",5,0.0527
572467,000000572467.jpg,480,640,person,3,0.5305
515364,000000515364.jpg,640,481,bed,2,0.5812
232275,000000232275.jpg,480,640,"bed,person",3,0.5206
462105,000000462105.jpg,640,480,bench,2,0.2045
324904,000000324904.jpg,640,480,"bench,person",5,0.3385
74583,000000074583.jpg,640,519,chair,3,0.0642
178430,000000178430.jpg,480,640,"chair,person",2,0.3215
2931,000000002931.jpg,500,492,clock,1,0.1161
48972,000000048972.jpg,480,640,"clock,person",6,0.0506
403675,000000403675.jpg,640,563,person,3,0.5302
261504,000000261504.jpg,640,480,bed,1,0.58
364400,000000364400.jpg,480,640,"bed,person",2,0.5069
395469,000000395469.jpg,640,480,bench,1,0.2044
49478,000000049478.jpg,640,512,"bench,person",2,0.3363
561500,000000561500.jpg,640,640,chair,3,0.064
529355,000000529355.jpg,640,480,"chair,person",3,0.3199
203452,000000203452.jpg,513,640,clock,1,0.1155
273196,000000273196.jpg,612,612,"clock,person",2,0.0504
213477,000000213477.jpg,486,640,person,3,0.5291
108287,000000108287.jpg,640,480,bed,2,0.5791
196286,000000196286.jpg,480,640,"bed,person",2,0.5062
265826,000000265826.jpg,640,640,bench,1,0.2028
502288,000000502288.jpg,605,640,"bench,person",4,0.334
523594,000000523594.jpg,480,640,chair,2,0.0637
425944,000000425944.jpg,640,480,"chair,person",3,0.3168
355088,000000355088.jpg,502,640,clock,1,0.1147
208585,000000208585.jpg,480,640,"clock,person",5,0.0502
472643,000000472643.jpg,640,554,person,2,0.528
240466,000000240466.jpg,480,640,bed,2,0.5717
449379,000000449379.jpg,480,640,"bed,person",3,0.5053
318467,000000318467.jpg,640,480,bench,2,0.2021
511117,000000511117.jpg,480,640,"bench,person",3,0.3268
30611,000000030611.jpg,480,640,chair,2,0.061
512940,000000512940.jpg,640,480,"chair,person",3,0.3168
75212,000000075212.jpg,514,640,clock,1,0.1145
39359,000000039359.jpg,640,480,"clock,person",3,0.0486
86001,000000086001.jpg,640,529,person,3,0.5267
285275,000000285275.jpg,488,640,bed,1,0.5703
178504,000000178504.jpg,640,480,"bed,person",2,0.5006
380906,000000380906.jpg,640,480,bench,1,0.1982
415280,000000415280.jpg,535,640,"bench,person",3,0.3225
174679,000000174679.jpg,640,480,chair,2,0.0592
395291,000000395291.jpg,640,480,"chair,person",5,0.3163
309322,000000309322.jpg,640,480,clock,3,0.1145
456178,000000456178.jpg,480,640,"clock,person",5,0.0486
87811,000000087811.jpg,640,576,person,2,0.5263
494055,000000494055.jpg,640,480,bed,2,0.5673
421077,000000421077.jpg,640,480,"bed,person",2,0.4859
333823,000000333823.jpg,640,480,bench,2,0.1969
50878,000000050878.jpg,640,480,"bench,person",3,0.3201
178084,000000178084.jpg,640,480,chair,2,0.0586
132617,000000132617.jpg,640,480,"chair,person",3,0.3115
564708,000000564708.jpg,612,612,clock,1,0.1143
53514,000000053514.jpg,480,640,"clock,person",2,0.0479
390963,000000390963.jpg,640,480,person,2,0.5261
436508,000000436508.jpg,640,480,bed,2,0.5669
296913,000000296913.jpg,640,480,"bed,person",3,0.4856
530863,000000530863.jpg,640,480,bench,1,0.1966
560819,000000560819.jpg,640,519,"bench,person",3,0.3183
283210,000000283210.jpg,640,583,chair,2,0.0564
338207,000000338207.jpg,640,480,"chair,person",4,0.3103
76329,000000076329.jpg,480,640,clock,1,0.1136
543681,000000543681.jpg,480,640,"clock,person",2,0.0477
199487,000000199487.jpg,640,480,person,3,0.5234
116892,000000116892.jpg,640,480,bed,4,0.5591
510254,000000510254.jpg,640,640,"bed,person",2,0.4842
333106,000000333106.jpg,640,480,bench,1,0.195
311309,000000311309.jpg,640,480,"bench,person",3,0.3151
126832,000000126832.jpg,640,480,chair,2,0.0523
78466,000000078466.jpg,640,480,"chair,person",4,0.3099
200986,000000200986.jpg,488,640,clock,1,0.113
70321,000000070321.jpg,640,640,"clock,person",6,0.0471
224426,000000224426.jpg,612,612,person,2,0.5194
246470,000000246470.jpg,612,612,bed,2,0.553
573753,000000573753.jpg,640,480,"bed,person",3,0.4831
194729,000000194729.jpg,640,531,bench,4,0.1942
545253,000000545253.jpg,640,484,"bench,person",3,0.3142
227878,000000227878.jpg,500,500,chair,3,0.0523
433928,000000433928.jpg,640,501,"chair,person",3,0.3085
391305,000000391305.jpg,612,612,clock,1,0.1124
282946,000000282946.jpg,640,480,"clock,person",2,0.0464
270443,000000270443.jpg,480,640,person,2,0.5163
224224,000000224224.jpg,640,480,bed,1,0.5511
108762,000000108762.jpg,640,480,"bed,person",2,0.4758
187119,000000187119.jpg,640,480,bench,4,0.1927
564756,000000564756.jpg,640,480,"bench,person",3,0.3128
89188,000000089188.jpg,480,640,chair,2,0.0515
340622,000000340622.jpg,640,480,"chair,person",4,0.307
169273,000000169273.jpg,480,640,clock,1,0.111
6432,000000006432.jpg,491,640,"clock,person",2,0.0461
319487,000000319487.jpg,640,480,person,2,0.5159
426418,000000426418.jpg,598,640,bed,2,0.5466
414189,000000414189.jpg,640,480,"bed,person",3,0.4694
349237,000000349237.jpg,480,640,bench,1,0.1903
62392,000000062392.jpg,480,640,"bench,person",2,0.3123
39014,000000039014.jpg,640,480,chair,2,0.0503
233224,000000233224.jpg,640,502,"chair,person",4,0.3069
527407,000000527407.jpg,640,496,clock,1,0.1103
512143,000000512143.jpg,480,640,"clock,person",3,0.0447
189153,000000189153.jpg,480,640,person,2,0.5109
164957,000000164957.jpg,640,480,bed,1,0.5447
244164,000000244164.jpg,640,480,"bed,person",2,0.4682
295359,000000295359.jpg,612,612,bench,2,0.1899
519993,000000519993.jpg,640,480,"bench,person",3,0.3102
552235,000000552235.jpg,480,640,chair,1,0.0501
389743,000000389743.jpg,640,480,"chair,person",3,0.3068
44953,000000044953.jpg,640,640,clock,2,0.1091
218116,000000218116.jpg,640,480,"clock,person",5,0.0441
549423,000000549423.jpg,640,480,person,2,0.5104
18211,000000018211.jpg,640,480,bed,2,0.5349
131665,000000131665.jpg,640,480,"bed,person",2,0.4681
81591,000000081591.jpg,480,640,bench,2,0.1882
575719,000000575719.jpg,640,480,"bench,person",5,0.3096
426874,000000426874.jpg,480,640,chair,2,0.0482
504293,000000504293.jpg,493,640,"chair,person",3,0.3022
225261,000000225261.jpg,480,640,clock,1,0.109
185826,000000185826.jpg,480,640,"clock,person",2,0.0438
488500,000000488500.jpg,548,640,person,3,0.5073
78663,000000078663.jpg,640,480,bed,1,0.5314
480180,000000480180.jpg,480,640,"bed,person",2,0.4641
473340,000000473340.jpg,640,480,bench,1,0.1873
72453,000000072453.jpg,640,480,"bench,person",2,0.3094
304832,000000304832.jpg,480,640,chair,2,0.048
15394,000000015394.jpg,640,480,"chair,person",3,0.2988
295728,000000295728.jpg,512,640,clock,1,0.109
476706,000000476706.jpg,612,612,"clock,person",2,0.0425
311996,000000311996.jpg,640,636,person,3,0.5072
82457,000000082457.jpg,640,480,bed,1,0.5314
439322,000000439322.jpg,480,640,"bed,person",2,0.4584
409408,000000409408.jpg,640,485,bench,1,0.1855
9460,000000009460.jpg,640,480,"bench,person",4,0.3058
530394,000000530394.jpg,480,640,chair,2,0.0462
170865,000000170865.jpg,640,480,"chair,person",3,0.2971
218628,000000218628.jpg,612,612,clock,1,0.1086
175912,000000175912.jpg,640,480,"clock,person",4,0.0416
489440,000000489440.jpg,640,498,person,3,0.5047
51277,000000051277.jpg,612,612,bed,1,0.5259
355143,000000355143.jpg,640,480,"bed,person",2,0.4522
569249,000000569249.jpg,640,480,bench,2,0.1822
31462,000000031462.jpg,640,480,"bench,person",2,0.3012
240289,000000240289.jpg,640,480,chair,2,0.0376
175096,000000175096.jpg,601,640,"chair,person",4,0.295
369669,000000369669.jpg,640,480,clock,1,0.1085
380733,000000380733.jpg,640,480,"clock,person",2,0.0413
502582,000000502582.jpg,512,640,person,2,0.5022
59704,000000059704.jpg,640,480,bed,1,0.5253
130118,000000130118.jpg,640,512,"bed,person",2,0.4513
328433,000000328433.jpg,640,480,bench,2,0.1775
359686,000000359686.jpg,640,480,"bench,person",4,0.2996
356869,000000356869.jpg,640,480,chair,2,0.0358
441240,000000441240.jpg,640,480,"chair,person",3,0.2949
8892,000000008892.jpg,582,640,clock,1,0.1084
370911,000000370911.jpg,480,640,"clock,person",2,0.0399
277050,000000277050.jpg,640,480,person,2,0.5013
575902,000000575902.jpg,612,612,bed,2,0.5252
218114,000000218114.jpg,640,480,"bed,person",4,0.4481
510423,000000510423.jpg,640,480,bench,1,0.1758
157708,000000157708.jpg,640,496,"bench,person",4,0.2984
441083,000000441083.jpg,640,514,chair,5,0.0342
14180,000000014180.jpg,510,640,"chair,person",3,0.2892
374796,000000374796.jpg,640,509,clock,1,0.1065
216398,000000216398.jpg,640,640,"clock,person",4,0.0382
44719,000000044719.jpg,640,480,person,2,0.5003
541229,000000541229.jpg,640,480,bed,2,0.5208
314526,000000314526.jpg,640,480,"bed,person",3,0.4424
575005,000000575005.jpg,640,480,bench,2,0.1754
180463,000000180463.jpg,480,640,"bench,person",5,0.2972
302383,000000302383.jpg,640,540,chair,3,0.0324
202388,000000202388.jpg,640,640,"chair,person",4,0.2887
444500,000000444500.jpg,480,640,clock,1,0.1062
74137,000000074137.jpg,640,480,"clock,person",2,0.0378
388294,000000388294.jpg,640,480,person,2,0.5001
479292,000000479292.jpg,640,480,bed,2,0.5203
562015,000000562015.jpg,640,480,"bed,person",3,0.441
366148,000000366148.jpg,640,480,bench,2,0.1741
423455,000000423455.jpg,640,480,"bench,person",3,0.2971
142891,000000142891.jpg,640,480,chair,2,0.0303
286406,000000286406.jpg,499,640,"chair,person",3,0.2859
33499,000000033499.jpg,640,480,clock,1,0.1047
478485,000000478485.jpg,513,640,"clock,person",2,0.0378
4702,000000004702.jpg,526,640,person,2,0.4999
462353,000000462353.jpg,480,640,bed,1,0.5191
540645,000000540645.jpg,612,612,"bed,person",2,0.4377
222791,000000222791.jpg,640,640,bench,1,0.1737
399687,000000399687.jpg,640,512,"bench,person",3,0.2953
578793,000000578793.jpg,640,480,chair,2,0.0303
277326,000000277326.jpg,640,480,"chair,person",3,0.2841
483059,000000483059.jpg,480,640,clock,1,0.1027
484666,000000484666.jpg,640,640,"clock,person",3,0.037
574783,000000574783.jpg,480,640,person,2,0.4999
148301,000000148301.jpg,640,480,bed,3,0.5185
93176,000000093176.jpg,612,612,"bed,person",2,0.431
272487,000000272487.jpg,480,640,bench,1,0.1722
201969,000000201969.jpg,640,480,"bench,person",4,0.2946
468792,000000468792.jpg,640,573,"chair,person",4,0.2834
389622,000000389622.jpg,480,640,clock,1,0.1023
75266,000000075266.jpg,640,480,"clock,person",3,0.0364
392365,000000392365.jpg,640,480,person,2,0.4996
469902,000000469902.jpg,640,483,bed,2,0.512
307612,000000307612.jpg,480,640,"bed,person",2,0.4292
32289,000000032289.jpg,640,480,bench,1,0.1712
422583,000000422583.jpg,640,536,"bench,person",3,0.2941
55780,000000055780.jpg,480,640,"chair,person",3,0.283
78457,000000078457.jpg,480,640,clock,1,0.1018
506085,000000506085.jpg,640,480,"clock,person",2,0.0362
261669,000000261669.jpg,640,480,person,1,0.4986
386884,000000386884.jpg,640,480,bed,2,0.509
431494,000000431494.jpg,640,480,"bed,person",3,0.424
126822,000000126822.jpg,640,480,bench,2,0.1702
415464,000000415464.jpg,640,489,"bench,person",4,0.2901
213577,000000213577.jpg,640,480,"chair,person",4,0.2817
89259,000000089259.jpg,640,481,clock,1,0.1017
123412,000000123412.jpg,480,640,"clock,person",2,0.0361
189617,000000189617.jpg,640,480,person,2,0.4959
400313,000000400313.jpg,640,481,bed,2,0.5076
267028,000000267028.jpg,480,640,"bed,person",2,0.4191
386189,000000386189.jpg,640,480,bench,2,0.1678
519565,000000519565.jpg,640,480,"bench,person",2,0.2894
142352,000000142352.jpg,640,480,"chair,person",3,0.2812
325145,000000325145.jpg,480,640,clock,1,0.1017
21404,000000021404.jpg,480,640,"clock,person",2,0.036
171017,000000171017.jpg,640,480,person,3,0.4957
323115,000000323115.jpg,480,640,bed,1,0.505
171729,000000171729.jpg,640,480,"bed,person",2,0.4047
423513,000000423513.jpg,640,480,bench,2,0.1673
536707,000000536707.jpg,640,480,"bench,person",4,0.2889
576518,000000576518.jpg,640,480,"chair,person",5,0.2791
423990,000000423990.jpg,640,480,clock,1,0.1011
432008,000000432008.jpg,612,612,"clock,person",3,0.036
433806,000000433806.jpg,640,480,person,2,0.4954
105881,000000105881.jpg,640,480,bed,1,0.504
77355,000000077355.jpg,640,640,"bed,person",3,0.4035
30156,000000030156.jpg,640,480,bench,2,0.166
343148,000000343148.jpg,612,612,"bench,person",3,0.2873
103122,000000103122.jpg,640,480,"chair,person",4,0.2758
330391,000000330391.jpg,481,640,clock,1,0.0996
551241,000000551241.jpg,480,640,"clock,person",2,0.0358
447146,000000447146.jpg,514,640,person,2,0.4949
22759,000000022759.jpg,640,480,bed,2,0.5035
116881,000000116881.jpg,640,480,"bed,person",2,0.402
132752,000000132752.jpg,640,480,bench,2,0.1615
314082,000000314082.jpg,640,640,"bench,person",3,0.2848
191949,000000191949.jpg,640,480,"chair,person",3,0.2747
281631,000000281631.jpg,610,640,clock,1,0.099
110501,000000110501.jpg,480,640,"clock,person",4,0.0345
20509,000000020509.jpg,640,480,person,2,0.493
158345,000000158345.jpg,640,480,bed,1,0.5034
163575,000000163575.jpg,640,522,"bed,person",3,0.3994
282871,000000282871.jpg,480,640,bench,1,0.1603
267925,000000267925.jpg,640,480,"bench,person",4,0.2843
292697,000000292697.jpg,500,500,"chair,person",5,0.2746
17896,000000017896.jpg,640,512,clock,1,0.0988
44831,000000044831.jpg,480,640,"clock,person",2,0.0343
105110,000000105110.jpg,480,640,person,2,0.4926
485261,000000485261.jpg,640,480,bed,1,0.4989
244768,000000244768.jpg,640,584,"bed,person",3,0.3981
489099,000000489099.jpg,640,480,bench,1,0.1585
65209,000000065209.jpg,512,640,"bench,person",3,0.2839
86738,000000086738.jpg,493,640,"chair,person",5,0.2714
78,000000000078.jpg,612,612,clock,1,0.0983
564015,000000564015.jpg,640,480,"clock,person",3,0.0343
127522,000000127522.jpg,612,612,person,2,0.4926
168146,000000168146.jpg,480,640,bed,2,0.4965
320987,000000320987.jpg,640,480,"bed,person",2,0.3968
72810,000000072810.jpg,640,480,bench,3,0.1581
108123,000000108123.jpg,640,512,"bench,person",4,0.2827
388865,000000388865.jpg,640,480,"chair,person",4,0.2704
3084,000000003084.jpg,640,480,clock,1,0.0981
299782,000000299782.jpg,612,612,"clock,person",3,0.0342
53949,000000053949.jpg,480,640,person,2,0.4913
455257,000000455257.jpg,640,480,bed,2,0.4965
83386,000000083386.jpg,640,480,"bed,person",2,0.3952
89909,000000089909.jpg,612,612,bench,1,0.156
46630,000000046630.jpg,640,488,"bench,person",4,0.2826
274035,000000274035.jpg,480,640,"chair,person",4,0.269
220751,000000220751.jpg,480,640,clock,2,0.0969
140340,000000140340.jpg,640,480,"clock,person",2,0.0338
325907,000000325907.jpg,506,640,person,1,0.4906
33008,000000033008.jpg,640,480,bed,2,0.4963
462492,000000462492.jpg,480,640,"bed,person",2,0.3862
317054,000000317054.jpg,640,480,bench,2,0.1545
202067,000000202067.jpg,640,512,"bench,person",2,0.2817
69383,000000069383.jpg,612,612,"chair,person",3,0.2677
55460,000000055460.jpg,640,481,clock,1,0.0967
488219,000000488219.jpg,640,480,"clock,person",2,0.0335
81401,000000081401.jpg,640,482,person,2,0.4898
159121,000000159121.jpg,480,640,bed,1,0.4946
152237,000000152237.jpg,640,480,"bed,person",2,0.3815
35438,000000035438.jpg,480,640,bench,2,0.1524
407688,000000407688.jpg,640,519,"bench,person",4,0.2802
523753,000000523753.jpg,640,555,"chair,person",3,0.2651
195456,000000195456.jpg,480,640,clock,1,0.0947
9274,000000009274.jpg,480,640,"clock,person",4,0.0322
154927,000000154927.jpg,500,497,person,1,0.4865
449841,000000449841.jpg,612,612,bed,1,0.4938
131572,000000131572.jpg,640,480,"bed,person",2,0.3803
40455,000000040455.jpg,640,512,bench,2,0.1493
416596,000000416596.jpg,640,512,"bench,person",5,0.2801
350930,000000350930.jpg,640,512,"chair,person",4,0.2642
170024,000000170024.jpg,480,640,clock,1,0.0944
461802,000000461802.jpg,640,480,"clock,person",3,0.0321
333634,000000333634.jpg,639,640,person,3,0.4863
491623,000000491623.jpg,612,612,bed,2,0.4929
140092,000000140092.jpg,640,514,"bed,person",2,0.3715
192153,000000192153.jpg,640,480,bench,1,0.1492
113521,000000113521.jpg,640,480,"bench,person",5,0.2798
287374,000000287374.jpg,640,489,"chair,person",3,0.2636
577029,000000577029.jpg,509,640,clock,1,0.0944
73720,000000073720.jpg,480,640,"clock,person",2,0.0319
474667,000000474667.jpg,640,480,person,2,0.4857
419618,000000419618.jpg,640,480,bed,2,0.4887
331278,000000331278.jpg,640,480,"bed,person",2,0.3687
485785,000000485785.jpg,640,484,bench,3,0.1487
260500,000000260500.jpg,512,640,"bench,person",3,0.2791
486545,000000486545.jpg,640,480,"chair,person",4,0.2601
42551,000000042551.jpg,640,488,clock,1,0.0941
50602,000000050602.jpg,480,640,"clock,person",3,0.0317
575194,000000575194.jpg,640,521,person,2,0.4839
240637,000000240637.jpg,640,640,bed,2,0.4883
406074,000000406074.jpg,640,481,"bed,person",2,0.3661
105280,000000105280.jpg,640,484,bench,2,0.148
485179,000000485179.jpg,640,550,"bench,person",4,0.2787
167574,000000167574.jpg,640,480,"chair,person",4,0.2579
368637,000000368637.jpg,640,480,clock,1,0.0941
313449,000000313449.jpg,480,640,"clock,person",5,0.0317
427118,000000427118.jpg,640,480,person,2,0.4832
87230,000000087230.jpg,480,640,bed,1,0.4759
176008,000000176008.jpg,480,640,"bed,person",2,0.3651
52978,000000052978.jpg,500,640,bench,1,0.1474
491131,000000491131.jpg,640,480,"bench,person",2,0.2787
515214,000000515214.jpg,500,499,"chair,person",4,0.2565
14412,000000014412.jpg,612,612,clock,1,0.092
40711,000000040711.jpg,640,480,"clock,person",2,0.0306
454647,000000454647.jpg,480,640,person,2,0.4823
503411,000000503411.jpg,640,480,bed,1,0.4749
91465,000000091465.jpg,640,512,"bed,person",3,0.3527
263400,000000263400.jpg,481,640,bench,1,0.1464
203965,000000203965.jpg,640,480,"bench,person",4,0.2773
45136,000000045136.jpg,504,640,"chair,person",3,0.2556
503097,000000503097.jpg,640,640,clock,1,0.0903
212584,000000212584.jpg,640,480,person,2,0.4815
544234,000000544234.jpg,640,480,bed,1,0.4739
246016,000000246016.jpg,640,480,"bed,person",2,0.3498
18496,000000018496.jpg,640,640,bench,1,0.146
497082,000000497082.jpg,574,640,"bench,person",3,0.2728
207832,000000207832.jpg,480,640,"chair,person",3,0.2511
82327,000000082327.jpg,501,640,clock,1,0.0899
434618,000000434618.jpg,640,480,person,2,0.4813
546742,000000546742.jpg,640,480,bed,2,0.472
320015,000000320015.jpg,480,640,"bed,person",2,0.348
552685,000000552685.jpg,640,480,bench,1,0.1456
95257,000000095257.jpg,640,480,"bench,person",3,0.2726
440404,000000440404.jpg,640,480,"chair,person",2,0.2506
499398,000000499398.jpg,612,612,clock,1,0.0894
350534,000000350534.jpg,640,480,person,2,0.4801
556426,000000556426.jpg,480,640,bed,1,0.4706
293372,000000293372.jpg,640,525,"bed,person",2,0.3465
581180,000000581180.jpg,480,640,bench,1,0.142
510,000000000510.jpg,640,480,"bench,person",3,0.2724
203236,000000203236.jpg,640,480,"chair,person",3,0.2467
70067,000000070067.jpg,481,640,clock,1,0.0893
476360,000000476360.jpg,640,640,person,2,0.4776
66253,000000066253.jpg,640,480,bed,2,0.4688
310227,000000310227.jpg,640,541,"bed,person",2,0.3443
445179,000000445179.jpg,640,640,bench,1,0.1374
506258,000000506258.jpg,640,640,"bench,person",2,0.2705
450383,000000450383.jpg,480,640,"chair,person",4,0.2404
75325,000000075325.jpg,640,519,clock,1,0.0891
365035,000000365035.jpg,639,640,person,1,0.4773
473888,000000473888.jpg,640,480,bed,2,0.4635
290645,000000290645.jpg,480,640,"bed,person",2,0.3356
506007,000000506007.jpg,640,508,bench,1,0.1364
574804,000000574804.jpg,480,640,"bench,person",4,0.2702
204705,000000204705.jpg,612,612,"chair,person",3,0.238
507326,000000507326.jpg,480,640,clock,1,0.0887
145631,000000145631.jpg,550,640,person,3,0.476
57930,000000057930.jpg,612,612,bed,2,0.4624
194876,000000194876.jpg,480,640,"bed,person",2,0.3351
112867,000000112867.jpg,480,640,bench,1,0.1361
21780,000000021780.jpg,640,480,"bench,person",4,0.2701
35211,000000035211.jpg,480,640,"chair,person",6,0.2369
256154,000000256154.jpg,640,593,clock,2,0.0885
568333,000000568333.jpg,640,518,person,2,0.4759
72077,000000072077.jpg,640,480,bed,1,0.4619
14575,000000014575.jpg,640,640,"bed,person",2,0.3334
198947,000000198947.jpg,480,640,bench,5,0.1345
492129,000000492129.jpg,640,542,"bench,person",4,0.2685
191667,000000191667.jpg,640,480,"chair,person",3,0.2334
144182,000000144182.jpg,640,480,clock,2,0.0867
535325,000000535325.jpg,640,480,person,3,0.4739
82776,000000082776.jpg,612,612,bed,1,0.4544
247508,000000247508.jpg,640,480,"bed,person",2,0.331
391410,000000391410.jpg,640,480,bench,2,0.1342
193663,000000193663.jpg,512,640,"bench,person",3,0.2676
66862,000000066862.jpg,640,480,"chair,person",4,0.2331
429399,000000429399.jpg,504,640,clock,2,0.0864
311465,000000311465.jpg,640,480,person,2,0.4725
5154,000000005154.jpg,640,480,bed,1,0.4537
469727,000000469727.jpg,640,480,"bed,person",2,0.3229
254366,000000254366.jpg,640,491,bench,1,0.1334
556707,000000556707.jpg,504,640,"bench,person",3,0.2661
279083,000000279083.jpg,640,481,"chair,person",5,0.2289
313727,000000313727.jpg,640,480,clock,1,0.0863
241208,000000241208.jpg,640,480,person,4,0.4678
360672,000000360672.jpg,640,480,bed,1,0.4502
95383,000000095383.jpg,622,640,"bed,person",2,0.3134
28826,000000028826.jpg,640,480,bench,1,0.1312
321642,000000321642.jpg,640,480,"bench,person",4,0.2636
558274,000000558274.jpg,640,480,"chair,person",5,0.2285
338591,000000338591.jpg,480,640,clock,1,0.0862
46729,000000046729.jpg,640,496,person,4,0.4676
426077,000000426077.jpg,480,640,bed,1,0.4489
438691,000000438691.jpg,612,612,"bed,person",2,0.302
431164,000000431164.jpg,640,480,bench,2,0.1283
534292,000000534292.jpg,480,640,"bench,person",2,0.2635
479557,000000479557.jpg,640,480,"chair,person",3,0.2273
83452,000000083452.jpg,640,480,clock,1,0.0861
360307,000000360307.jpg,640,512,person,3,0.4675
434394,000000434394.jpg,640,480,bed,1,0.4488
550093,000000550093.jpg,480,640,"bed,person",2,0.3009
168084,000000168084.jpg,640,480,bench,1,0.1275
392033,000000392033.jpg,640,512,"bench,person",2,0.2628
143348,000000143348.jpg,640,480,"chair,person",4,0.2262
459631,000000459631.jpg,640,640,clock,1,0.085
169003,000000169003.jpg,521,640,person,2,0.4663
506943,000000506943.jpg,640,480,bed,1,0.4471
541282,000000541282.jpg,640,480,"bed,person",2,0.2897
412178,000000412178.jpg,525,640,bench,1,0.1271
129610,000000129610.jpg,640,480,"bench,person",3,0.2608
105364,000000105364.jpg,640,480,"chair,person",3,0.225
332736,000000332736.jpg,480,640,clock,1,0.0848
24776,000000024776.jpg,612,612,person,2,0.466
560683,000000560683.jpg,640,480,bed,1,0.4455
512436,000000512436.jpg,640,480,"bed,person",2,0.2843
435698,000000435698.jpg,640,480,bench,2,0.1223
231343,000000231343.jpg,640,480,"bench,person",4,0.2604
521663,000000521663.jpg,640,480,"chair,person",5,0.2238
201168,000000201168.jpg,480,640,clock,1,0.0844
313675,000000313675.jpg,640,640,person,2,0.4656
365945,000000365945.jpg,480,640,bed,1,0.4446
417573,000000417573.jpg,612,612,"bed,person",3,0.2802
347210,000000347210.jpg,640,611,bench,1,0.1201
272007,000000272007.jpg,612,612,"bench,person",5,0.2574
315339,000000315339.jpg,640,480,"chair,person",4,0.2236
305030,000000305030.jpg,640,480,clock,1,0.0835
278135,000000278135.jpg,640,480,person,2,0.4655
504955,000000504955.jpg,480,640,bed,1,0.4441
421433,000000421433.jpg,640,480,"bed,person",2,0.275
292047,000000292047.jpg,640,480,bench,2,0.1182
492114,000000492114.jpg,640,480,"bench,person",4,0.2562
113722,000000113722.jpg,640,559,"chair,person",3,0.221
358120,000000358120.jpg,640,480,clock,1,0.0816
22403,000000022403.jpg,640,480,person,2,0.4646
214671,000000214671.jpg,480,640,bed,2,0.4427
382356,000000382356.jpg,640,480,"bed,person",3,0.2722
115070,000000115070.jpg,480,640,bench,2,0.1174
287372,000000287372.jpg,640,526,"bench,person",4,0.2559
425917,000000425917.jpg,640,480,"chair,person",3,0.2205
508215,000000508215.jpg,640,480,clock,1,0.0776
337160,000000337160.jpg,640,480,person,3,0.4637
352511,000000352511.jpg,480,640,bed,1,0.4401
342874,000000342874.jpg,612,612,"bed,person",2,0.272
112805,000000112805.jpg,640,480,bench,1,0.1163
360447,000000360447.jpg,640,480,"bench,person",4,0.2557
471708,000000471708.jpg,640,480,"chair,person",4,0.2198
49733,000000049733.jpg,480,640,clock,1,0.0772
581831,000000581831.jpg,612,612,person,2,0.4626
306395,000000306395.jpg,640,480,bed,3,0.4388
374017,000000374017.jpg,640,480,"bed,person",2,0.2638
279935,000000279935.jpg,640,480,bench,2,0.1162
487925,000000487925.jpg,640,480,"bench,person",4,0.2552
269605,000000269605.jpg,480,640,"chair,person",3,0.218
333376,000000333376.jpg,480,640,clock,1,0.0768
129864,000000129864.jpg,640,480,person,2,0.4624
372861,000000372861.jpg,640,480,bed,1,0.4369
538175,000000538175.jpg,612,612,"bed,person",2,0.2591
544094,000000544094.jpg,640,480,bench,2,0.1162
190994,000000190994.jpg,640,480,"bench,person",4,0.2544
221505,000000221505.jpg,640,480,"chair,person",3,0.2174
252272,000000252272.jpg,640,480,clock,1,0.0767
24712,000000024712.jpg,640,480,person,3,0.4619
521560,000000521560.jpg,640,480,bed,1,0.4365
159974,000000159974.jpg,640,480,"bed,person",2,0.2498
371155,000000371155.jpg,640,555,bench,1,0.116
425774,000000425774.jpg,640,513,"bench,person",2,0.2537
525300,000000525300.jpg,640,480,"chair,person",4,0.2145
574221,000000574221.jpg,480,640,clock,1,0.074
512400,000000512400.jpg,545,640,person,2,0.4598
552594,000000552594.jpg,640,480,bed,2,0.4346
376315,000000376315.jpg,640,490,"bed,person",2,0.2313
504194,000000504194.jpg,640,480,bench,3,0.1156
307342,000000307342.jpg,640,480,"bench,person",3,0.2533
98233,000000098233.jpg,640,480,"chair,person",4,0.2139
331282,000000331282.jpg,640,480,clock,1,0.0733
177915,000000177915.jpg,640,480,person,2,0.4589
351566,000000351566.jpg,480,640,bed,2,0.4334
54928,000000054928.jpg,640,480,"bed,person",2,0.2293
12999,000000012999.jpg,640,480,bench,1,0.1155
247475,000000247475.jpg,640,480,"bench,person",4,0.2524
143346,000000143346.jpg,598,640,"chair,person",5,0.212
180623,000000180623.jpg,640,480,clock,1,0.0718
451842,000000451842.jpg,640,619,person,3,0.4586
325298,000000325298.jpg,640,480,bed,2,0.4329
532013,000000532013.jpg,537,640,"bed,person",2,0.2215
485422,000000485422.jpg,640,640,bench,1,0.1134
195677,000000195677.jpg,612,612,"bench,person",2,0.2514
556341,000000556341.jpg,480,640,"chair,person",3,0.2093
413497,000000413497.jpg,480,640,clock,1,0.0717
215612,000000215612.jpg,512,640,person,3,0.458
552650,000000552650.jpg,480,640,bed,1,0.4311
165883,000000165883.jpg,640,480,"bed,person",3,0.2169
304937,000000304937.jpg,640,640,bench,1,0.1133
266889,000000266889.jpg,640,486,"bench,person",3,0.2497
119297,000000119297.jpg,640,480,"chair,person",4,0.208
398682,000000398682.jpg,612,612,clock,1,0.0713
401957,000000401957.jpg,504,640,person,3,0.458
145891,000000145891.jpg,640,480,bed,2,0.4297
75055,000000075055.jpg,480,640,"bed,person",3,0.2136
181643,000000181643.jpg,640,480,bench,2,0.1106
509786,000000509786.jpg,480,640,"bench,person",4,0.2488
564,000000000564.jpg,520,640,"chair,person",3,0.2057
257167,000000257167.jpg,640,480,clock,1,0.0709
310079,000000310079.jpg,640,480,person,2,0.4568
137016,000000137016.jpg,640,480,bed,2,0.4287
357272,000000357272.jpg,640,480,"bed,person",2,0.207
145284,000000145284.jpg,612,612,bench,1,0.1093
276418,000000276418.jpg,640,480,"bench,person",3,0.247
347542,000000347542.jpg,480,640,"chair,person",4,0.2055
357432,000000357432.jpg,640,480,clock,1,0.0701
510790,000000510790.jpg,640,498,person,2,0.4555
448286,000000448286.jpg,640,480,bed,1,0.4275
7167,000000007167.jpg,640,480,"bed,person",2,0.2064
434968,000000434968.jpg,480,640,bench,2,0.1091
338948,000000338948.jpg,640,480,"bench,person",3,0.247
70749,000000070749.jpg,480,640,"chair,person",3,0.2041
20563,000000020563.jpg,480,640,clock,1,0.0694
165606,000000165606.jpg,640,486,person,2,0.4554
35033,000000035033.jpg,640,480,bed,1,0.4264
358172,000000358172.jpg,640,480,"bed,person",2,0.2064
368044,000000368044.jpg,640,480,bench,2,0.1079
299259,000000299259.jpg,480,640,"bench,person",3,0.2455
224358,000000224358.jpg,640,627,"chair,person",4,0.2035
89223,000000089223.jpg,612,612,clock,1,0.0687
126255,000000126255.jpg,488,500,person,2,0.4551
187432,000000187432.jpg,480,640,bed,3,0.4259
312326,000000312326.jpg,640,480,"bed,person",2,0.1984
223516,000000223516.jpg,640,497,bench,2,0.1075
10040,000000010040.jpg,640,480,"bench,person",2,0.2442
457739,000000457739.jpg,480,640,"chair,person",3,0.2031
243775,000000243775.jpg,480,640,clock,1,0.0676
224702,000000224702.jpg,489,640,person,3,0.455
175494,000000175494.jpg,640,480,bed,2,0.425
532799,000000532799.jpg,480,640,"bed,person",2,0.197
61524,000000061524.jpg,612,612,bench,2,0.107
87216,000000087216.jpg,640,480,"bench,person",6,0.2439
320428,000000320428.jpg,640,480,"chair,person",4,0.2027
505492,000000505492.jpg,480,640,clock,3,0.0673
562150,000000562150.jpg,640,516,person,3,0.4533
469857,000000469857.jpg,480,640,bed,1,0.4246
118356,000000118356.jpg,640,480,"bed,person",2,0.1753
152663,000000152663.jpg,480,640,bench,1,0.1055
380140,000000380140.jpg,640,511,"bench,person",2,0.2433
111422,000000111422.jpg,640,480,"chair,person",3,0.2016
283790,000000283790.jpg,480,640,clock,1,0.0672
433392,000000433392.jpg,640,480,person,3,0.4528
315378,000000315378.jpg,480,640,bed,1,0.4224
193340,000000193340.jpg,480,640,"bed,person",2,0.1636
357771,000000357771.jpg,640,480,bench,1,0.105
239644,000000239644.jpg,640,569,"bench,person",4,0.241
58633,000000058633.jpg,640,480,"chair,person",5,0.1992
445605,000000445605.jpg,612,612,clock,1,0.0667
99794,000000099794.jpg,640,480,person,3,0.4521
328065,000000328065.jpg,480,640,bed,1,0.4223
553761,000000553761.jpg,640,480,bench,2,0.1041
39016,000000039016.jpg,487,500,"bench,person",3,0.2388
76746,000000076746.jpg,493,500,"chair,person",3,0.1985
263727,000000263727.jpg,480,640,clock,2,0.0666
69365,000000069365.jpg,480,640,person,3,0.4503
404266,000000404266.jpg,480,640,bed,2,0.4222
410912,000000410912.jpg,640,480,bench,2,0.1034
272059,000000272059.jpg,480,640,"bench,person",3,0.2384
118436,000000118436.jpg,480,640,"chair,person",3,0.1963
386475,000000386475.jpg,480,640,clock,1,0.0664
572508,000000572508.jpg,480,640,person,2,0.4491
136487,000000136487.jpg,480,485,bed,1,0.4212
231812,000000231812.jpg,640,483,bench,1,0.1019
236272,000000236272.jpg,640,512,"bench,person",4,0.2374
101860,000000101860.jpg,480,640,"chair,person",4,0.196
198661,000000198661.jpg,480,640,clock,1,0.0661
479808,000000479808.jpg,640,480,person,2,0.4484
416778,000000416778.jpg,640,480,bed,1,0.4193
388391,000000388391.jpg,640,480,bench,2,0.1011
424404,000000424404.jpg,640,480,"bench,person",4,0.237
225607,000000225607.jpg,640,616,"chair,person",4,0.1958
325600,000000325600.jpg,538,640,clock,1,0.0655
574277,000000574277.jpg,640,491,person,2,0.4462
134085,000000134085.jpg,640,480,bed,2,0.4189
459136,000000459136.jpg,480,640,bench,1,0.1011
389935,000000389935.jpg,640,480,"bench,person",4,0.2367
5917,000000005917.jpg,640,480,"chair,person",4,0.1956
387833,000000387833.jpg,480,640,clock,1,0.0655
305687,000000305687.jpg,638,640,person,2,0.4455
320899,000000320899.jpg,640,480,bed,1,0.418
362690,000000362690.jpg,480,640,bench,1,0.1002
333532,000000333532.jpg,640,535,"bench,person",3,0.2366
400409,000000400409.jpg,480,640,"chair,person",4,0.1954
116370,000000116370.jpg,640,480,clock,1,0.0654
540775,000000540775.jpg,508,640,person,2,0.4449
504142,000000504142.jpg,640,484,bed,2,0.4174
482320,000000482320.jpg,640,480,bench,1,0.0999
299662,000000299662.jpg,640,480,"bench,person",5,0.236
48604,000000048604.jpg,640,480,"chair,person",3,0.1923
263382,000000263382.jpg,640,480,clock,1,0.0653
118406,000000118406.jpg,538,640,person,3,0.4437
115378,000000115378.jpg,640,480,bed,2,0.4169
545293,000000545293.jpg,480,640,bench,1,0.098
399178,000000399178.jpg,640,480,"bench,person",4,0.2352
426052,000000426052.jpg,640,480,"chair,person",4,0.1916
366984,000000366984.jpg,640,480,clock,1,0.0648
147012,000000147012.jpg,640,480,person,3,0.4429
577312,000000577312.jpg,480,640,bed,1,0.4163
546300,000000546300.jpg,640,480,bench,1,0.0975
18839,000000018839.jpg,612,612,"bench,person",5,0.2326
27519,000000027519.jpg,640,480,"chair,person",5,0.1912
549478,000000549478.jpg,640,480,clock,1,0.0647
146162,000000146162.jpg,640,574,person,2,0.4418
73567,000000073567.jpg,640,640,bed,2,0.4073
4571,000000004571.jpg,640,512,bench,1,0.0939
151124,000000151124.jpg,640,480,"bench,person",2,0.2305
318777,000000318777.jpg,640,480,"chair,person",3,0.19
28385,000000028385.jpg,640,480,clock,1,0.0639
277956,000000277956.jpg,640,480,person,2,0.4416
112622,000000112622.jpg,612,612,bed,1,0.4055
188236,000000188236.jpg,640,480,bench,1,0.0914
440136,000000440136.jpg,612,612,"bench,person",2,0.2301
178081,000000178081.jpg,640,480,"chair,person",3,0.1897
514402,000000514402.jpg,480,640,clock,1,0.0639
80698,000000080698.jpg,640,480,person,3,0.4411
82788,000000082788.jpg,480,640,bed,2,0.4041
397045,000000397045.jpg,640,480,bench,2,0.0912
65170,000000065170.jpg,640,593,"bench,person",2,0.2293
549910,000000549910.jpg,640,480,"chair,person",5,0.1895
283432,000000283432.jpg,480,640,clock,1,0.0638
188815,000000188815.jpg,640,482,person,3,0.4408
406326,000000406326.jpg,640,480,bed,2,0.4023
304079,000000304079.jpg,640,480,bench,2,0.0906
422542,000000422542.jpg,480,640,"bench,person",2,0.2289
82542,000000082542.jpg,512,640,"chair,person",3,0.1888
219920,000000219920.jpg,640,480,clock,1,0.0635
369019,000000369019.jpg,640,512,person,3,0.4407
505891,000000505891.jpg,640,480,bed,2,0.4023
48256,000000048256.jpg,640,480,bench,2,0.0885
357362,000000357362.jpg,640,480,"bench,person",3,0.228
124712,000000124712.jpg,640,480,"chair,person",4,0.1868
194419,000000194419.jpg,640,530,clock,1,0.0617
302292,000000302292.jpg,640,480,person,2,0.4404
558128,000000558128.jpg,480,640,bed,1,0.4014
182401,000000182401.jpg,640,639,bench,1,0.0874
307686,000000307686.jpg,640,480,"bench,person",2,0.2277
545812,000000545812.jpg,640,480,"chair,person",3,0.1867
211436,000000211436.jpg,612,612,clock,1,0.0613
565395,000000565395.jpg,640,480,person,3,0.4395
27591,000000027591.jpg,640,480,bed,1,0.3992
220171,000000220171.jpg,640,501,bench,1,0.0851
72338,000000072338.jpg,480,640,"bench,person",3,0.2258
290705,000000290705.jpg,640,480,"chair,person",3,0.1852
65231,000000065231.jpg,640,480,clock,1,0.0612
339489,000000339489.jpg,640,512,person,2,0.4392
172006,000000172006.jpg,640,480,bed,2,0.3988
559657,000000559657.jpg,640,480,bench,2,0.085
489470,000000489470.jpg,480,640,"bench,person",2,0.2243
198437,000000198437.jpg,638,640,"chair,person",3,0.185
244111,000000244111.jpg,640,480,clock,1,0.0612
502214,000000502214.jpg,612,612,person,2,0.4386
443725,000000443725.jpg,640,480,bed,1,0.3982
319912,000000319912.jpg,640,481,bench,1,0.0848
516220,000000516220.jpg,480,640,"bench,person",3,0.2228
52943,000000052943.jpg,640,480,"chair,person",3,0.1837
467927,000000467927.jpg,640,488,clock,1,0.061
121181,000000121181.jpg,640,640,person,2,0.4384
286692,000000286692.jpg,640,480,bed,1,0.3961
540746,000000540746.jpg,640,480,bench,1,0.0809
544690,000000544690.jpg,640,480,"bench,person",4,0.2202
516913,000000516913.jpg,480,640,"chair,person",4,0.1813
367452,000000367452.jpg,480,640,clock,1,0.0601
184121,000000184121.jpg,640,518,person,2,0.4369
448236,000000448236.jpg,640,480,bed,2,0.395
156466,000000156466.jpg,503,640,bench,1,0.0801
399956,000000399956.jpg,612,612,"bench,person",2,0.2195
49301,000000049301.jpg,640,480,"chair,person",3,0.1809
566314,000000566314.jpg,640,506,clock,1,0.0601
486606,000000486606.jpg,483,500,person,2,0.4369
206255,000000206255.jpg,480,640,bed,3,0.3934
212780,000000212780.jpg,480,640,bench,3,0.0798
151159,000000151159.jpg,640,488,"bench,person",3,0.2189
470070,000000470070.jpg,640,480,"chair,person",4,0.1793
264209,000000264209.jpg,640,480,clock,1,0.0597
351463,000000351463.jpg,640,480,person,2,0.4361
118073,000000118073.jpg,480,640,bed,1,0.3906
182403,000000182403.jpg,640,480,bench,1,0.0777
203559,000000203559.jpg,480,640,"bench,person",3,0.2173
222711,000000222711.jpg,640,513,"chair,person",3,0.179
64,000000000064.jpg,480,640,clock,4,0.0574
221470,000000221470.jpg,640,480,person,3,0.436
460901,000000460901.jpg,640,480,bed,1,0.3862
488154,000000488154.jpg,640,480,bench,2,0.0767
459569,000000459569.jpg,640,480,"bench,person",4,0.2162
342774,000000342774.jpg,480,640,"chair,person",4,0.1763
404064,000000404064.jpg,640,578,clock,2,0.0569
218290,000000218290.jpg,640,480,person,3,0.4353
319337,000000319337.jpg,480,640,bed,2,0.3861
278082,000000278082.jpg,612,612,bench,1,0.0749
560620,000000560620.jpg,640,503,"bench,person",3,0.2161
570738,000000570738.jpg,640,480,"chair,person",5,0.1735
18183,000000018183.jpg,640,480,clock,1,0.0566
507180,000000507180.jpg,612,612,person,2,0.4346
229387,000000229387.jpg,640,481,bed,2,0.3781
182179,000000182179.jpg,640,480,bench,1,0.0742
494066,000000494066.jpg,640,480,"bench,person",4,0.216
537543,000000537543.jpg,640,480,"chair,person",4,0.1714
403521,000000403521.jpg,640,480,clock,1,0.0565
136992,000000136992.jpg,640,640,person,2,0.4344
487962,000000487962.jpg,494,640,bed,1,0.3771
517394,000000517394.jpg,640,512,bench,1,0.0737
429290,000000429290.jpg,612,612,"bench,person",3,0.2149
24730,000000024730.jpg,640,480,"chair,person",4,0.17
109169,000000109169.jpg,640,480,clock,1,0.056
29444,000000029444.jpg,640,480,person,2,0.4337
113649,000000113649.jpg,640,480,bed,2,0.3769
323467,000000323467.jpg,640,481,bench,1,0.0729
262935,000000262935.jpg,640,480,"bench,person",4,0.2098
462662,000000462662.jpg,640,480,"chair,person",4,0.168
565979,000000565979.jpg,480,640,clock,1,0.056
441062,000000441062.jpg,640,480,person,3,0.4334
163660,000000163660.jpg,612,612,bed,2,0.3743
227289,000000227289.jpg,640,480,bench,2,0.0726
302595,000000302595.jpg,640,480,"bench,person",4,0.2088
170925,000000170925.jpg,574,640,"chair,person",3,0.1673
560566,000000560566.jpg,612,612,clock,2,0.0557
239499,000000239499.jpg,612,612,person,3,0.433
27626,000000027626.jpg,640,480,bed,1,0.3735
25853,000000025853.jpg,640,480,bench,5,0.0721
337895,000000337895.jpg,640,480,"bench,person",4,0.2084
329258,000000329258.jpg,500,500,"chair,person",3,0.1672
21915,000000021915.jpg,640,640,clock,1,0.0554
336541,000000336541.jpg,640,480,person,3,0.433
580363,000000580363.jpg,640,480,bed,1,0.3716
552966,000000552966.jpg,480,640,bench,1,0.0713
553498,000000553498.jpg,640,480,"bench,person",4,0.2077
406233,000000406233.jpg,480,640,"chair,person",4,0.1662
126065,000000126065.jpg,640,480,clock,1,0.0553
445682,000000445682.jpg,626,586,person,2,0.4328
26630,000000026630.jpg,612,612,bed,1,0.3676
562834,000000562834.jpg,640,480,bench,1,0.0713
511977,000000511977.jpg,496,640,"bench,person",3,0.2073
401608,000000401608.jpg,640,480,"chair,person",4,0.1609
519977,000000519977.jpg,480,640,clock,1,0.0553
571648,000000571648.jpg,640,519,person,3,0.4311
27030,000000027030.jpg,480,640,bed,1,0.3675
231604,000000231604.jpg,640,480,bench,1,0.0709
343737,000000343737.jpg,602,640,"bench,person",3,0.2054
541690,000000541690.jpg,640,480,"chair,person",4,0.16
335653,000000335653.jpg,640,480,clock,1,0.0551
195861,000000195861.jpg,640,538,person,4,0.4294
431240,000000431240.jpg,640,480,bed,2,0.3664
75923,000000075923.jpg,640,480,bench,2,0.0702
306619,000000306619.jpg,543,640,"bench,person",3,0.2045
265135,000000265135.jpg,640,480,"chair,person",3,0.1576
204542,000000204542.jpg,640,480,clock,1,0.055
290967,000000290967.jpg,640,480,person,2,0.4288
15386,000000015386.jpg,640,480,bed,1,0.3654
306154,000000306154.jpg,640,480,bench,2,0.0695
545919,000000545919.jpg,640,526,"bench,person",4,0.2044
143845,000000143845.jpg,480,640,"chair,person",3,0.1561
248017,000000248017.jpg,480,640,clock,1,0.0548
185036,000000185036.jpg,640,480,person,1,0.4271
566046,000000566046.jpg,480,640,bed,1,0.3595
365578,000000365578.jpg,480,640,bench,1,0.0695
94769,000000094769.jpg,640,480,"bench,person",3,0.2031
333152,000000333152.jpg,640,512,"chair,person",4,0.1537
236324,000000236324.jpg,640,480,clock,1,0.0547
275502,000000275502.jpg,640,480,person,2,0.4258
347548,000000347548.jpg,640,480,bed,1,0.3584
431696,000000431696.jpg,640,640,bench,1,0.0685
97423,000000097423.jpg,640,517,"bench,person",5,0.2029
495969,000000495969.jpg,640,480,"chair,person",4,0.1516
338518,000000338518.jpg,640,480,clock,2,0.0546
470604,000000470604.jpg,640,631,person,2,0.425
379318,000000379318.jpg,640,480,bed,1,0.3566
467468,000000467468.jpg,640,480,bench,2,0.068
216051,000000216051.jpg,640,502,"bench,person",3,0.2023
460222,000000460222.jpg,480,640,"chair,person",3,0.1504
340941,000000340941.jpg,480,640,clock,1,0.0545
238124,000000238124.jpg,512,640,person,2,0.4243
463669,000000463669.jpg,640,480,bed,2,0.3547
111988,000000111988.jpg,640,480,bench,1,0.0679
354575,000000354575.jpg,640,512,"bench,person",4,0.2016
238712,000000238712.jpg,640,480,"chair,person",4,0.1471
340528,000000340528.jpg,640,480,clock,1,0.0543
44127,000000044127.jpg,640,512,person,2,0.4204
234457,000000234457.jpg,640,480,bed,2,0.3534
434097,000000434097.jpg,640,504,bench,1,0.066
314026,000000314026.jpg,512,640,"bench,person",3,0.2013
138579,000000138579.jpg,640,480,"chair,person",4,0.1464
475881,000000475881.jpg,480,640,clock,1,0.0538
44476,000000044476.jpg,566,640,person,2,0.4201
538925,000000538925.jpg,640,480,bed,1,0.3526
56624,000000056624.jpg,612,612,bench,1,0.0657
506342,000000506342.jpg,612,612,"bench,person",3,0.2011
574717,000000574717.jpg,480,640,"chair,person",3,0.1445
153723,000000153723.jpg,480,640,clock,1,0.0535
378373,000000378373.jpg,640,484,person,2,0.4188
73835,000000073835.jpg,480,640,bed,1,0.3501
194194,000000194194.jpg,640,640,bench,1,0.0657
18816,000000018816.jpg,640,480,"bench,person",3,0.1996
105921,000000105921.jpg,640,480,"chair,person",3,0.1443
419711,000000419711.jpg,640,640,clock,1,0.053
153013,000000153013.jpg,480,640,person,2,0.4186
134375,000000134375.jpg,640,480,bed,1,0.349
133883,000000133883.jpg,612,612,bench,1,0.0652
446209,000000446209.jpg,638,640,"bench,person",5,0.1979
385661,000000385661.jpg,640,480,"chair,person",4,0.1443
158993,000000158993.jpg,480,640,clock,1,0.0524
98284,000000098284.jpg,499,640,person,4,0.4183
150347,000000150347.jpg,640,480,bed,1,0.3469
399091,000000399091.jpg,640,480,bench,1,0.0652
493219,000000493219.jpg,480,640,"bench,person",2,0.1963
75450,000000075450.jpg,480,640,"chair,person",3,0.1435
394866,000000394866.jpg,640,480,clock,1,0.0523
100311,000000100311.jpg,640,480,person,3,0.4183
65816,000000065816.jpg,640,480,bed,1,0.3426
4760,000000004760.jpg,480,640,bench,2,0.0642
203986,000000203986.jpg,480,640,"bench,person",4,0.196
24912,000000024912.jpg,640,480,"chair,person",5,0.143
517047,000000517047.jpg,480,640,clock,1,0.0521
76170,000000076170.jpg,480,640,person,2,0.4177
313428,000000313428.jpg,625,505,bed,1,0.3425
162598,000000162598.jpg,480,640,bench,1,0.0634
541613,000000541613.jpg,640,480,"bench,person",3,0.1957
96828,000000096828.jpg,640,480,"chair,person",3,0.1427
163602,000000163602.jpg,480,640,clock,2,0.0519
405456,000000405456.jpg,640,558,person,3,0.4171
259760,000000259760.jpg,640,480,bed,1,0.3409
293252,000000293252.jpg,640,480,bench,1,0.0634
484150,000000484150.jpg,640,480,"bench,person",2,0.1928
8119,000000008119.jpg,640,480,"chair,person",5,0.141
388854,000000388854.jpg,480,640,clock,1,0.0512
35265,000000035265.jpg,640,480,person,3,0.4166
224367,000000224367.jpg,480,640,bed,3,0.3356
67634,000000067634.jpg,640,640,bench,1,0.0626
239492,000000239492.jpg,640,480,"bench,person",4,0.1927
26829,000000026829.jpg,640,480,"chair,person",4,0.1406
26227,000000026227.jpg,640,480,clock,1,0.0502
330435,000000330435.jpg,480,640,person,2,0.4162
341121,000000341121.jpg,640,481,bed,1,0.3346
130651,000000130651.jpg,640,480,bench,2,0.0615
211047,000000211047.jpg,640,640,"bench,person",3,0.1926
433975,000000433975.jpg,640,480,"chair,person",4,0.1392
238184,000000238184.jpg,640,480,clock,2,0.0491
357220,000000357220.jpg,611,640,person,2,0.4162
205875,000000205875.jpg,640,480,bed,1,0.3344
165106,000000165106.jpg,480,640,bench,1,0.0613
253125,000000253125.jpg,640,491,"bench,person",5,0.1896
494711,000000494711.jpg,640,480,"chair,person",5,0.1373
371999,000000371999.jpg,612,612,clock,1,0.0489
529277,000000529277.jpg,640,480,person,2,0.4161
318644,000000318644.jpg,640,480,bed,1,0.3315
436002,000000436002.jpg,640,481,bench,2,0.0602
158737,000000158737.jpg,518,640,"bench,person",3,0.1883
445263,000000445263.jpg,640,480,"chair,person",3,0.137
175000,000000175000.jpg,480,640,clock,1,0.0478
23420,000000023420.jpg,640,640,person,2,0.4152
280363,000000280363.jpg,640,480,bed,1,0.3307
152483,000000152483.jpg,640,640,bench,1,0.0601
86409,000000086409.jpg,640,512,"bench,person",5,0.1876
231401,000000231401.jpg,640,480,"chair,person",3,0.1367
283516,000000283516.jpg,499,640,clock,1,0.0468
761,000000000761.jpg,640,480,person,3,0.4149
162892,000000162892.jpg,640,480,bed,1,0.3304
192529,000000192529.jpg,480,640,bench,3,0.0577
254927,000000254927.jpg,640,489,"bench,person",3,0.1865
477298,000000477298.jpg,640,480,"chair,person",3,0.136
438755,000000438755.jpg,480,640,clock,1,0.0467
294527,000000294527.jpg,487,640,person,3,0.4145
116352,000000116352.jpg,640,480,bed,1,0.3294
81897,000000081897.jpg,640,480,bench,1,0.0571
304054,000000304054.jpg,612,612,"bench,person",4,0.1863
521204,000000521204.jpg,640,480,"chair,person",3,0.1332
217301,000000217301.jpg,560,640,clock,1,0.0466
57794,000000057794.jpg,640,640,person,2,0.4132
243218,000000243218.jpg,640,480,bed,2,0.3265
42387,000000042387.jpg,640,480,bench,1,0.0567
297877,000000297877.jpg,640,480,"bench,person",4,0.1851
19176,000000019176.jpg,640,480,"chair,person",3,0.1292
467460,000000467460.jpg,640,510,clock,1,0.0456
286234,000000286234.jpg,640,480,person,3,0.4119
493272,000000493272.jpg,480,640,bed,1,0.3252
211113,000000211113.jpg,640,480,bench,1,0.0565
412734,000000412734.jpg,640,481,"bench,person",4,0.1846
148924,000000148924.jpg,640,480,"chair,person",4,0.127
132037,000000132037.jpg,517,640,clock,1,0.0454
461595,000000461595.jpg,480,640,person,2,0.4117
435549,000000435549.jpg,640,480,bed,2,0.3238
14869,000000014869.jpg,640,480,bench,1,0.0557
337517,000000337517.jpg,640,480,"bench,person",2,0.1843
557717,000000557717.jpg,640,480,"chair,person",4,0.1257
231837,000000231837.jpg,640,480,clock,1,0.0445
576895,000000576895.jpg,640,480,person,3,0.4101
28850,000000028850.jpg,480,640,bed,1,0.3204
292435,000000292435.jpg,640,480,bench,2,0.0557
32664,000000032664.jpg,640,480,"bench,person",3,0.1841
426712,000000426712.jpg,640,640,"chair,person",3,0.1251
298788,000000298788.jpg,640,480,clock,2,0.0439
124924,000000124924.jpg,640,480,person,2,0.4096
263714,000000263714.jpg,640,480,bed,1,0.3189
222871,000000222871.jpg,640,480,bench,1,0.0545
185258,000000185258.jpg,640,480,"bench,person",4,0.1839
507390,000000507390.jpg,640,640,"chair,person",2,0.1243
372374,000000372374.jpg,640,640,clock,1,0.0431
343933,000000343933.jpg,480,640,person,2,0.4091
211823,000000211823.jpg,640,480,bed,1,0.3178
154607,000000154607.jpg,640,480,bench,1,0.0543
125769,000000125769.jpg,640,495,"bench,person",5,0.1823
515612,000000515612.jpg,640,512,"chair,person",2,0.1232
132373,000000132373.jpg,612,612,clock,1,0.043
401085,000000401085.jpg,640,480,person,2,0.4083
386637,000000386637.jpg,516,640,bed,2,0.3142
46760,000000046760.jpg,640,480,bench,2,0.0539
418557,000000418557.jpg,480,640,"bench,person",3,0.1822
545334,000000545334.jpg,640,480,"chair,person",4,0.1216
177166,000000177166.jpg,640,480,clock,1,0.0429
336493,000000336493.jpg,512,640,person,3,0.4079
572331,000000572331.jpg,640,480,bed,1,0.3105
393607,000000393607.jpg,640,480,bench,1,0.0517
286973,000000286973.jpg,640,480,"bench,person",2,0.1817
512451,000000512451.jpg,640,480,"chair,person",3,0.1214
412443,000000412443.jpg,640,480,clock,3,0.0428
291260,000000291260.jpg,480,640,person,2,0.4075
580932,000000580932.jpg,640,480,bed,2,0.3097
3217,000000003217.jpg,480,640,bench,1,0.0507
6332,000000006332.jpg,612,612,"bench,person",3,0.1808
581018,000000581018.jpg,481,640,"chair,person",4,0.1194
516508,000000516508.jpg,480,640,clock,1,0.0428
366961,000000366961.jpg,480,640,person,2,0.4066
161013,000000161013.jpg,612,612,bed,2,0.3091
126020,000000126020.jpg,583,640,bench,3,0.0504
541901,000000541901.jpg,480,640,"bench,person",4,0.1801
416248,000000416248.jpg,640,480,"chair,person",4,0.1188
492254,000000492254.jpg,480,640,clock,1,0.0427
526257,000000526257.jpg,640,480,person,3,0.4044
405852,000000405852.jpg,480,640,bed,1,0.3066
75076,000000075076.jpg,512,640,bench,1,0.05
239849,000000239849.jpg,512,640,"bench,person",4,0.1784
246875,000000246875.jpg,640,483,"chair,person",7,0.1182
516124,000000516124.jpg,640,607,clock,1,0.0426
189550,000000189550.jpg,612,612,person,2,0.4034
243734,000000243734.jpg,640,480,bed,2,0.3061
502613,000000502613.jpg,640,480,bench,1,0.0494
287422,000000287422.jpg,640,480,"bench,person",3,0.1776
187709,000000187709.jpg,640,480,"chair,person",4,0.1168
540103,000000540103.jpg,640,480,clock,1,0.0426
372714,000000372714.jpg,640,484,person,3,0.4034
354424,000000354424.jpg,640,480,bed,2,0.3039
55121,000000055121.jpg,640,639,bench,2,0.048
459328,000000459328.jpg,640,480,"bench,person",3,0.1773
364941,000000364941.jpg,640,480,"chair,person",4,0.1166
101588,000000101588.jpg,480,640,clock,1,0.0424
87214,000000087214.jpg,640,480,person,3,0.403
402271,000000402271.jpg,640,480,bed,1,0.3027
424788,000000424788.jpg,640,480,bench,1,0.048
210528,000000210528.jpg,480,640,"bench,person",3,0.1769
468043,000000468043.jpg,640,480,"chair,person",4,0.1153
499903,000000499903.jpg,640,480,clock,1,0.0421
425839,000000425839.jpg,640,480,person,2,0.4029
186502,000000186502.jpg,480,640,bed,2,0.3026
477887,000000477887.jpg,640,480,bench,2,0.0465
142953,000000142953.jpg,640,480,"bench,person",3,0.1746
479466,000000479466.jpg,640,480,"chair,person",4,0.1149
429061,000000429061.jpg,640,512,clock,1,0.0409
246563,000000246563.jpg,612,612,person,2,0.4026
443818,000000443818.jpg,640,486,bed,2,0.3021
66878,000000066878.jpg,489,640,bench,1,0.0462
201726,000000201726.jpg,640,640,"bench,person",4,0.173
475380,000000475380.jpg,640,480,"chair,person",4,0.1145
9172,000000009172.jpg,511,640,clock,2,0.0405
188757,000000188757.jpg,640,480,person,3,0.4016
62398,000000062398.jpg,640,480,bed,2,0.2929
228794,000000228794.jpg,640,480,bench,1,0.0455
471351,000000471351.jpg,640,480,"bench,person",4,0.173
105339,000000105339.jpg,565,640,"chair,person",2,0.1135
305056,000000305056.jpg,640,486,clock,1,0.0398
127629,000000127629.jpg,640,511,person,3,0.401
106850,000000106850.jpg,640,480,bed,2,0.2908
405660,000000405660.jpg,640,480,bench,1,0.0449
340308,000000340308.jpg,640,480,"bench,person",2,0.1716
562778,000000562778.jpg,640,599,"chair,person",4,0.1132
409323,000000409323.jpg,612,612,clock,2,0.0396
89174,000000089174.jpg,499,640,person,2,0.4008
521205,000000521205.jpg,640,480,bed,2,0.2905
573033,000000573033.jpg,612,612,bench,2,0.0449
41397,000000041397.jpg,480,640,"bench,person",3,0.1694
138054,000000138054.jpg,640,480,"chair,person",3,0.1102
552584,000000552584.jpg,480,640,clock,1,0.0394
232420,000000232420.jpg,640,480,person,3,0.4007
275529,000000275529.jpg,640,480,bed,1,0.2884
18888,000000018888.jpg,640,480,bench,1,0.0443
416810,000000416810.jpg,640,480,"bench,person",4,0.1689
516840,000000516840.jpg,640,512,"chair,person",4,0.1085
262752,000000262752.jpg,480,640,clock,1,0.039
390291,000000390291.jpg,480,640,person,2,0.4007
454271,000000454271.jpg,480,640,bed,1,0.2883
368311,000000368311.jpg,640,480,bench,1,0.0418
469165,000000469165.jpg,640,480,"bench,person",4,0.1652
306581,000000306581.jpg,480,640,"chair,person",6,0.1079
386257,000000386257.jpg,612,612,clock,1,0.0382
319351,000000319351.jpg,640,480,person,2,0.4005
379891,000000379891.jpg,640,480,bed,1,0.2873
79490,000000079490.jpg,640,480,bench,1,0.0417
538470,000000538470.jpg,488,640,"bench,person",5,0.1652
546664,000000546664.jpg,480,640,"chair,person",3,0.1071
28876,000000028876.jpg,640,491,clock,1,0.0376
316971,000000316971.jpg,640,577,person,2,0.4001
438926,000000438926.jpg,640,480,bed,1,0.2867
344229,000000344229.jpg,480,640,bench,2,0.041
294912,000000294912.jpg,480,640,"bench,person",5,0.1649
517135,000000517135.jpg,480,640,"chair,person",3,0.1062
5046,000000005046.jpg,640,519,clock,1,0.0375
92990,000000092990.jpg,640,480,person,2,0.3994
271002,000000271002.jpg,640,480,bed,2,0.2774
27343,000000027343.jpg,640,480,bench,2,0.0382
475588,000000475588.jpg,640,480,"bench,person",5,0.1644
336532,000000336532.jpg,480,640,"chair,person",6,0.1048
440443,000000440443.jpg,480,640,clock,1,0.0373
573704,000000573704.jpg,640,514,person,2,0.3991
195889,000000195889.jpg,640,480,bed,2,0.274
194555,000000194555.jpg,640,480,bench,1,0.0381
284152,000000284152.jpg,640,480,"bench,person",3,0.1634
187533,000000187533.jpg,480,640,"chair,person",3,0.1025
418297,000000418297.jpg,640,603,clock,2,0.0365
31273,000000031273.jpg,612,612,person,4,0.3988
143820,000000143820.jpg,640,480,bed,1,0.2736
365831,000000365831.jpg,640,480,bench,1,0.0375
205055,000000205055.jpg,640,480,"bench,person",3,0.1613
257821,000000257821.jpg,512,640,"chair,person",3,0.1022
130292,000000130292.jpg,480,640,clock,1,0.0363
219535,000000219535.jpg,640,480,person,4,0.3983
548218,000000548218.jpg,640,564,bed,1,0.272
566835,000000566835.jpg,640,640,bench,1,0.0372
142977,000000142977.jpg,640,480,"bench,person",3,0.1611
100539,000000100539.jpg,640,480,"chair,person",4,0.1021
167668,000000167668.jpg,480,640,clock,2,0.036
165476,000000165476.jpg,480,640,person,2,0.3982
339470,000000339470.jpg,640,480,bed,2,0.2706
8351,000000008351.jpg,640,481,bench,2,0.0341
208151,000000208151.jpg,640,480,"bench,person",4,0.1611
165200,000000165200.jpg,640,480,"chair,person",3,0.102
331978,000000331978.jpg,640,480,clock,1,0.0359
564166,000000564166.jpg,640,480,person,3,0.3966
101357,000000101357.jpg,640,480,bed,1,0.2704
157300,000000157300.jpg,480,640,bench,1,0.0341
342787,000000342787.jpg,640,488,"bench,person",5,0.1599
71126,000000071126.jpg,640,480,"chair,person",4,0.1013
268433,000000268433.jpg,640,484,clock,1,0.0357
157783,000000157783.jpg,640,506,person,2,0.3964
517454,000000517454.jpg,612,612,bed,2,0.2701
92631,000000092631.jpg,640,480,bench,3,0.0318
324603,000000324603.jpg,640,480,"bench,person",3,0.1564
159993,000000159993.jpg,640,629,"chair,person",4,0.1011
162914,000000162914.jpg,640,480,clock,1,0.0356
26356,000000026356.jpg,640,480,person,2,0.3954
422301,000000422301.jpg,640,480,bed,2,0.267
508488,000000508488.jpg,640,480,bench,2,0.0316
17095,000000017095.jpg,640,480,"bench,person",3,0.1551
502220,000000502220.jpg,640,480,"chair,person",3,0.1005
471884,000000471884.jpg,480,480,clock,1,0.0346
307032,000000307032.jpg,640,640,person,2,0.3951
426972,000000426972.jpg,640,480,bed,1,0.2669
204424,000000204424.jpg,480,640,bench,1,0.0315
231034,000000231034.jpg,640,537,"bench,person",3,0.1549
557819,000000557819.jpg,640,486,"chair,person",3,0.1001
254119,000000254119.jpg,480,640,clock,2,0.034
359823,000000359823.jpg,487,640,person,2,0.3934
111400,000000111400.jpg,640,480,bed,2,0.2628
501874,000000501874.jpg,640,480,bench,1,0.0312
257231,000000257231.jpg,640,480,"bench,person",4,0.1547
398534,000000398534.jpg,640,480,"chair,person",4,0.0999
25195,000000025195.jpg,640,480,clock,1,0.0338
574957,000000574957.jpg,640,480,person,2,0.3932
40685,000000040685.jpg,640,480,bed,2,0.2619
514155,000000514155.jpg,640,480,bench,2,0.0307
570680,000000570680.jpg,480,640,"bench,person",3,0.1547
292315,000000292315.jpg,640,480,"chair,person",4,0.0995
538209,000000538209.jpg,640,480,clock,1,0.0338
236245,000000236245.jpg,513,640,person,2,0.3931
376572,000000376572.jpg,612,612,bed,1,0.2591
75190,000000075190.jpg,640,480,bench,1,0.0303
524233,000000524233.jpg,640,480,"bench,person",3,0.1545
547730,000000547730.jpg,640,480,"chair,person",4,0.0992
556240,000000556240.jpg,512,640,clock,1,0.0335
276062,000000276062.jpg,640,480,person,2,0.3929
515147,000000515147.jpg,493,640,bed,1,0.2587
423624,000000423624.jpg,640,480,"bench,person",2,0.1537
120021,000000120021.jpg,640,480,"chair,person",3,0.0983
525189,000000525189.jpg,480,480,clock,1,0.0334
481861,000000481861.jpg,612,612,person,2,0.3923
435787,000000435787.jpg,640,480,bed,1,0.2573
302424,000000302424.jpg,640,480,"bench,person",3,0.1536
179532,000000179532.jpg,640,500,"chair,person",5,0.0974
239350,000000239350.jpg,640,480,clock,1,0.0331
313186,000000313186.jpg,480,640,person,2,0.3921
528507,000000528507.jpg,480,640,bed,1,0.2547
130997,000000130997.jpg,640,480,"bench,person",3,0.151
320349,000000320349.jpg,640,480,"chair,person",5,0.0961
236197,000000236197.jpg,640,523,clock,1,0.0326
448521,000000448521.jpg,640,480,person,3,0.3915
518179,000000518179.jpg,480,640,bed,1,0.2499
500165,000000500165.jpg,640,480,"bench,person",3,0.1506
498541,000000498541.jpg,640,616,"chair,person",5,0.0961
507781,000000507781.jpg,640,480,clock,1,0.0321
322103,000000322103.jpg,640,640,person,2,0.3914
541298,000000541298.jpg,480,640,bed,1,0.2484
113525,000000113525.jpg,640,480,"bench,person",2,0.1489
370120,000000370120.jpg,640,480,"chair,person",4,0.0958
361259,000000361259.jpg,480,640,clock,1,0.032
307475,000000307475.jpg,500,500,person,4,0.3905
270623,000000270623.jpg,640,480,bed,1,0.233
344878,000000344878.jpg,640,480,"bench,person",4,0.1488
383737,000000383737.jpg,612,612,"chair,person",4,0.0955
475890,000000475890.jpg,612,612,clock,1,0.032
503837,000000503837.jpg,640,480,person,3,0.3901
361905,000000361905.jpg,480,640,bed,1,0.23
483070,000000483070.jpg,640,480,"bench,person",4,0.1488
489853,000000489853.jpg,640,480,"chair,person",3,0.0955
349575,000000349575.jpg,480,640,clock,3,0.0317
345376,000000345376.jpg,640,480,person,3,0.3899
573151,000000573151.jpg,640,480,bed,1,0.2293
368969,000000368969.jpg,480,640,"bench,person",3,0.148
442645,000000442645.jpg,640,480,"chair,person",3,0.0941
265150,000000265150.jpg,480,640,clock,1,0.0313
142357,000000142357.jpg,640,640,person,2,0.3897
555571,000000555571.jpg,640,480,bed,1,0.2259
400828,000000400828.jpg,640,480,"bench,person",3,0.1476
481239,000000481239.jpg,482,500,"chair,person",4,0.0906
156410,000000156410.jpg,489,640,clock,2,0.031
211190,000000211190.jpg,500,484,person,2,0.3897
511307,000000511307.jpg,495,640,bed,2,0.225
97946,000000097946.jpg,512,640,"bench,person",3,0.147
157693,000000157693.jpg,640,480,"chair,person",4,0.0857
306928,000000306928.jpg,640,480,clock,1,0.031
130773,000000130773.jpg,480,640,person,2,0.3891
406226,000000406226.jpg,640,480,bed,1,0.2242
160607,000000160607.jpg,480,640,"bench,person",3,0.1467
315173,000000315173.jpg,640,506,"chair,person",4,0.0854
490322,000000490322.jpg,640,480,clock,1,0.031
457800,000000457800.jpg,640,480,person,2,0.389
135226,000000135226.jpg,640,480,bed,1,0.2225
242535,000000242535.jpg,480,640,"bench,person",3,0.1465
150082,000000150082.jpg,640,480,"chair,person",3,0.0838
161348,000000161348.jpg,640,480,clock,1,0.0309
203781,000000203781.jpg,640,480,person,2,0.3885
537372,000000537372.jpg,640,480,bed,2,0.2153
469195,000000469195.jpg,640,480,"bench,person",3,0.1434
89236,000000089236.jpg,640,480,"chair,person",3,0.0832
362620,000000362620.jpg,480,640,clock,1,0.0307
158887,000000158887.jpg,640,480,person,2,0.3883
516628,000000516628.jpg,480,640,bed,1,0.2146
332038,000000332038.jpg,640,480,"bench,person",2,0.142
430518,000000430518.jpg,481,640,"chair,person",4,0.0823
8218,000000008218.jpg,640,480,clock,1,0.0305
394992,000000394992.jpg,640,590,person,3,0.3883
274853,000000274853.jpg,640,480,bed,2,0.2112
264179,000000264179.jpg,640,640,"bench,person",3,0.1417
313579,000000313579.jpg,640,480,"chair,person",3,0.0814
541374,000000541374.jpg,640,480,person,2,0.3882
479647,000000479647.jpg,640,480,bed,1,0.2087
60989,000000060989.jpg,640,640,"bench,person",4,0.1406
286089,000000286089.jpg,640,480,"chair,person",4,0.0792
447336,000000447336.jpg,480,640,person,2,0.387
49370,000000049370.jpg,640,480,bed,2,0.2075
133580,000000133580.jpg,640,594,"bench,person",5,0.1399
466451,000000466451.jpg,640,480,"chair,person",4,0.079
566357,000000566357.jpg,613,640,person,2,0.3861
458629,000000458629.jpg,640,619,bed,1,0.2017
94046,000000094046.jpg,640,595,"bench,person",3,0.1386
267691,000000267691.jpg,480,640,"chair,person",4,0.0766
450711,000000450711.jpg,640,480,person,2,0.3859
144194,000000144194.jpg,640,480,bed,1,0.2015
187792,000000187792.jpg,640,480,"bench,person",2,0.1364
206463,000000206463.jpg,640,480,"chair,person",3,0.0765
518127,000000518127.jpg,640,480,person,2,0.3849
482989,000000482989.jpg,640,480,bed,1,0.2004
463224,000000463224.jpg,480,640,"bench,person",3,0.1362
97321,000000097321.jpg,640,480,"chair,person",3,0.0764
186721,000000186721.jpg,640,480,person,2,0.3843
552595,000000552595.jpg,640,480,bed,1,0.1999
66054,000000066054.jpg,640,480,"bench,person",4,0.1357
221888,000000221888.jpg,640,480,"chair,person",3,0.0759
338108,000000338108.jpg,480,640,person,2,0.3843
172017,000000172017.jpg,640,480,bed,2,0.1969
485387,000000485387.jpg,640,480,"bench,person",3,0.1353
524282,000000524282.jpg,640,480,"chair,person",3,0.0753
120511,000000120511.jpg,640,480,person,2,0.3835
180908,000000180908.jpg,480,640,bed,1,0.1942
528707,000000528707.jpg,640,480,"bench,person",3,0.1348
431650,000000431650.jpg,640,583,"chair,person",3,0.0743
69934,000000069934.jpg,640,493,person,2,0.3822
140577,000000140577.jpg,480,640,bed,1,0.1921
102030,000000102030.jpg,480,640,"bench,person",3,0.1313
43431,000000043431.jpg,640,480,"chair,person",4,0.0737
373223,000000373223.jpg,480,640,person,2,0.382
413736,000000413736.jpg,480,640,bed,1,0.1913
372182,000000372182.jpg,480,640,"bench,person",3,0.1307
176335,000000176335.jpg,640,483,"chair,person",5,0.0728
152588,000000152588.jpg,590,640,person,3,0.3818
158422,000000158422.jpg,640,480,bed,1,0.1878
258927,000000258927.jpg,480,640,"bench,person",4,0.1294
362884,000000362884.jpg,640,640,"chair,person",3,0.0726
296907,000000296907.jpg,640,480,person,2,0.3818
325647,000000325647.jpg,640,480,bed,1,0.1851
572012,000000572012.jpg,480,640,"bench,person",4,0.1287
216771,000000216771.jpg,640,480,"chair,person",5,0.0721
219848,000000219848.jpg,640,573,person,2,0.3801
140435,000000140435.jpg,480,640,bed,2,0.1833
462065,000000462065.jpg,640,481,"bench,person",3,0.1284
395402,000000395402.jpg,640,480,"chair,person",3,0.0706
46329,000000046329.jpg,640,512,person,2,0.3795
252413,000000252413.jpg,531,640,bed,1,0.1796
577076,000000577076.jpg,640,640,"bench,person",4,0.1284
458160,000000458160.jpg,640,480,"chair,person",4,0.07
485673,000000485673.jpg,640,480,person,4,0.3791
372460,000000372460.jpg,640,480,bed,2,0.1794
341272,000000341272.jpg,640,480,"bench,person",2,0.1281
357819,000000357819.jpg,640,480,"chair,person",4,0.0699
80306,000000080306.jpg,514,640,person,3,0.3783
530086,000000530086.jpg,640,480,bed,1,0.1791
326618,000000326618.jpg,480,640,"bench,person",3,0.128
555294,000000555294.jpg,640,480,"chair,person",3,0.0672
17858,000000017858.jpg,640,480,person,2,0.3781
447117,000000447117.jpg,640,480,bed,1,0.1788
448174,000000448174.jpg,640,541,"bench,person",3,0.1261
57461,000000057461.jpg,640,480,"chair,person",4,0.0671
313213,000000313213.jpg,640,480,person,2,0.3777
446615,000000446615.jpg,480,640,bed,2,0.1739
466083,000000466083.jpg,640,480,"bench,person",4,0.1238
351539,000000351539.jpg,640,480,"chair,person",3,0.067
328374,000000328374.jpg,640,480,person,2,0.3777
465495,000000465495.jpg,480,640,bed,3,0.1651
542514,000000542514.jpg,640,480,"bench,person",4,0.1228
434767,000000434767.jpg,640,480,"chair,person",3,0.066
183176,000000183176.jpg,480,640,person,2,0.3775
239853,000000239853.jpg,640,480,bed,1,0.164
306925,000000306925.jpg,480,640,"bench,person",4,0.1227
37624,000000037624.jpg,612,612,"chair,person",4,0.0639
22103,000000022103.jpg,640,480,person,2,0.3768
94376,000000094376.jpg,640,480,bed,2,0.1583
373716,000000373716.jpg,640,605,"bench,person",3,0.1207
11754,000000011754.jpg,640,480,"chair,person",3,0.0637
399481,000000399481.jpg,640,480,person,2,0.3766
13636,000000013636.jpg,640,480,bed,3,0.1567
454928,000000454928.jpg,640,480,"bench,person",4,0.1188
2007,000000002007.jpg,640,480,"chair,person",4,0.0629
23579,000000023579.jpg,640,480,person,2,0.376
79196,000000079196.jpg,640,480,bed,2,0.1481
391365,000000391365.jpg,480,640,"bench,person",3,0.1174
269945,000000269945.jpg,480,640,"chair,person",3,0.0615
488396,000000488396.jpg,640,533,person,3,0.376
467206,000000467206.jpg,640,480,bed,1,0.1463
314310,000000314310.jpg,640,480,"bench,person",2,0.1168
368087,000000368087.jpg,640,480,"chair,person",5,0.0613
326801,000000326801.jpg,480,640,person,2,0.3759
499532,000000499532.jpg,480,640,bed,1,0.1438
128020,000000128020.jpg,640,508,"bench,person",2,0.1167
253229,000000253229.jpg,640,480,"chair,person",5,0.0603
486986,000000486986.jpg,480,640,person,2,0.3747
24802,000000024802.jpg,513,640,bed,1,0.1427
472424,000000472424.jpg,640,512,"bench,person",4,0.1163
305259,000000305259.jpg,480,640,"chair,person",3,0.0602
142665,000000142665.jpg,640,480,person,3,0.3741
549413,000000549413.jpg,480,640,bed,1,0.1416
509460,000000509460.jpg,640,480,"bench,person",2,0.1151
159026,000000159026.jpg,640,533,"chair,person",4,0.06
319902,000000319902.jpg,640,525,person,3,0.374
560204,000000560204.jpg,640,514,bed,1,0.1401
381128,000000381128.jpg,500,500,"bench,person",3,0.114
65518,000000065518.jpg,640,480,"chair,person",6,0.0574
10179,000000010179.jpg,640,502,person,2,0.3735
577527,000000577527.jpg,640,480,bed,1,0.1323
250026,000000250026.jpg,640,480,"bench,person",4,0.1118
518613,000000518613.jpg,640,480,"chair,person",4,0.0564
23986,000000023986.jpg,512,640,person,3,0.3732
20171,000000020171.jpg,480,640,bed,1,0.1301
160037,000000160037.jpg,640,483,"bench,person",4,0.1103
560384,000000560384.jpg,640,480,"chair,person",4,0.0563
33991,000000033991.jpg,511,640,person,2,0.3732
316019,000000316019.jpg,480,640,bed,1,0.1224
38572,000000038572.jpg,640,480,"bench,person",2,0.1102
423266,000000423266.jpg,640,480,"chair,person",3,0.0557
419386,000000419386.jpg,640,512,person,2,0.3732
358253,000000358253.jpg,480,640,bed,1,0.1194
576749,000000576749.jpg,520,640,"bench,person",4,0.1099
126815,000000126815.jpg,636,636,"chair,person",4,0.0537
965,000000000965.jpg,640,480,person,3,0.3726
411823,000000411823.jpg,483,640,bed,1,0.1155
572960,000000572960.jpg,640,480,"bench,person",4,0.1098
22281,000000022281.jpg,640,480,"chair,person",3,0.0527
91451,000000091451.jpg,640,480,person,2,0.3725
436105,000000436105.jpg,640,480,bed,1,0.1132
155652,000000155652.jpg,640,480,"bench,person",4,0.1091
433825,000000433825.jpg,640,480,"chair,person",6,0.0526
379370,000000379370.jpg,640,480,person,2,0.3711
101660,000000101660.jpg,640,480,bed,1,0.1067
207548,000000207548.jpg,640,480,"bench,person",2,0.1091
30534,000000030534.jpg,640,480,"chair,person",3,0.0521
119379,000000119379.jpg,640,480,person,2,0.371
574057,000000574057.jpg,640,480,bed,1,0.1019
334975,000000334975.jpg,640,480,"bench,person",3,0.109
543547,000000543547.jpg,640,480,"chair,person",8,0.051
363549,000000363549.jpg,640,480,person,6,0.3709
194885,000000194885.jpg,640,480,bed,1,0.0984
186777,000000186777.jpg,640,480,"bench,person",2,0.1087
431067,000000431067.jpg,640,480,"chair,person",3,0.0505
416651,000000416651.jpg,640,523,person,2,0.3698
528544,000000528544.jpg,640,480,bed,1,0.0978
540273,000000540273.jpg,480,640,"bench,person",3,0.1081
575768,000000575768.jpg,640,484,"chair,person",5,0.0489
178578,000000178578.jpg,640,480,person,2,0.3695
293723,000000293723.jpg,612,612,bed,2,0.0767
460097,000000460097.jpg,640,480,"bench,person",3,0.1079
234352,000000234352.jpg,640,480,"chair,person",6,0.0488
513440,000000513440.jpg,640,480,person,2,0.3695
401838,000000401838.jpg,640,480,bed,1,0.0699
224241,000000224241.jpg,640,512,"bench,person",3,0.1072
80475,000000080475.jpg,640,480,"chair,person",5,0.0479
136971,000000136971.jpg,480,640,person,2,0.369
271864,000000271864.jpg,480,640,bed,1,0.0618
316415,000000316415.jpg,640,490,"bench,person",3,0.1072
262884,000000262884.jpg,640,480,"chair,person",4,0.0479
63104,000000063104.jpg,612,612,person,3,0.3686
176487,000000176487.jpg,640,480,bed,1,0.059
557944,000000557944.jpg,640,480,"bench,person",4,0.1071
439756,000000439756.jpg,640,480,"chair,person",4,0.0475
394790,000000394790.jpg,640,525,person,2,0.368
34683,000000034683.jpg,480,640,bed,1,0.0504
121349,000000121349.jpg,480,640,"bench,person",5,0.107
253971,000000253971.jpg,640,480,"chair,person",3,0.0465
137108,000000137108.jpg,640,528,person,3,0.3677
460872,000000460872.jpg,500,499,bed,3,0.0437
60457,000000060457.jpg,640,480,"bench,person",4,0.1064
266120,000000266120.jpg,640,501,"chair,person",3,0.0455
24551,000000024551.jpg,640,554,person,3,0.3674
1205,000000001205.jpg,640,480,bed,1,0.0351
269580,000000269580.jpg,640,480,"bench,person",4,0.1052
142599,000000142599.jpg,640,480,"chair,person",3,0.0453
365306,000000365306.jpg,485,640,person,3,0.3673
554301,000000554301.jpg,640,480,"bench,person",4,0.1044
398535,000000398535.jpg,640,480,"chair,person",6,0.0453
48032,000000048032.jpg,640,480,person,2,0.367
296994,000000296994.jpg,480,640,"bench,person",5,0.1035
384038,000000384038.jpg,640,480,"chair,person",3,0.0452
295505,000000295505.jpg,640,524,person,2,0.3667
496943,000000496943.jpg,640,480,"bench,person",3,0.103
528984,000000528984.jpg,640,480,"chair,person",4,0.0436
77544,000000077544.jpg,612,612,person,2,0.3665
12147,000000012147.jpg,612,612,"bench,person",3,0.1027
481010,000000481010.jpg,640,480,"chair,person",4,0.0432
104328,000000104328.jpg,640,480,person,3,0.3659
128942,000000128942.jpg,640,480,"bench,person",2,0.1013
349658,000000349658.jpg,640,480,"chair,person",5,0.0417
206417,000000206417.jpg,640,480,person,3,0.365
450597,000000450597.jpg,640,480,"bench,person",3,0.1002
323561,000000323561.jpg,480,640,"chair,person",4,0.0412
481064,000000481064.jpg,520,640,person,2,0.3643
408981,000000408981.jpg,640,480,"bench,person",2,0.1001
300001,000000300001.jpg,640,482,"chair,person",6,0.0402
412134,000000412134.jpg,640,480,person,3,0.3639
499760,000000499760.jpg,640,570,"bench,person",5,0.0996
354839,000000354839.jpg,619,640,"chair,person",4,0.0392
195529,000000195529.jpg,480,640,person,2,0.3638
304238,000000304238.jpg,640,480,"bench,person",2,0.099
288769,000000288769.jpg,640,480,"chair,person",3,0.0386
220504,000000220504.jpg,612,612,person,2,0.3637
184621,000000184621.jpg,640,480,"bench,person",3,0.0978
132393,000000132393.jpg,480,640,"chair,person",2,0.0383
1204,000000001204.jpg,480,640,person,2,0.363
449686,000000449686.jpg,640,480,"bench,person",3,0.0978
378827,000000378827.jpg,640,480,"chair,person",4,0.0382
532188,000000532188.jpg,480,640,person,2,0.3629
48747,000000048747.jpg,640,480,"bench,person",3,0.0976
499952,000000499952.jpg,640,480,"chair,person",4,0.0378
551001,000000551001.jpg,516,520,person,3,0.3627
487139,000000487139.jpg,640,480,"bench,person",3,0.0963
99476,000000099476.jpg,640,480,"chair,person",4,0.0372
23639,000000023639.jpg,640,480,person,3,0.3626
535777,000000535777.jpg,622,640,"bench,person",3,0.0963
476198,000000476198.jpg,640,640,"chair,person",4,0.0369
319093,000000319093.jpg,640,480,person,3,0.3625
41231,000000041231.jpg,640,481,"bench,person",3,0.0962
317090,000000317090.jpg,640,480,"chair,person",4,0.0349
242712,000000242712.jpg,640,640,person,2,0.3612
330177,000000330177.jpg,640,480,"bench,person",4,0.0961
123867,000000123867.jpg,640,480,"chair,person",4,0.0347
111680,000000111680.jpg,640,602,person,3,0.3611
104091,000000104091.jpg,640,480,"bench,person",3,0.096
581233,000000581233.jpg,640,481,"chair,person",4,0.0345
268293,000000268293.jpg,530,640,person,3,0.3611
70642,000000070642.jpg,612,612,"bench,person",3,0.0949
134918,000000134918.jpg,515,640,"chair,person",3,0.0337
110841,000000110841.jpg,640,583,person,2,0.3607
494089,000000494089.jpg,480,640,"bench,person",5,0.0944
190573,000000190573.jpg,640,480,"chair,person",4,0.0309
530750,000000530750.jpg,640,480,person,2,0.3607
44959,000000044959.jpg,500,500,"bench,person",2,0.0936
557323,000000557323.jpg,640,494,person,2,0.3607
192192,000000192192.jpg,640,541,"bench,person",3,0.0933
276671,000000276671.jpg,544,640,person,2,0.3606
142674,000000142674.jpg,640,480,"bench,person",5,0.0922
257163,000000257163.jpg,640,480,person,2,0.3596
575227,000000575227.jpg,480,640,"bench,person",3,0.0897
390414,000000390414.jpg,640,504,person,2,0.3595
105156,000000105156.jpg,640,480,"bench,person",4,0.0893
486533,000000486533.jpg,640,509,person,2,0.3591
524522,000000524522.jpg,640,480,"bench,person",4,0.0891
499336,000000499336.jpg,640,480,person,3,0.359
514191,000000514191.jpg,640,480,"bench,person",5,0.0883
222439,000000222439.jpg,640,480,person,3,0.358
47992,000000047992.jpg,640,542,"bench,person",3,0.0875
519548,000000519548.jpg,640,513,person,2,0.358
428366,000000428366.jpg,480,640,"bench,person",5,0.087
160501,000000160501.jpg,480,640,person,5,0.3571
210710,000000210710.jpg,640,480,"bench,person",3,0.0868
468393,000000468393.jpg,640,623,person,2,0.3562
567768,000000567768.jpg,640,480,"bench,person",3,0.0867
49236,000000049236.jpg,491,640,person,3,0.3558
191744,000000191744.jpg,640,494,"bench,person",3,0.0859
376420,000000376420.jpg,640,640,person,2,0.3558
198733,000000198733.jpg,480,640,"bench,person",3,0.085
43704,000000043704.jpg,640,512,person,2,0.3553
263875,000000263875.jpg,640,521,"bench,person",2,0.0848
577083,000000577083.jpg,640,529,person,3,0.3553
102684,000000102684.jpg,480,640,"bench,person",3,0.0837
392665,000000392665.jpg,640,480,person,2,0.3547
155007,000000155007.jpg,480,640,"bench,person",3,0.0828
581189,000000581189.jpg,640,640,person,4,0.3544
552330,000000552330.jpg,640,480,"bench,person",2,0.0826
555669,000000555669.jpg,533,640,person,2,0.3536
274105,000000274105.jpg,497,640,"bench,person",5,0.082
267732,000000267732.jpg,640,480,person,2,0.3533
4219,000000004219.jpg,640,481,"bench,person",3,0.0812
439889,000000439889.jpg,506,640,person,2,0.353
498802,000000498802.jpg,480,640,"bench,person",3,0.0811
353136,000000353136.jpg,640,480,person,2,0.3522
471273,000000471273.jpg,640,480,"bench,person",4,0.0808
578918,000000578918.jpg,640,480,person,3,0.3522
365772,000000365772.jpg,640,480,"bench,person",3,0.0803
20001,000000020001.jpg,531,640,person,4,0.3515
546667,000000546667.jpg,530,640,"bench,person",3,0.0803
149996,000000149996.jpg,500,500,person,4,0.3515
179405,000000179405.jpg,640,486,"bench,person",3,0.0792
334469,000000334469.jpg,640,480,person,3,0.3503
556108,000000556108.jpg,640,513,"bench,person",4,0.0788
283216,000000283216.jpg,640,481,person,2,0.3498
224596,000000224596.jpg,640,514,"bench,person",5,0.0784
418912,000000418912.jpg,480,640,person,2,0.3498
44621,000000044621.jpg,640,480,"bench,person",3,0.0783
429236,000000429236.jpg,640,532,person,3,0.3498
383390,000000383390.jpg,640,480,"bench,person",5,0.0775
3220,000000003220.jpg,640,480,person,1,0.3493
389295,000000389295.jpg,640,480,"bench,person",5,0.0774
531730,000000531730.jpg,640,600,person,3,0.349
26443,000000026443.jpg,640,521,"bench,person",3,0.0771
147960,000000147960.jpg,640,640,person,2,0.3489
72902,000000072902.jpg,500,500,"bench,person",6,0.0764
65632,000000065632.jpg,640,512,person,3,0.3488
32627,000000032627.jpg,640,480,"bench,person",3,0.076
382411,000000382411.jpg,640,512,person,2,0.3488
472024,000000472024.jpg,640,480,"bench,person",3,0.0759
567652,000000567652.jpg,640,480,person,2,0.3487
163239,000000163239.jpg,640,589,"bench,person",3,0.0753
344735,000000344735.jpg,511,640,person,3,0.3484
164594,000000164594.jpg,480,640,"bench,person",3,0.0749
141256,000000141256.jpg,607,640,person,2,0.3481
386796,000000386796.jpg,640,480,"bench,person",3,0.0746
546222,000000546222.jpg,612,612,person,2,0.3481
381551,000000381551.jpg,640,522,"bench,person",3,0.0721
279749,000000279749.jpg,640,480,person,2,0.3479
151192,000000151192.jpg,497,500,"bench,person",3,0.0719
39629,000000039629.jpg,480,640,person,3,0.3478
38543,000000038543.jpg,480,640,"bench,person",2,0.0713
219928,000000219928.jpg,640,480,person,4,0.3471
495374,000000495374.jpg,640,480,"bench,person",3,0.0712
540439,000000540439.jpg,640,576,person,2,0.3469
509365,000000509365.jpg,640,480,"bench,person",2,0.0711
65057,000000065057.jpg,512,640,person,2,0.3468
536950,000000536950.jpg,501,640,"bench,person",3,0.071
542881,000000542881.jpg,640,480,person,3,0.3453
236840,000000236840.jpg,497,500,"bench,person",5,0.0708
474255,000000474255.jpg,640,480,person,2,0.3449
559837,000000559837.jpg,640,480,"bench,person",2,0.0704
177182,000000177182.jpg,640,485,person,2,0.3448
344902,000000344902.jpg,480,640,"bench,person",3,0.0693
339918,000000339918.jpg,640,480,person,2,0.3438
530390,000000530390.jpg,480,640,"bench,person",3,0.0689
565387,000000565387.jpg,594,640,person,4,0.3437
32818,000000032818.jpg,640,480,"bench,person",3,0.0688
249489,000000249489.jpg,640,480,person,2,0.3436
304332,000000304332.jpg,640,480,"bench,person",3,0.0683
568810,000000568810.jpg,640,480,person,3,0.3435
456884,000000456884.jpg,640,480,"bench,person",4,0.0671
273684,000000273684.jpg,640,512,person,3,0.3433
489461,000000489461.jpg,550,541,"bench,person",3,0.0659
418772,000000418772.jpg,640,640,person,3,0.3431
109229,000000109229.jpg,514,640,"bench,person",4,0.0658
526800,000000526800.jpg,640,480,person,2,0.3425
16977,000000016977.jpg,640,480,"bench,person",4,0.0654
491107,000000491107.jpg,640,480,person,2,0.3422
56293,000000056293.jpg,612,612,"bench,person",2,0.0653
245174,000000245174.jpg,640,480,person,2,0.3415
44147,000000044147.jpg,640,554,"bench,person",4,0.0635
539124,000000539124.jpg,640,639,person,5,0.3412
444272,000000444272.jpg,640,480,"bench,person",5,0.0629
570945,000000570945.jpg,480,640,person,2,0.3412
558992,000000558992.jpg,640,480,"bench,person",3,0.062
161546,000000161546.jpg,480,640,person,2,0.341
434806,000000434806.jpg,480,640,"bench,person",4,0.0612
207734,000000207734.jpg,640,480,person,4,0.3405
62023,000000062023.jpg,640,480,"bench,person",3,0.061
373254,000000373254.jpg,640,480,person,2,0.3404
420882,000000420882.jpg,480,640,"bench,person",3,0.0608
461543,000000461543.jpg,640,512,person,2,0.3404
180968,000000180968.jpg,640,516,"bench,person",3,0.0606
413615,000000413615.jpg,481,640,person,2,0.3402
272015,000000272015.jpg,480,640,"bench,person",4,0.0598
470663,000000470663.jpg,537,640,person,2,0.3393
147049,000000147049.jpg,640,480,"bench,person",4,0.0597
15190,000000015190.jpg,480,640,person,2,0.3389
438346,000000438346.jpg,612,612,"bench,person",5,0.0594
327123,000000327123.jpg,640,480,person,2,0.3389
155262,000000155262.jpg,640,480,"bench,person",3,0.0587
333461,000000333461.jpg,640,480,person,2,0.3386
229247,000000229247.jpg,503,640,"bench,person",3,0.0576
222376,000000222376.jpg,640,498,person,2,0.3384
561888,000000561888.jpg,480,640,"bench,person",3,0.0576
54205,000000054205.jpg,640,480,person,2,0.3379
218830,000000218830.jpg,480,640,"bench,person",6,0.0575
401068,000000401068.jpg,480,640,person,2,0.3377
485484,000000485484.jpg,640,480,"bench,person",4,0.0566
351747,000000351747.jpg,598,640,person,4,0.3369
286792,000000286792.jpg,640,480,"bench,person",2,0.055
513602,000000513602.jpg,500,640,person,2,0.3367
358438,000000358438.jpg,480,640,"bench,person",3,0.0546
17170,000000017170.jpg,640,512,person,2,0.3365
530987,000000530987.jpg,640,480,"bench,person",3,0.0546
168584,000000168584.jpg,640,532,person,2,0.3364
419789,000000419789.jpg,640,480,"bench,person",3,0.0543
575051,000000575051.jpg,640,480,person,3,0.3358
564934,000000564934.jpg,640,480,"bench,person",3,0.053
203976,000000203976.jpg,480,640,person,2,0.3357
534694,000000534694.jpg,640,480,"bench,person",5,0.0527
390806,000000390806.jpg,480,640,person,2,0.3357
18464,000000018464.jpg,500,500,"bench,person",3,0.0526
316557,000000316557.jpg,604,640,person,2,0.3356
442630,000000442630.jpg,640,480,"bench,person",3,0.0515
56028,000000056028.jpg,534,640,person,2,0.3355
580607,000000580607.jpg,640,480,"bench,person",4,0.0511
326774,000000326774.jpg,612,612,person,2,0.3347
29525,000000029525.jpg,640,547,"bench,person",4,0.0509
468818,000000468818.jpg,640,480,person,3,0.3346
2686,000000002686.jpg,640,640,"bench,person",3,0.0487
404272,000000404272.jpg,613,640,person,2,0.3337
249277,000000249277.jpg,480,640,"bench,person",4,0.0484
248395,000000248395.jpg,480,640,person,2,0.3334
280670,000000280670.jpg,612,612,"bench,person",4,0.0476
92170,000000092170.jpg,535,640,person,2,0.3332
324366,000000324366.jpg,640,480,"bench,person",4,0.0475
225719,000000225719.jpg,480,640,person,2,0.3332
402384,000000402384.jpg,640,480,"bench,person",3,0.0471
129370,000000129370.jpg,640,506,person,3,0.3331
144874,000000144874.jpg,640,480,"bench,person",3,0.047
358019,000000358019.jpg,640,536,person,2,0.3329
60720,000000060720.jpg,640,480,"bench,person",3,0.0467
577416,000000577416.jpg,640,480,person,1,0.3328
179997,000000179997.jpg,640,512,"bench,person",5,0.0462
126408,000000126408.jpg,640,640,person,2,0.3324
450724,000000450724.jpg,640,480,"bench,person",3,0.046
254535,000000254535.jpg,640,480,person,2,0.3323
63049,000000063049.jpg,640,481,"bench,person",4,0.0459
452302,000000452302.jpg,640,480,person,2,0.3321
493822,000000493822.jpg,640,480,"bench,person",4,0.0455
403198,000000403198.jpg,480,640,person,2,0.3319
554067,000000554067.jpg,640,480,"bench,person",3,0.0454
396845,000000396845.jpg,640,480,person,3,0.3317
99341,000000099341.jpg,640,480,"bench,person",5,0.0448
302168,000000302168.jpg,640,534,person,2,0.3311
533039,000000533039.jpg,640,480,"bench,person",4,0.0445
373356,000000373356.jpg,507,640,person,3,0.3304
136302,000000136302.jpg,640,480,"bench,person",3,0.0437
295589,000000295589.jpg,640,633,person,2,0.33
386370,000000386370.jpg,640,480,"bench,person",4,0.0429
307432,000000307432.jpg,640,480,person,3,0.3295
147681,000000147681.jpg,640,481,"bench,person",4,0.0425
450006,000000450006.jpg,640,594,person,2,0.3281
487462,000000487462.jpg,640,480,"bench,person",3,0.0425
63683,000000063683.jpg,640,640,person,2,0.328
519506,000000519506.jpg,640,480,"bench,person",2,0.0419
189296,000000189296.jpg,640,480,person,2,0.3277
61730,000000061730.jpg,500,499,"bench,person",5,0.0412
572572,000000572572.jpg,640,640,person,2,0.3272
223682,000000223682.jpg,640,480,"bench,person",3,0.041
354539,000000354539.jpg,612,612,person,2,0.3271
514318,000000514318.jpg,640,480,"bench,person",5,0.0406
139230,000000139230.jpg,640,480,person,3,0.327
517161,000000517161.jpg,640,480,"bench,person",4,0.0399
282251,000000282251.jpg,640,530,person,2,0.3269
90393,000000090393.jpg,640,480,"bench,person",4,0.0398
121706,000000121706.jpg,640,596,person,3,0.3267
235340,000000235340.jpg,480,640,"bench,person",3,0.0397
464174,000000464174.jpg,640,512,person,2,0.3266
255115,000000255115.jpg,640,510,"bench,person",3,0.0397
240295,000000240295.jpg,512,640,person,2,0.3263
292183,000000292183.jpg,634,640,"bench,person",3,0.0395
126045,000000126045.jpg,511,640,person,3,0.3254
217304,000000217304.jpg,640,484,"bench,person",3,0.0393
562622,000000562622.jpg,640,480,person,3,0.3249
330919,000000330919.jpg,640,480,"bench,person",3,0.0391
124811,000000124811.jpg,581,640,person,3,0.324
15846,000000015846.jpg,640,480,"bench,person",3,0.0379
320478,000000320478.jpg,640,480,person,3,0.3239
181367,000000181367.jpg,640,480,"bench,person",3,0.0376
504917,000000504917.jpg,640,533,person,2,0.3239
404015,000000404015.jpg,640,482,"bench,person",4,0.0374
445313,000000445313.jpg,640,625,person,2,0.3234
506544,000000506544.jpg,640,523,"bench,person",4,0.0367
304330,000000304330.jpg,480,640,person,2,0.3232
452685,000000452685.jpg,640,480,"bench,person",4,0.0361
130807,000000130807.jpg,640,513,person,2,0.3227
401790,000000401790.jpg,480,640,"bench,person",5,0.036
266805,000000266805.jpg,612,612,person,3,0.3224
150538,000000150538.jpg,640,480,"bench,person",2,0.0354
477982,000000477982.jpg,480,640,person,2,0.3224
61982,000000061982.jpg,640,511,"bench,person",3,0.0352
107360,000000107360.jpg,598,640,person,2,0.3221
5105,000000005105.jpg,640,480,"bench,person",6,0.035
572109,000000572109.jpg,640,480,person,3,0.3217
346898,000000346898.jpg,640,480,"bench,person",3,0.0348
536145,000000536145.jpg,640,480,person,4,0.3211
308652,000000308652.jpg,640,480,"bench,person",2,0.0343
229304,000000229304.jpg,640,640,person,3,0.321
484700,000000484700.jpg,612,612,"bench,person",3,0.034
314462,000000314462.jpg,480,640,person,2,0.321
473957,000000473957.jpg,480,640,"bench,person",2,0.0339
50340,000000050340.jpg,640,482,person,3,0.3205
509485,000000509485.jpg,640,480,"bench,person",2,0.0333
80564,000000080564.jpg,640,484,person,4,0.3204
509826,000000509826.jpg,640,640,"bench,person",3,0.033
564676,000000564676.jpg,640,498,person,2,0.3201
442593,000000442593.jpg,640,480,"bench,person",3,0.0326
258222,000000258222.jpg,594,640,person,3,0.32
398051,000000398051.jpg,640,480,"bench,person",5,0.032
523890,000000523890.jpg,480,640,person,2,0.3195
97591,000000097591.jpg,640,480,"bench,person",3,0.031
202963,000000202963.jpg,640,480,person,3,0.3191
374166,000000374166.jpg,480,640,"bench,person",3,0.0309
511294,000000511294.jpg,640,480,person,2,0.3191
78488,000000078488.jpg,481,640,"bench,person",4,0.0308
138482,000000138482.jpg,612,612,person,2,0.3186
223526,000000223526.jpg,640,480,"bench,person",3,0.0307
321262,000000321262.jpg,541,640,person,2,0.3173
559986,000000559986.jpg,640,480,"bench,person",3,0.0307
120340,000000120340.jpg,640,480,person,3,0.3168
563396,000000563396.jpg,640,480,"bench,person",3,0.0306
167375,000000167375.jpg,640,480,person,2,0.3168
65008,000000065008.jpg,640,480,"bench,person",3,0.0303
179017,000000179017.jpg,640,480,person,2,0.3168
426762,000000426762.jpg,640,497,"bench,person",4,0.0303
184520,000000184520.jpg,640,514,person,3,0.3167
278066,000000278066.jpg,588,640,person,2,0.3166
174657,000000174657.jpg,640,480,person,2,0.3164
481667,000000481667.jpg,640,640,person,2,0.3163
550028,000000550028.jpg,640,512,person,3,0.316
580695,000000580695.jpg,531,640,person,2,0.316
477305,000000477305.jpg,640,480,person,1,0.3158
21989,000000021989.jpg,640,480,person,2,0.3156
337976,000000337976.jpg,630,640,person,2,0.3151
556192,000000556192.jpg,640,480,person,2,0.3146
152502,000000152502.jpg,640,480,person,2,0.3139
52193,000000052193.jpg,640,511,person,2,0.3138
209128,000000209128.jpg,640,480,person,3,0.3137
572061,000000572061.jpg,640,499,person,2,0.3137
187435,000000187435.jpg,640,480,person,2,0.3136
396642,000000396642.jpg,480,640,person,2,0.3136
177194,000000177194.jpg,480,640,person,2,0.3135
45659,000000045659.jpg,586,640,person,4,0.313
303548,000000303548.jpg,526,640,person,3,0.313
313921,000000313921.jpg,640,511,person,3,0.3128
516049,000000516049.jpg,480,640,person,2,0.3128
494642,000000494642.jpg,640,480,person,3,0.3124
267813,000000267813.jpg,640,480,person,2,0.3123
442682,000000442682.jpg,640,480,person,2,0.3123
179964,000000179964.jpg,567,640,person,3,0.3122
416076,000000416076.jpg,640,480,person,1,0.3122
415648,000000415648.jpg,612,612,person,2,0.3119
45464,000000045464.jpg,640,480,person,2,0.3118
416521,000000416521.jpg,640,480,person,2,0.3116
21587,000000021587.jpg,480,640,person,2,0.3115
291410,000000291410.jpg,612,612,person,2,0.3113
294787,000000294787.jpg,640,640,person,2,0.311
538230,000000538230.jpg,640,480,person,3,0.3109
469853,000000469853.jpg,640,547,person,2,0.3108
525546,000000525546.jpg,545,640,person,2,0.3107
398936,000000398936.jpg,640,521,person,2,0.3101
442590,000000442590.jpg,640,501,person,2,0.3098
28889,000000028889.jpg,640,640,person,3,0.3097
118827,000000118827.jpg,640,489,person,2,0.3094
252929,000000252929.jpg,640,480,person,2,0.309
511729,000000511729.jpg,640,480,person,1,0.309
129327,000000129327.jpg,640,480,person,2,0.3089
324699,000000324699.jpg,640,480,person,3,0.3088
195023,000000195023.jpg,640,480,person,2,0.3087
543045,000000543045.jpg,640,480,person,2,0.3087
441874,000000441874.jpg,640,480,person,3,0.3082
201736,000000201736.jpg,640,480,person,3,0.3081
542758,000000542758.jpg,640,480,person,2,0.3074
408995,000000408995.jpg,640,480,person,2,0.3072
33416,000000033416.jpg,640,480,person,2,0.3068
406011,000000406011.jpg,640,509,person,2,0.3066
7782,000000007782.jpg,640,640,person,2,0.3063
62858,000000062858.jpg,480,640,person,2,0.3063
292296,000000292296.jpg,480,640,person,2,0.306
486983,000000486983.jpg,640,481,person,2,0.306
385464,000000385464.jpg,640,518,person,2,0.3059
118906,000000118906.jpg,480,640,person,2,0.3058
274277,000000274277.jpg,640,480,person,2,0.3054
141336,000000141336.jpg,640,480,person,3,0.3052
33874,000000033874.jpg,640,541,person,3,0.3051
246246,000000246246.jpg,480,640,person,3,0.305
345822,000000345822.jpg,640,480,person,2,0.305
399628,000000399628.jpg,480,640,person,2,0.3049
218652,000000218652.jpg,499,640,person,2,0.3046
409556,000000409556.jpg,523,640,person,2,0.3038
552654,000000552654.jpg,480,640,person,2,0.3038
580382,000000580382.jpg,589,640,person,2,0.3036
508840,000000508840.jpg,512,640,person,3,0.3031
19375,000000019375.jpg,640,541,person,2,0.3027
14756,000000014756.jpg,500,500,person,2,0.3026
246417,000000246417.jpg,640,480,person,2,0.3026
250295,000000250295.jpg,640,480,person,2,0.3025
310725,000000310725.jpg,480,640,person,2,0.3025
241221,000000241221.jpg,480,640,person,3,0.3017
578766,000000578766.jpg,595,640,person,3,0.3017
344599,000000344599.jpg,608,640,person,3,0.3016
371426,000000371426.jpg,640,480,person,2,0.3014
26507,000000026507.jpg,640,480,person,2,0.3011
177721,000000177721.jpg,640,512,person,2,0.3011
446462,000000446462.jpg,640,608,person,1,0.3005
100958,000000100958.jpg,640,480,person,2,0.3004
7894,000000007894.jpg,512,640,person,2,0.3003
148168,000000148168.jpg,640,574,person,2,0.3002
87027,000000087027.jpg,640,571,person,2,0.3
376911,000000376911.jpg,629,640,person,2,0.3
478224,000000478224.jpg,640,565,person,2,0.2999
233402,000000233402.jpg,612,612,person,2,0.2997
36981,000000036981.jpg,640,480,person,2,0.2996
440527,000000440527.jpg,640,480,person,2,0.2996
547798,000000547798.jpg,640,480,person,4,0.2992
361233,000000361233.jpg,640,480,person,2,0.2991
94079,000000094079.jpg,640,512,person,2,0.299
225053,000000225053.jpg,640,480,person,2,0.2984
220366,000000220366.jpg,640,480,person,3,0.2983
43931,000000043931.jpg,640,480,person,2,0.2979
265085,000000265085.jpg,640,481,person,2,0.2977
282231,000000282231.jpg,640,503,person,2,0.2977
430934,000000430934.jpg,491,640,person,2,0.2975
562377,000000562377.jpg,640,533,person,2,0.297
523394,000000523394.jpg,612,612,person,2,0.2965
234136,000000234136.jpg,640,480,person,2,0.2962
538979,000000538979.jpg,510,640,person,2,0.296
82874,000000082874.jpg,640,506,person,4,0.2958
465360,000000465360.jpg,640,480,person,2,0.2955
244267,000000244267.jpg,640,480,person,2,0.2951
523937,000000523937.jpg,640,480,person,2,0.295
546229,000000546229.jpg,640,480,person,4,0.2941
461334,000000461334.jpg,640,489,person,4,0.2939
501210,000000501210.jpg,640,480,person,3,0.2939
205547,000000205547.jpg,640,480,person,2,0.2938
44700,000000044700.jpg,640,480,person,1,0.2934
554021,000000554021.jpg,480,640,person,1,0.2934
369966,000000369966.jpg,640,509,person,2,0.2932
332930,000000332930.jpg,640,480,person,2,0.2928
298031,000000298031.jpg,640,480,person,2,0.2927
279117,000000279117.jpg,640,507,person,2,0.2925
155231,000000155231.jpg,514,640,person,2,0.2923
444805,000000444805.jpg,640,480,person,2,0.2923
337842,000000337842.jpg,635,640,person,2,0.292
209662,000000209662.jpg,640,516,person,4,0.2919
121954,000000121954.jpg,640,526,person,3,0.2917
19318,000000019318.jpg,593,640,person,3,0.2915
190906,000000190906.jpg,549,640,person,2,0.2915
332273,000000332273.jpg,640,568,person,3,0.2911
347018,000000347018.jpg,512,640,person,3,0.291
549017,000000549017.jpg,640,480,person,3,0.291
93885,000000093885.jpg,612,612,person,2,0.2903
505163,000000505163.jpg,640,480,person,2,0.2902
69167,000000069167.jpg,492,640,person,2,0.2897
92879,000000092879.jpg,640,480,person,2,0.2893
396791,000000396791.jpg,612,612,person,3,0.2893
161381,000000161381.jpg,640,480,person,3,0.2889
535580,000000535580.jpg,489,640,person,2,0.2889
538637,000000538637.jpg,612,612,person,2,0.2889
255495,000000255495.jpg,640,541,person,4,0.2888
279577,000000279577.jpg,640,480,person,2,0.2888
140291,000000140291.jpg,640,480,person,3,0.2887
259037,000000259037.jpg,480,640,person,2,0.2886
20853,000000020853.jpg,640,489,person,2,0.2885
297451,000000297451.jpg,481,640,person,2,0.2883
516329,000000516329.jpg,640,480,person,2,0.2879
269873,000000269873.jpg,640,485,person,3,0.2876
513854,000000513854.jpg,480,640,person,2,0.2876
174871,000000174871.jpg,640,512,person,4,0.2874
16064,000000016064.jpg,480,640,person,2,0.2873
357971,000000357971.jpg,640,493,person,3,0.2868
367673,000000367673.jpg,640,640,person,2,0.2868
461286,000000461286.jpg,480,640,person,3,0.2868
85110,000000085110.jpg,640,481,person,2,0.2866
326108,000000326108.jpg,640,495,person,3,0.2865
194372,000000194372.jpg,612,612,person,2,0.286
11138,000000011138.jpg,480,640,person,3,0.2859
179874,000000179874.jpg,640,541,person,3,0.2858
49740,000000049740.jpg,640,508,person,3,0.2857
340897,000000340897.jpg,640,480,person,3,0.2857
38548,000000038548.jpg,607,640,person,2,0.2855
332074,000000332074.jpg,640,480,person,2,0.2851
456699,000000456699.jpg,534,640,person,4,0.2848
220673,000000220673.jpg,640,480,person,2,0.2841
206381,000000206381.jpg,640,480,person,2,0.2837
400332,000000400332.jpg,640,539,person,3,0.2836
446688,000000446688.jpg,640,480,person,2,0.2832
151777,000000151777.jpg,640,480,person,2,0.2831
262275,000000262275.jpg,640,512,person,2,0.283
270185,000000270185.jpg,582,640,person,2,0.283
286606,000000286606.jpg,480,640,person,2,0.2827
556222,000000556222.jpg,640,480,person,2,0.2827
174305,000000174305.jpg,640,480,person,2,0.2825
247712,000000247712.jpg,480,640,person,2,0.2825
279974,000000279974.jpg,640,480,person,3,0.2825
510549,000000510549.jpg,640,480,person,3,0.2825
48821,000000048821.jpg,640,640,person,2,0.2823
524677,000000524677.jpg,640,480,person,2,0.2823
252691,000000252691.jpg,640,514,person,2,0.2821
224530,000000224530.jpg,640,480,person,2,0.282
25552,000000025552.jpg,640,480,person,2,0.2819
332987,000000332987.jpg,480,640,person,3,0.2818
579680,000000579680.jpg,640,480,person,2,0.2818
7050,000000007050.jpg,640,480,person,2,0.2816
60046,000000060046.jpg,480,640,person,2,0.2815
446053,000000446053.jpg,640,480,person,2,0.2815
203380,000000203380.jpg,480,640,person,3,0.2813
301730,000000301730.jpg,640,535,person,4,0.2813
352427,000000352427.jpg,560,640,person,2,0.2813
357109,000000357109.jpg,640,480,person,2,0.2813
441470,000000441470.jpg,640,626,person,4,0.2813
158127,000000158127.jpg,640,596,person,2,0.2811
429242,000000429242.jpg,640,480,person,2,0.2811
281688,000000281688.jpg,640,480,person,4,0.2801
243212,000000243212.jpg,480,640,person,5,0.2797
448423,000000448423.jpg,512,640,person,2,0.2794
94155,000000094155.jpg,640,513,person,3,0.2793
107362,000000107362.jpg,480,640,person,2,0.2792
306879,000000306879.jpg,640,480,person,2,0.2792
407820,000000407820.jpg,640,480,person,3,0.279
204422,000000204422.jpg,640,480,person,3,0.2787
395382,000000395382.jpg,480,640,person,3,0.2787
406676,000000406676.jpg,640,565,person,2,0.2787
318307,000000318307.jpg,480,640,person,2,0.2786
67085,000000067085.jpg,640,480,person,3,0.2782
472282,000000472282.jpg,640,480,person,2,0.2782
132114,000000132114.jpg,640,480,person,2,0.2779
522461,000000522461.jpg,500,500,person,3,0.2777
319388,000000319388.jpg,640,509,person,2,0.2774
204004,000000204004.jpg,640,480,person,2,0.2773
92122,000000092122.jpg,640,481,person,3,0.2772
453250,000000453250.jpg,480,640,person,3,0.2772
339543,000000339543.jpg,640,480,person,2,0.2771
561352,000000561352.jpg,640,480,person,4,0.2771
299838,000000299838.jpg,640,499,person,3,0.2766
109414,000000109414.jpg,499,640,person,2,0.2764
26274,000000026274.jpg,640,480,person,3,0.2762
323162,000000323162.jpg,500,500,person,2,0.2762
549508,000000549508.jpg,640,480,person,3,0.2758
322222,000000322222.jpg,640,597,person,3,0.2757
375591,000000375591.jpg,488,500,person,2,0.2755
154373,000000154373.jpg,640,571,person,2,0.2749
107105,000000107105.jpg,640,480,person,2,0.2748
324962,000000324962.jpg,640,483,person,2,0.2748
375521,000000375521.jpg,480,640,person,3,0.2748
544272,000000544272.jpg,640,512,person,2,0.2748
173117,000000173117.jpg,500,500,person,2,0.2746
405061,000000405061.jpg,640,480,person,2,0.2744
408289,000000408289.jpg,503,640,person,2,0.2744
470046,000000470046.jpg,640,480,person,1,0.2744
348370,000000348370.jpg,640,480,person,3,0.2743
198308,000000198308.jpg,640,480,person,2,0.2742
234006,000000234006.jpg,480,640,person,3,0.2738
111825,000000111825.jpg,480,640,person,2,0.2737
289699,000000289699.jpg,640,480,person,2,0.2736
289323,000000289323.jpg,480,640,person,2,0.2733
13332,000000013332.jpg,640,480,person,2,0.2727
351749,000000351749.jpg,640,529,person,3,0.2723
381119,000000381119.jpg,640,480,person,2,0.2723
314398,000000314398.jpg,640,638,person,2,0.2719
39777,000000039777.jpg,640,517,person,4,0.2718
220367,000000220367.jpg,500,500,person,2,0.2718
495956,000000495956.jpg,640,480,person,3,0.2717
386203,000000386203.jpg,640,480,person,2,0.2715
15544,000000015544.jpg,480,640,person,2,0.2712
98592,000000098592.jpg,612,612,person,2,0.2709
255857,000000255857.jpg,640,480,person,2,0.2709
518390,000000518390.jpg,640,481,person,2,0.2709
28855,000000028855.jpg,640,480,person,4,0.2706
462911,000000462911.jpg,640,480,person,3,0.27
391620,000000391620.jpg,640,588,person,2,0.2698
578519,000000578519.jpg,640,480,person,2,0.2697
352925,000000352925.jpg,637,640,person,2,0.2696
411768,000000411768.jpg,510,640,person,2,0.2694
66909,000000066909.jpg,480,640,person,2,0.2692
264499,000000264499.jpg,640,480,person,4,0.2692
544156,000000544156.jpg,480,640,person,2,0.2684
328023,000000328023.jpg,640,480,person,2,0.2681
567199,000000567199.jpg,640,480,person,2,0.2681
92700,000000092700.jpg,640,532,person,2,0.268
139261,000000139261.jpg,487,500,person,2,0.268
103815,000000103815.jpg,640,533,person,4,0.2667
125374,000000125374.jpg,640,480,person,3,0.2667
491989,000000491989.jpg,640,480,person,2,0.2666
232769,000000232769.jpg,640,640,person,2,0.2662
562232,000000562232.jpg,480,640,person,3,0.2662
51443,000000051443.jpg,640,480,person,2,0.2661
386684,000000386684.jpg,640,553,person,2,0.2658
475439,000000475439.jpg,640,480,person,2,0.2656
233142,000000233142.jpg,480,640,person,2,0.2654
436221,000000436221.jpg,480,640,person,2,0.2654
186906,000000186906.jpg,640,480,person,4,0.2653
499884,000000499884.jpg,640,480,person,2,0.2651
5513,000000005513.jpg,480,640,person,2,0.2648
179188,000000179188.jpg,480,640,person,2,0.2648
496407,000000496407.jpg,640,508,person,2,0.2647
191382,000000191382.jpg,515,640,person,2,0.2646
419466,000000419466.jpg,640,480,person,2,0.2645
26602,000000026602.jpg,640,611,person,3,0.2643
27037,000000027037.jpg,640,480,person,2,0.2639
53448,000000053448.jpg,640,480,person,2,0.2639
538741,000000538741.jpg,640,480,person,2,0.2634
141416,000000141416.jpg,640,480,person,2,0.2633
486452,000000486452.jpg,480,640,person,3,0.2633
537231,000000537231.jpg,633,640,person,2,0.2631
398229,000000398229.jpg,480,640,person,2,0.263
6026,000000006026.jpg,640,480,person,2,0.2629
164783,000000164783.jpg,640,508,person,2,0.2629
312420,000000312420.jpg,606,640,person,2,0.2628
242213,000000242213.jpg,512,640,person,3,0.2626
255577,000000255577.jpg,640,640,person,2,0.2626
408163,000000408163.jpg,480,640,person,2,0.2625
270738,000000270738.jpg,640,601,person,3,0.2623
201554,000000201554.jpg,640,480,person,2,0.2622
236760,000000236760.jpg,640,480,person,3,0.2619
218776,000000218776.jpg,640,480,person,3,0.2616
324400,000000324400.jpg,480,640,person,3,0.2616
99583,000000099583.jpg,480,640,person,2,0.2615
215151,000000215151.jpg,640,480,person,2,0.2615
197807,000000197807.jpg,640,480,person,3,0.2614
297442,000000297442.jpg,612,612,person,3,0.2612
395520,000000395520.jpg,503,640,person,2,0.2609
535418,000000535418.jpg,640,481,person,2,0.2606
367929,000000367929.jpg,640,511,person,3,0.2605
576322,000000576322.jpg,640,480,person,3,0.2602
298578,000000298578.jpg,640,480,person,2,0.2601
234247,000000234247.jpg,640,489,person,2,0.2597
254244,000000254244.jpg,512,640,person,2,0.2596
129262,000000129262.jpg,480,640,person,2,0.2595
487788,000000487788.jpg,640,533,person,3,0.2589
140007,000000140007.jpg,499,640,person,2,0.2587
8106,000000008106.jpg,480,640,person,2,0.2585
497592,000000497592.jpg,640,485,person,2,0.2582
92543,000000092543.jpg,640,531,person,2,0.2581
452500,000000452500.jpg,640,480,person,3,0.2577
364436,000000364436.jpg,639,640,person,2,0.2576
499611,000000499611.jpg,640,480,person,2,0.2575
560513,000000560513.jpg,480,640,person,3,0.2575
274907,000000274907.jpg,480,640,person,3,0.2573
207513,000000207513.jpg,640,480,person,3,0.2571
328161,000000328161.jpg,640,579,person,2,0.2564
122948,000000122948.jpg,640,491,person,3,0.2563
88635,000000088635.jpg,640,480,person,3,0.2558
97428,000000097428.jpg,480,640,person,2,0.2556
522978,000000522978.jpg,480,640,person,3,0.2555
575135,000000575135.jpg,640,480,person,3,0.2555
154971,000000154971.jpg,640,480,person,4,0.2551
553051,000000553051.jpg,640,480,person,1,0.2551
199039,000000199039.jpg,640,480,person,2,0.255
378948,000000378948.jpg,640,499,person,2,0.2549
568872,000000568872.jpg,640,480,person,2,0.2548
1942,000000001942.jpg,640,640,person,2,0.2544
289816,000000289816.jpg,623,640,person,4,0.2543
291557,000000291557.jpg,640,480,person,2,0.2539
443727,000000443727.jpg,493,600,person,2,0.2539
483766,000000483766.jpg,480,640,person,2,0.2539
515275,000000515275.jpg,640,480,person,2,0.2539
236177,000000236177.jpg,640,576,person,2,0.2537
541209,000000541209.jpg,551,640,person,3,0.2537
535302,000000535302.jpg,480,640,person,2,0.2536
567881,000000567881.jpg,640,480,person,3,0.2536
375838,000000375838.jpg,640,480,person,3,0.2535
334852,000000334852.jpg,640,480,person,3,0.2534
4947,000000004947.jpg,640,480,person,2,0.2527
317162,000000317162.jpg,640,573,person,3,0.2523
157948,000000157948.jpg,493,640,person,2,0.2522
48791,000000048791.jpg,640,480,person,2,0.252
32270,000000032270.jpg,640,483,person,3,0.2518
149616,000000149616.jpg,640,480,person,2,0.2515
177149,000000177149.jpg,640,480,person,4,0.2514
272357,000000272357.jpg,640,480,person,2,0.2514
82994,000000082994.jpg,640,480,person,2,0.2508
114033,000000114033.jpg,480,640,person,2,0.2507
10929,000000010929.jpg,640,480,person,2,0.2506
304083,000000304083.jpg,640,480,person,4,0.2506
57535,000000057535.jpg,640,480,person,2,0.2505
229318,000000229318.jpg,480,640,person,2,0.2504
365080,000000365080.jpg,480,640,person,2,0.2504
164512,000000164512.jpg,640,516,person,3,0.2503
94922,000000094922.jpg,500,480,person,3,0.2501
384263,000000384263.jpg,640,493,person,3,0.25
145926,000000145926.jpg,640,561,person,4,0.2499
74704,000000074704.jpg,640,640,person,3,0.2494
563356,000000563356.jpg,480,640,person,2,0.2494
469061,000000469061.jpg,481,640,person,2,0.2493
18688,000000018688.jpg,480,640,person,4,0.249
468841,000000468841.jpg,640,480,person,3,0.2487
364953,000000364953.jpg,640,602,person,3,0.2486
257308,000000257308.jpg,640,522,person,3,0.2483
478076,000000478076.jpg,556,640,person,2,0.2481
74215,000000074215.jpg,480,640,person,3,0.248
353653,000000353653.jpg,640,480,person,3,0.248
292529,000000292529.jpg,640,494,person,2,0.2475
400247,000000400247.jpg,480,640,person,2,0.2471
44060,000000044060.jpg,640,480,person,2,0.2467
577403,000000577403.jpg,497,500,person,3,0.2466
151787,000000151787.jpg,640,480,person,2,0.2465
503108,000000503108.jpg,480,640,person,2,0.2465
31752,000000031752.jpg,640,480,person,3,0.2463
206907,000000206907.jpg,640,512,person,2,0.2463
196566,000000196566.jpg,640,512,person,2,0.2461
519843,000000519843.jpg,640,480,person,2,0.2461
575756,000000575756.jpg,640,480,person,2,0.2461
425628,000000425628.jpg,640,480,person,2,0.246
187543,000000187543.jpg,640,480,person,3,0.2459
463204,000000463204.jpg,480,640,person,2,0.2459
121938,000000121938.jpg,640,480,person,4,0.2458
231954,000000231954.jpg,612,612,person,1,0.2456
417965,000000417965.jpg,640,480,person,3,0.2456
489695,000000489695.jpg,640,480,person,4,0.2456
528446,000000528446.jpg,640,481,person,2,0.2456
368836,000000368836.jpg,480,640,person,2,0.2454
575949,000000575949.jpg,640,480,person,3,0.2453
282142,000000282142.jpg,612,612,person,2,0.2452
509712,000000509712.jpg,480,640,person,2,0.2452
84341,000000084341.jpg,544,640,person,3,0.2451
268845,000000268845.jpg,640,480,person,2,0.245
461118,000000461118.jpg,640,489,person,3,0.245
347877,000000347877.jpg,498,640,person,2,0.2448
80187,000000080187.jpg,640,480,person,3,0.2443
433097,000000433097.jpg,512,640,person,3,0.2443
122120,000000122120.jpg,480,640,person,2,0.2439
318678,000000318678.jpg,568,640,person,2,0.2439
328200,000000328200.jpg,640,480,person,2,0.2436
549683,000000549683.jpg,508,640,person,2,0.2432
68094,000000068094.jpg,640,480,person,3,0.243
578026,000000578026.jpg,640,480,person,2,0.2429
322629,000000322629.jpg,640,562,person,2,0.2428
5083,000000005083.jpg,640,480,person,2,0.2427
167369,000000167369.jpg,612,612,person,2,0.2425
579524,000000579524.jpg,640,480,person,2,0.2425
148855,000000148855.jpg,640,480,person,2,0.2424
438915,000000438915.jpg,612,612,person,3,0.2423
528906,000000528906.jpg,640,480,person,2,0.2422
335366,000000335366.jpg,640,480,person,1,0.242
255550,000000255550.jpg,640,559,person,3,0.2419
122766,000000122766.jpg,612,612,person,2,0.2415
123766,000000123766.jpg,569,640,person,2,0.2415
243509,000000243509.jpg,640,480,person,3,0.2415
314758,000000314758.jpg,617,640,person,2,0.2413
362865,000000362865.jpg,640,640,person,2,0.2413
94299,000000094299.jpg,640,480,person,2,0.2412
451519,000000451519.jpg,640,480,person,3,0.241
17839,000000017839.jpg,640,480,person,4,0.2409
198721,000000198721.jpg,631,600,person,2,0.2408
255558,000000255558.jpg,640,480,person,2,0.2408
459320,000000459320.jpg,480,640,person,2,0.2408
202099,000000202099.jpg,640,480,person,3,0.2404
463732,000000463732.jpg,480,640,person,3,0.24
557785,000000557785.jpg,480,640,person,2,0.24
14537,000000014537.jpg,502,640,person,2,0.2398
221523,000000221523.jpg,498,640,person,3,0.2395
364284,000000364284.jpg,640,480,person,2,0.2392
82052,000000082052.jpg,480,640,person,3,0.2391
456199,000000456199.jpg,640,480,person,3,0.2391
252614,000000252614.jpg,612,612,person,2,0.239
289895,000000289895.jpg,640,512,person,3,0.239
106010,000000106010.jpg,480,640,person,2,0.2388
361472,000000361472.jpg,612,612,person,3,0.2388
393699,000000393699.jpg,640,504,person,2,0.2388
28327,000000028327.jpg,640,640,person,2,0.2387
99218,000000099218.jpg,640,609,person,2,0.2383
505884,000000505884.jpg,640,515,person,2,0.2383
579337,000000579337.jpg,640,480,person,2,0.2383
215380,000000215380.jpg,572,640,person,3,0.238
318501,000000318501.jpg,480,640,person,3,0.2378
446328,000000446328.jpg,640,480,person,2,0.2377
270581,000000270581.jpg,510,640,person,2,0.2375
19501,000000019501.jpg,640,480,person,2,0.2374
198785,000000198785.jpg,480,640,person,2,0.2373
70800,000000070800.jpg,640,519,person,2,0.2371
40938,000000040938.jpg,640,480,person,3,0.237
20491,000000020491.jpg,640,640,person,2,0.2367
578427,000000578427.jpg,480,640,person,2,0.2367
14928,000000014928.jpg,612,612,person,2,0.2365
527196,000000527196.jpg,480,640,person,2,0.2363
81035,000000081035.jpg,640,480,person,3,0.2362
489066,000000489066.jpg,584,640,person,2,0.236
342293,000000342293.jpg,640,480,person,3,0.2357
86125,000000086125.jpg,612,612,person,2,0.2352
305545,000000305545.jpg,640,576,person,2,0.2352
506979,000000506979.jpg,640,480,person,2,0.2351
222676,000000222676.jpg,640,486,person,3,0.235
536054,000000536054.jpg,640,480,person,3,0.2349
56738,000000056738.jpg,640,502,person,2,0.2348
558454,000000558454.jpg,640,486,person,2,0.2348
31943,000000031943.jpg,640,480,person,2,0.2347
357895,000000357895.jpg,640,623,person,3,0.2347
120718,000000120718.jpg,640,480,person,3,0.2346
163828,000000163828.jpg,640,512,person,4,0.2346
519827,000000519827.jpg,640,640,person,2,0.2345
82513,000000082513.jpg,640,638,person,2,0.2343
497261,000000497261.jpg,640,480,person,3,0.2342
191721,000000191721.jpg,640,523,person,2,0.2341
548361,000000548361.jpg,640,626,person,3,0.2341
260696,000000260696.jpg,500,500,person,2,0.2334
431281,000000431281.jpg,500,500,person,2,0.2334
446351,000000446351.jpg,640,480,person,3,0.2334
494456,000000494456.jpg,640,480,person,2,0.2334
148879,000000148879.jpg,640,480,person,2,0.2332
236673,000000236673.jpg,640,480,person,2,0.2332
90374,000000090374.jpg,502,640,person,3,0.2331
66157,000000066157.jpg,480,640,person,2,0.2329
329011,000000329011.jpg,640,480,person,2,0.2328
351710,000000351710.jpg,640,480,person,5,0.2326
548167,000000548167.jpg,480,640,person,2,0.2324
482464,000000482464.jpg,640,480,person,2,0.2319
296886,000000296886.jpg,612,612,person,2,0.2318
518819,000000518819.jpg,640,480,person,4,0.2317
152650,000000152650.jpg,640,640,person,2,0.2315
377612,000000377612.jpg,602,640,person,2,0.2315
544913,000000544913.jpg,639,640,person,3,0.2315
554651,000000554651.jpg,640,640,person,2,0.2314
247264,000000247264.jpg,640,480,person,3,0.2313
296374,000000296374.jpg,640,480,person,3,0.2311
29752,000000029752.jpg,503,640,person,3,0.231
360236,000000360236.jpg,480,640,person,2,0.231
385037,000000385037.jpg,640,599,person,2,0.2309
14359,000000014359.jpg,480,640,person,3,0.2308
423383,000000423383.jpg,480,640,person,2,0.2308
194347,000000194347.jpg,640,640,person,2,0.2307
327702,000000327702.jpg,640,480,person,2,0.2305
173482,000000173482.jpg,640,481,person,2,0.2304
442735,000000442735.jpg,480,640,person,2,0.2304
471095,000000471095.jpg,640,480,person,2,0.2302
449669,000000449669.jpg,640,480,person,2,0.23
198072,000000198072.jpg,640,480,person,2,0.2298
341133,000000341133.jpg,640,480,person,2,0.2298
8095,000000008095.jpg,488,640,person,2,0.2297
48365,000000048365.jpg,640,640,person,2,0.2296
432526,000000432526.jpg,640,480,person,3,0.2296
526347,000000526347.jpg,482,640,person,2,0.2296
245160,000000245160.jpg,640,480,person,2,0.2294
233841,000000233841.jpg,640,480,person,2,0.2293
525705,000000525705.jpg,512,640,person,3,0.2293
30289,000000030289.jpg,640,514,person,2,0.2292
226936,000000226936.jpg,640,480,person,3,0.2291
571805,000000571805.jpg,640,548,person,3,0.2291
176362,000000176362.jpg,640,512,person,3,0.229
445014,000000445014.jpg,640,480,person,2,0.2288
501506,000000501506.jpg,640,487,person,3,0.2287
173251,000000173251.jpg,513,640,person,2,0.2286
232849,000000232849.jpg,640,480,person,3,0.2286
266773,000000266773.jpg,512,640,person,2,0.2286
374388,000000374388.jpg,640,480,person,2,0.2283
269871,000000269871.jpg,640,480,person,2,0.2277
97314,000000097314.jpg,640,480,person,2,0.2272
199326,000000199326.jpg,622,622,person,2,0.2271
188151,000000188151.jpg,640,480,person,2,0.2269
546658,000000546658.jpg,518,640,person,3,0.2269
164901,000000164901.jpg,480,640,person,2,0.2268
326664,000000326664.jpg,506,640,person,2,0.2267
580466,000000580466.jpg,586,640,person,2,0.2264
379498,000000379498.jpg,480,640,person,4,0.2262
199609,000000199609.jpg,640,640,person,2,0.2259
421887,000000421887.jpg,486,640,person,2,0.2259
118690,000000118690.jpg,480,640,person,2,0.2257
482634,000000482634.jpg,626,640,person,3,0.2256
264233,000000264233.jpg,640,581,person,1,0.2255
277426,000000277426.jpg,640,640,person,2,0.2254
140065,000000140065.jpg,480,640,person,2,0.2253
200064,000000200064.jpg,640,480,person,2,0.225
61809,000000061809.jpg,640,483,person,3,0.2249
404933,000000404933.jpg,480,640,person,2,0.2246
86516,000000086516.jpg,640,480,person,3,0.2245
361763,000000361763.jpg,486,500,person,3,0.2245
149916,000000149916.jpg,640,533,person,3,0.2244
179520,000000179520.jpg,633,640,person,3,0.2241
453334,000000453334.jpg,640,480,person,3,0.2241
548845,000000548845.jpg,480,640,person,2,0.2237
92342,000000092342.jpg,640,512,person,3,0.2236
225113,000000225113.jpg,640,480,person,3,0.2236
239591,000000239591.jpg,640,640,person,2,0.2234
39764,000000039764.jpg,640,640,person,2,0.2231
328412,000000328412.jpg,581,640,person,2,0.2231
454003,000000454003.jpg,640,480,person,2,0.223
115636,000000115636.jpg,554,640,person,2,0.2229
426085,000000426085.jpg,640,480,person,2,0.2228
349282,000000349282.jpg,640,480,person,3,0.2227
313494,000000313494.jpg,480,640,person,4,0.2225
377809,000000377809.jpg,640,480,person,2,0.2225
515561,000000515561.jpg,612,612,person,2,0.2225
155806,000000155806.jpg,640,480,person,4,0.2224
117849,000000117849.jpg,640,480,person,2,0.2219
185153,000000185153.jpg,640,480,person,3,0.2218
514674,000000514674.jpg,640,480,person,2,0.2217
418523,000000418523.jpg,480,640,person,3,0.2215
35128,000000035128.jpg,480,640,person,2,0.2211
118171,000000118171.jpg,572,640,person,3,0.2211
375296,000000375296.jpg,640,640,person,2,0.2211
400621,000000400621.jpg,640,480,person,2,0.2211
426642,000000426642.jpg,640,536,person,3,0.2211
349974,000000349974.jpg,640,480,person,3,0.221
400887,000000400887.jpg,640,480,person,4,0.221
515075,000000515075.jpg,640,480,person,2,0.221
305055,000000305055.jpg,640,493,person,2,0.2208
415109,000000415109.jpg,640,480,person,2,0.2208
540947,000000540947.jpg,640,480,person,3,0.2208
573795,000000573795.jpg,640,536,person,3,0.2208
1668,000000001668.jpg,640,480,person,3,0.2206
261793,000000261793.jpg,513,640,person,2,0.2206
271195,000000271195.jpg,480,640,person,4,0.2206
421305,000000421305.jpg,480,640,person,2,0.2206
336251,000000336251.jpg,480,640,person,2,0.2201
322848,000000322848.jpg,640,480,person,3,0.2197
8829,000000008829.jpg,640,480,person,2,0.2196
421648,000000421648.jpg,525,640,person,2,0.2194
250195,000000250195.jpg,640,640,person,5,0.2191
316012,000000316012.jpg,513,640,person,2,0.219
505223,000000505223.jpg,639,640,person,2,0.219
530912,000000530912.jpg,640,480,person,2,0.219
88087,000000088087.jpg,640,640,person,2,0.2188
502113,000000502113.jpg,640,480,person,2,0.2187
467252,000000467252.jpg,640,480,person,2,0.2186
518293,000000518293.jpg,640,480,person,2,0.2185
567764,000000567764.jpg,640,490,person,2,0.2185
264594,000000264594.jpg,640,512,person,2,0.2183
385598,000000385598.jpg,640,480,person,2,0.2183
139042,000000139042.jpg,640,550,person,2,0.2179
306940,000000306940.jpg,640,480,person,4,0.2179
369859,000000369859.jpg,612,612,person,3,0.2179
85211,000000085211.jpg,640,545,person,2,0.2178
211425,000000211425.jpg,640,480,person,3,0.2177
328663,000000328663.jpg,612,612,person,2,0.2176
156375,000000156375.jpg,480,640,person,2,0.2175
263760,000000263760.jpg,640,480,person,2,0.2173
254387,000000254387.jpg,640,480,person,4,0.2172
100012,000000100012.jpg,640,489,person,2,0.2171
462833,000000462833.jpg,640,480,person,3,0.217
230707,000000230707.jpg,640,480,person,3,0.2169
312072,000000312072.jpg,640,480,person,2,0.2169
409199,000000409199.jpg,640,480,person,5,0.2168
5124,000000005124.jpg,558,640,person,2,0.2167
103163,000000103163.jpg,612,612,person,2,0.2166
531591,000000531591.jpg,640,483,person,5,0.2166
522758,000000522758.jpg,640,480,person,3,0.2164
215553,000000215553.jpg,640,581,person,2,0.2162
181413,000000181413.jpg,640,528,person,2,0.2161
448175,000000448175.jpg,512,640,person,2,0.2161
79720,000000079720.jpg,640,496,person,2,0.2159
529670,000000529670.jpg,603,640,person,3,0.2159
171805,000000171805.jpg,640,480,person,2,0.2158
287303,000000287303.jpg,640,640,person,4,0.2158
295578,000000295578.jpg,640,480,person,4,0.2158
315487,000000315487.jpg,640,543,person,3,0.2157
62397,000000062397.jpg,516,640,person,2,0.2156
104400,000000104400.jpg,480,640,person,2,0.2153
164043,000000164043.jpg,640,480,person,2,0.2153
513873,000000513873.jpg,480,640,person,2,0.2153
534662,000000534662.jpg,640,480,person,3,0.2153
538187,000000538187.jpg,498,640,person,2,0.2153
98596,000000098596.jpg,640,631,person,3,0.2151
135794,000000135794.jpg,640,536,person,2,0.215
178876,000000178876.jpg,480,640,person,2,0.215
122937,000000122937.jpg,640,640,person,4,0.2149
486247,000000486247.jpg,640,489,person,2,0.2148
54516,000000054516.jpg,640,631,person,2,0.2147
73190,000000073190.jpg,640,480,person,2,0.2146
100034,000000100034.jpg,640,628,person,3,0.2146
205086,000000205086.jpg,640,480,person,2,0.2145
451511,000000451511.jpg,550,539,person,2,0.2145
463355,000000463355.jpg,640,618,person,2,0.2144
516902,000000516902.jpg,529,640,person,3,0.2142
146865,000000146865.jpg,640,602,person,3,0.214
305175,000000305175.jpg,500,483,person,3,0.2138
462472,000000462472.jpg,640,527,person,3,0.2138
102771,000000102771.jpg,480,640,person,4,0.2137
222555,000000222555.jpg,640,512,person,3,0.2136
330967,000000330967.jpg,504,640,person,3,0.2135
337991,000000337991.jpg,640,480,person,3,0.2135
156026,000000156026.jpg,480,640,person,2,0.2134
411554,000000411554.jpg,622,640,person,2,0.2134
453483,000000453483.jpg,612,612,person,2,0.2134
365784,000000365784.jpg,612,612,person,2,0.2132
501271,000000501271.jpg,640,480,person,2,0.2132
25548,000000025548.jpg,480,640,person,4,0.2131
21470,000000021470.jpg,512,640,person,2,0.213
357583,000000357583.jpg,480,640,person,2,0.213
139551,000000139551.jpg,640,529,person,2,0.2129
297092,000000297092.jpg,500,500,person,2,0.2126
197593,000000197593.jpg,640,480,person,2,0.2123
334645,000000334645.jpg,640,480,person,2,0.2123
462027,000000462027.jpg,640,558,person,4,0.2123
493278,000000493278.jpg,640,640,person,3,0.2123
244577,000000244577.jpg,640,480,person,2,0.2122
356660,000000356660.jpg,640,512,person,3,0.2122
491505,000000491505.jpg,622,640,person,2,0.2122
527183,000000527183.jpg,640,480,person,2,0.2122
100142,000000100142.jpg,480,640,person,3,0.212
53731,000000053731.jpg,480,640,person,2,0.2119
304749,000000304749.jpg,640,480,person,1,0.2119
163485,000000163485.jpg,489,640,person,3,0.2118
174090,000000174090.jpg,640,512,person,2,0.2118
480116,000000480116.jpg,640,512,person,2,0.2117
522256,000000522256.jpg,640,482,person,4,0.2117
25282,000000025282.jpg,640,480,person,3,0.2115
140465,000000140465.jpg,640,480,person,2,0.2114
325371,000000325371.jpg,480,640,person,2,0.2114
401301,000000401301.jpg,640,640,person,2,0.2113
494032,000000494032.jpg,640,617,person,3,0.211
284783,000000284783.jpg,612,612,person,3,0.2109
16005,000000016005.jpg,640,480,person,2,0.2108
532220,000000532220.jpg,480,640,person,2,0.2107
284888,000000284888.jpg,500,481,person,2,0.2104
420028,000000420028.jpg,640,480,person,2,0.2104
520752,000000520752.jpg,640,493,person,3,0.2104
332203,000000332203.jpg,489,640,person,3,0.2103
307315,000000307315.jpg,480,640,person,3,0.2102
260407,000000260407.jpg,480,640,person,2,0.21
279176,000000279176.jpg,640,480,person,2,0.21
326243,000000326243.jpg,512,640,person,3,0.2097
317091,000000317091.jpg,622,640,person,2,0.2095
342260,000000342260.jpg,577,640,person,2,0.2094
505579,000000505579.jpg,640,480,person,3,0.2094
414683,000000414683.jpg,640,480,person,3,0.2091
443547,000000443547.jpg,568,640,person,3,0.2091
221794,000000221794.jpg,640,480,person,2,0.209
122277,000000122277.jpg,512,640,person,2,0.2085
280976,000000280976.jpg,512,640,person,2,0.2085
197213,000000197213.jpg,480,640,person,2,0.2084
529515,000000529515.jpg,640,512,person,4,0.2084
499111,000000499111.jpg,480,640,person,2,0.2082
536233,000000536233.jpg,480,640,person,2,0.2081
65136,000000065136.jpg,640,480,person,3,0.208
7809,000000007809.jpg,519,640,person,3,0.2078
140724,000000140724.jpg,519,640,person,2,0.2078
347836,000000347836.jpg,640,480,person,2,0.2078
129004,000000129004.jpg,640,480,person,3,0.2076
234422,000000234422.jpg,480,640,person,2,0.2076
116755,000000116755.jpg,480,640,person,2,0.2074
418964,000000418964.jpg,640,480,person,4,0.2073
55517,000000055517.jpg,640,480,person,3,0.2072
143904,000000143904.jpg,640,640,person,2,0.2072
186620,000000186620.jpg,640,480,person,2,0.207
554892,000000554892.jpg,640,514,person,3,0.207
99619,000000099619.jpg,480,640,person,2,0.2069
192513,000000192513.jpg,529,640,person,3,0.2068
26498,000000026498.jpg,640,640,person,4,0.2067
484551,000000484551.jpg,640,480,person,2,0.2067
27302,000000027302.jpg,640,480,person,3,0.2066
302569,000000302569.jpg,640,480,person,2,0.2066
461876,000000461876.jpg,640,480,person,3,0.2066
486471,000000486471.jpg,640,481,person,2,0.2065
391696,000000391696.jpg,612,612,person,2,0.2064
551906,000000551906.jpg,640,481,person,5,0.2064
47813,000000047813.jpg,640,480,person,3,0.2063
103252,000000103252.jpg,640,480,person,2,0.2063
79641,000000079641.jpg,612,612,person,2,0.2062
239208,000000239208.jpg,501,640,person,2,0.2062
194677,000000194677.jpg,640,491,person,3,0.2061
398696,000000398696.jpg,640,480,person,3,0.2061
33105,000000033105.jpg,640,480,person,2,0.206
523923,000000523923.jpg,480,640,person,2,0.206
15546,000000015546.jpg,640,513,person,3,0.2059
484450,000000484450.jpg,640,480,person,2,0.2059
27562,000000027562.jpg,640,543,person,2,0.2055
14283,000000014283.jpg,640,480,person,2,0.2054
196332,000000196332.jpg,640,640,person,3,0.2054
235799,000000235799.jpg,640,539,person,2,0.2054
247625,000000247625.jpg,480,640,person,2,0.2054
519275,000000519275.jpg,511,640,person,3,0.2054
497067,000000497067.jpg,640,623,person,4,0.2053
547979,000000547979.jpg,640,480,person,2,0.2053
455037,000000455037.jpg,640,480,person,3,0.2052
62707,000000062707.jpg,480,640,person,2,0.205
67835,000000067835.jpg,640,512,person,2,0.205
336162,000000336162.jpg,640,480,person,2,0.205
30992,000000030992.jpg,640,512,person,4,0.2049
301648,000000301648.jpg,512,640,person,2,0.2049
309552,000000309552.jpg,640,494,person,4,0.2049
540287,000000540287.jpg,545,640,person,3,0.2048
161383,000000161383.jpg,640,480,person,2,0.2047
492943,000000492943.jpg,640,513,person,4,0.2047
538581,000000538581.jpg,640,602,person,3,0.2047
84253,000000084253.jpg,612,612,person,2,0.2046
496372,000000496372.jpg,640,480,person,2,0.2046
351981,000000351981.jpg,640,512,person,2,0.2045
248789,000000248789.jpg,480,640,person,2,0.2043
264128,000000264128.jpg,640,480,person,2,0.2042
437129,000000437129.jpg,640,629,person,3,0.2039
43305,000000043305.jpg,640,480,person,3,0.2038
106637,000000106637.jpg,640,480,person,3,0.2038
562523,000000562523.jpg,640,480,person,2,0.2036
286018,000000286018.jpg,612,612,person,2,0.2035
550147,000000550147.jpg,640,480,person,5,0.2035
224471,000000224471.jpg,532,640,person,2,0.2034
224197,000000224197.jpg,640,480,person,4,0.2033
359249,000000359249.jpg,640,480,person,3,0.2032
187103,000000187103.jpg,640,480,person,3,0.2027
49731,000000049731.jpg,640,480,person,3,0.2025
252994,000000252994.jpg,494,640,person,3,0.2025
283222,000000283222.jpg,480,640,person,2,0.2025
311497,000000311497.jpg,495,640,person,3,0.2024
538643,000000538643.jpg,640,480,person,2,0.2024
158563,000000158563.jpg,640,480,person,2,0.2023
281952,000000281952.jpg,640,640,person,3,0.2023
508008,000000508008.jpg,640,480,person,2,0.2023
135538,000000135538.jpg,480,640,person,2,0.2022
386239,000000386239.jpg,640,480,person,2,0.2022
227202,000000227202.jpg,640,640,person,2,0.2021
398863,000000398863.jpg,480,640,person,2,0.2021
562463,000000562463.jpg,640,480,person,2,0.2021
7583,000000007583.jpg,640,480,person,2,0.2019
67663,000000067663.jpg,640,526,person,2,0.2019
156534,000000156534.jpg,640,480,person,2,0.2019
92753,000000092753.jpg,605,640,person,2,0.2017
101065,000000101065.jpg,480,640,person,2,0.2016
388654,000000388654.jpg,484,640,person,2,0.2016
340148,000000340148.jpg,480,640,person,1,0.2011
343307,000000343307.jpg,640,480,person,2,0.2011
74421,000000074421.jpg,640,480,person,2,0.201
327970,000000327970.jpg,597,640,person,2,0.201
153921,000000153921.jpg,640,480,person,2,0.2009
327860,000000327860.jpg,640,480,person,2,0.2009
270912,000000270912.jpg,640,480,person,5,0.2008
388712,000000388712.jpg,612,612,person,2,0.2008
391439,000000391439.jpg,640,480,person,3,0.2006
342711,000000342711.jpg,480,640,person,2,0.2005
466211,000000466211.jpg,640,480,person,3,0.2005
525227,000000525227.jpg,612,612,person,2,0.2005
481663,000000481663.jpg,493,640,person,2,0.2004
204138,000000204138.jpg,612,612,person,2,0.2003
564448,000000564448.jpg,480,640,person,3,0.2002
175410,000000175410.jpg,480,640,person,2,0.2001
429226,000000429226.jpg,512,640,person,3,0.2001
248932,000000248932.jpg,480,640,person,2,0.1999
430581,000000430581.jpg,640,480,person,2,0.1999
50179,000000050179.jpg,481,640,person,3,0.1998
66243,000000066243.jpg,480,640,person,2,0.1998
486713,000000486713.jpg,640,524,person,2,0.1996
120147,000000120147.jpg,640,480,person,2,0.1995
130093,000000130093.jpg,640,480,person,3,0.1994
137330,000000137330.jpg,640,480,person,2,0.1994
487204,000000487204.jpg,480,640,person,3,0.1994
76364,000000076364.jpg,640,622,person,4,0.1993
526729,000000526729.jpg,640,480,person,2,0.1992
118296,000000118296.jpg,640,491,person,2,0.199
10230,000000010230.jpg,640,480,person,3,0.1989
554742,000000554742.jpg,480,640,person,2,0.1989
206486,000000206486.jpg,640,624,person,2,0.1985
270809,000000270809.jpg,640,522,person,3,0.1985
70257,000000070257.jpg,486,640,person,3,0.1984
218766,000000218766.jpg,480,640,person,2,0.1984
243947,000000243947.jpg,640,480,person,1,0.1984
394514,000000394514.jpg,511,640,person,2,0.1984
546575,000000546575.jpg,523,640,person,2,0.1984
528284,000000528284.jpg,640,640,person,2,0.1981
543570,000000543570.jpg,640,480,person,4,0.1981
469301,000000469301.jpg,640,499,person,2,0.1979
331592,000000331592.jpg,640,640,person,2,0.1978
360736,000000360736.jpg,640,480,person,3,0.1975
431893,000000431893.jpg,480,640,person,2,0.1974
83672,000000083672.jpg,480,640,person,2,0.1973
358982,000000358982.jpg,557,640,person,2,0.197
419863,000000419863.jpg,482,640,person,2,0.1968
432683,000000432683.jpg,640,480,person,3,0.1968
542033,000000542033.jpg,480,640,person,3,0.1968
36151,000000036151.jpg,628,640,person,3,0.1966
5032,000000005032.jpg,640,480,person,2,0.1965
168111,000000168111.jpg,480,640,person,2,0.1964
129738,000000129738.jpg,640,480,person,2,0.1963
91949,000000091949.jpg,480,640,person,1,0.1962
259187,000000259187.jpg,640,575,person,3,0.1962
493923,000000493923.jpg,480,640,person,2,0.1961
282310,000000282310.jpg,480,640,person,2,0.1959
312050,000000312050.jpg,640,480,person,3,0.1959
458412,000000458412.jpg,500,500,person,2,0.1957
336242,000000336242.jpg,480,640,person,2,0.1956
401901,000000401901.jpg,640,638,person,2,0.1956
570285,000000570285.jpg,502,640,person,2,0.1955
183395,000000183395.jpg,640,533,person,2,0.1954
546193,000000546193.jpg,640,480,person,2,0.1953
249687,000000249687.jpg,480,640,person,2,0.1952
532276,000000532276.jpg,640,480,person,3,0.1951
277491,000000277491.jpg,640,558,person,2,0.1949
275922,000000275922.jpg,526,640,person,2,0.1948
85081,000000085081.jpg,640,480,person,2,0.1947
221864,000000221864.jpg,480,640,person,3,0.1946
454692,000000454692.jpg,640,480,person,2,0.1946
487050,000000487050.jpg,480,640,person,2,0.1943
178317,000000178317.jpg,480,640,person,2,0.1942
295804,000000295804.jpg,640,480,person,2,0.1941
349268,000000349268.jpg,640,480,person,2,0.1939
384232,000000384232.jpg,612,612,person,3,0.1938
517941,000000517941.jpg,512,640,person,3,0.1938
540989,000000540989.jpg,548,640,person,2,0.1938
15496,000000015496.jpg,640,480,person,2,0.1937
134937,000000134937.jpg,640,480,person,4,0.1936
260276,000000260276.jpg,640,480,person,2,0.1936
323536,000000323536.jpg,640,480,person,3,0.1935
484066,000000484066.jpg,591,640,person,3,0.1934
371135,000000371135.jpg,512,640,person,3,0.1933
506950,000000506950.jpg,480,640,person,3,0.1932
137173,000000137173.jpg,480,640,person,2,0.1931
475037,000000475037.jpg,491,500,person,3,0.1931
16290,000000016290.jpg,640,481,person,3,0.193
213034,000000213034.jpg,640,541,person,3,0.1928
292211,000000292211.jpg,640,480,person,2,0.1927
317131,000000317131.jpg,480,640,person,3,0.1926
480408,000000480408.jpg,640,480,person,5,0.1926
512139,000000512139.jpg,506,640,person,2,0.1925
358486,000000358486.jpg,612,612,person,2,0.1922
174211,000000174211.jpg,480,640,person,2,0.192
116377,000000116377.jpg,612,612,person,3,0.1919
568132,000000568132.jpg,640,480,person,3,0.1919
168662,000000168662.jpg,640,480,person,3,0.1918
106666,000000106666.jpg,640,480,person,2,0.1917
345071,000000345071.jpg,640,480,person,4,0.1915
420825,000000420825.jpg,578,640,person,4,0.1913
292145,000000292145.jpg,480,640,person,2,0.1912
184877,000000184877.jpg,640,480,person,4,0.1911
214871,000000214871.jpg,480,640,person,2,0.191
415885,000000415885.jpg,640,640,person,2,0.1908
160773,000000160773.jpg,640,575,person,2,0.1907
273450,000000273450.jpg,640,612,person,3,0.1905
545214,000000545214.jpg,480,640,person,1,0.1905
64036,000000064036.jpg,640,493,person,2,0.1904
387812,000000387812.jpg,640,480,person,2,0.1903
434522,000000434522.jpg,640,490,person,2,0.1903
439560,000000439560.jpg,480,640,person,3,0.1901
22796,000000022796.jpg,640,480,person,3,0.19
140627,000000140627.jpg,510,640,person,2,0.1899
538454,000000538454.jpg,612,612,person,3,0.1899
197632,000000197632.jpg,640,480,person,2,0.1898
287361,000000287361.jpg,640,480,person,2,0.1898
417339,000000417339.jpg,480,640,person,3,0.1898
468284,000000468284.jpg,604,640,person,3,0.1897
26699,000000026699.jpg,640,640,person,2,0.1894
77399,000000077399.jpg,640,480,person,2,0.1894
93430,000000093430.jpg,640,480,person,3,0.1894
401591,000000401591.jpg,612,612,person,1,0.1894
528091,000000528091.jpg,482,500,person,2,0.1894
9927,000000009927.jpg,640,516,person,2,0.1892
839,000000000839.jpg,640,575,person,4,0.1891
309771,000000309771.jpg,640,480,person,3,0.1891
356263,000000356263.jpg,640,480,person,3,0.1889
253827,000000253827.jpg,640,483,person,2,0.1887
56650,000000056650.jpg,481,640,person,3,0.1886
205594,000000205594.jpg,640,575,person,2,0.1886
334185,000000334185.jpg,480,640,person,2,0.1885
454103,000000454103.jpg,480,640,person,2,0.1885
249905,000000249905.jpg,640,480,person,2,0.1884
264737,000000264737.jpg,480,640,person,3,0.1884
350518,000000350518.jpg,640,480,person,2,0.1884
488974,000000488974.jpg,512,640,person,2,0.1884
247866,000000247866.jpg,512,640,person,4,0.1883
77693,000000077693.jpg,640,480,person,2,0.188
264502,000000264502.jpg,640,480,person,2,0.188
261902,000000261902.jpg,640,493,person,3,0.1879
458502,000000458502.jpg,480,640,person,2,0.1878
445030,000000445030.jpg,640,480,person,2,0.1876
563319,000000563319.jpg,640,480,person,3,0.1876
85192,000000085192.jpg,640,485,person,2,0.1875
194210,000000194210.jpg,640,621,person,2,0.1875
406047,000000406047.jpg,640,480,person,2,0.1874
575601,000000575601.jpg,640,501,person,2,0.1874
90989,000000090989.jpg,640,480,person,2,0.1873
139658,000000139658.jpg,596,640,person,2,0.1873
126798,000000126798.jpg,640,480,person,3,0.1872
372727,000000372727.jpg,480,640,person,2,0.1872
67548,000000067548.jpg,640,480,person,3,0.1869
432897,000000432897.jpg,500,500,person,3,0.1868
161586,000000161586.jpg,480,640,person,2,0.1867
204431,000000204431.jpg,480,640,person,2,0.1867
274083,000000274083.jpg,640,480,person,3,0.1867
347921,000000347921.jpg,480,640,person,2,0.1867
354842,000000354842.jpg,547,640,person,2,0.1867
18885,000000018885.jpg,640,480,person,2,0.1866
24664,000000024664.jpg,640,480,person,2,0.1865
121891,000000121891.jpg,510,640,person,2,0.1865
505643,000000505643.jpg,497,640,person,2,0.1864
507460,000000507460.jpg,640,537,person,3,0.1862
191400,000000191400.jpg,480,640,person,2,0.186
24571,000000024571.jpg,640,480,person,4,0.1859
382341,000000382341.jpg,640,509,person,3,0.1859
39606,000000039606.jpg,500,500,person,2,0.1858
344782,000000344782.jpg,640,512,person,2,0.1855
483692,000000483692.jpg,640,482,person,3,0.1855
112582,000000112582.jpg,480,640,person,2,0.1853
213355,000000213355.jpg,480,640,person,2,0.1851
26536,000000026536.jpg,640,512,person,3,0.185
30239,000000030239.jpg,481,640,person,3,0.185
87443,000000087443.jpg,640,480,person,2,0.185
325228,000000325228.jpg,640,530,person,3,0.1848
572036,000000572036.jpg,640,513,person,4,0.1848
195880,000000195880.jpg,509,640,person,3,0.1846
296540,000000296540.jpg,480,640,person,4,0.1846
45627,000000045627.jpg,480,640,person,2,0.1844
217323,000000217323.jpg,640,480,person,2,0.1842
456191,000000456191.jpg,640,480,person,2,0.1842
14502,000000014502.jpg,640,480,person,4,0.1839
295815,000000295815.jpg,480,640,person,1,0.1839
236486,000000236486.jpg,480,640,person,3,0.1838
392601,000000392601.jpg,640,480,person,1,0.1835
492466,000000492466.jpg,640,480,person,3,0.1835
162007,000000162007.jpg,640,640,person,2,0.1832
407246,000000407246.jpg,480,640,person,2,0.1831
224711,000000224711.jpg,531,640,person,2,0.1829
371359,000000371359.jpg,640,480,person,2,0.1829
533454,000000533454.jpg,640,535,person,3,0.1829
362941,000000362941.jpg,640,480,person,2,0.1827
194299,000000194299.jpg,516,640,person,3,0.1826
260852,000000260852.jpg,480,640,person,3,0.1825
72770,000000072770.jpg,500,500,person,2,0.1823
123166,000000123166.jpg,617,640,person,2,0.1823
513758,000000513758.jpg,640,480,person,2,0.1823
569298,000000569298.jpg,549,640,person,5,0.1823
243071,000000243071.jpg,640,640,person,3,0.1822
280450,000000280450.jpg,640,480,person,2,0.182
406376,000000406376.jpg,640,518,person,2,0.1819
469260,000000469260.jpg,640,480,person,2,0.1819
169653,000000169653.jpg,640,504,person,2,0.1818
556613,000000556613.jpg,480,640,person,2,0.1818
385248,000000385248.jpg,640,515,person,3,0.1817
490415,000000490415.jpg,480,640,person,3,0.1816
120259,000000120259.jpg,640,480,person,2,0.1815
127393,000000127393.jpg,640,480,person,3,0.1815
540799,000000540799.jpg,640,480,person,2,0.1815
330341,000000330341.jpg,640,480,person,4,0.1814
220992,000000220992.jpg,640,480,person,1,0.1813
462486,000000462486.jpg,480,640,person,2,0.1813
335200,000000335200.jpg,640,480,person,3,0.1812
531201,000000531201.jpg,640,480,person,2,0.1812
10701,000000010701.jpg,640,480,person,3,0.1811
329380,000000329380.jpg,640,480,person,3,0.1811
12795,000000012795.jpg,496,640,person,2,0.181
457636,000000457636.jpg,612,612,person,1,0.181
60182,000000060182.jpg,640,486,person,2,0.1808
277797,000000277797.jpg,575,640,person,4,0.1808
288944,000000288944.jpg,640,480,person,3,0.1808
476155,000000476155.jpg,480,640,person,2,0.1808
543389,000000543389.jpg,640,480,person,3,0.1808
33175,000000033175.jpg,537,640,person,2,0.1807
18059,000000018059.jpg,480,640,person,4,0.1805
251985,000000251985.jpg,640,548,person,2,0.1805
108879,000000108879.jpg,603,640,person,3,0.1804
128830,000000128830.jpg,480,640,person,2,0.1804
15588,000000015588.jpg,591,640,person,2,0.1802
462197,000000462197.jpg,640,556,person,2,0.1802
250250,000000250250.jpg,640,640,person,3,0.18
86086,000000086086.jpg,614,640,person,3,0.1796
234028,000000234028.jpg,500,500,person,2,0.1796
395768,000000395768.jpg,640,480,person,3,0.1796
409725,000000409725.jpg,640,480,person,4,0.1794
474725,000000474725.jpg,500,500,person,2,0.1792
293090,000000293090.jpg,640,480,person,2,0.179
462075,000000462075.jpg,640,480,person,3,0.179
537667,000000537667.jpg,640,480,person,3,0.1789
81616,000000081616.jpg,640,480,person,2,0.1787
250737,000000250737.jpg,563,640,person,3,0.1787
12574,000000012574.jpg,640,480,person,2,0.1786
200267,000000200267.jpg,591,640,person,3,0.1786
547533,000000547533.jpg,480,640,person,4,0.1786
416950,000000416950.jpg,640,510,person,2,0.1784
150286,000000150286.jpg,640,480,person,2,0.1783
180613,000000180613.jpg,612,612,person,2,0.1783
425881,000000425881.jpg,640,480,person,2,0.1783
463851,000000463851.jpg,640,480,person,3,0.1783
420398,000000420398.jpg,640,480,person,5,0.1782
548067,000000548067.jpg,565,640,person,2,0.1781
344127,000000344127.jpg,612,612,person,3,0.178
379742,000000379742.jpg,640,480,person,2,0.1778
85213,000000085213.jpg,612,612,person,3,0.1775
134829,000000134829.jpg,640,480,person,2,0.1775
337305,000000337305.jpg,480,640,person,2,0.1774
403074,000000403074.jpg,480,640,person,2,0.1773
555131,000000555131.jpg,640,480,person,3,0.1773
63677,000000063677.jpg,580,640,person,2,0.1772
442977,000000442977.jpg,480,640,person,2,0.1772
465058,000000465058.jpg,640,563,person,2,0.1772
492138,000000492138.jpg,640,480,person,3,0.1772
528108,000000528108.jpg,631,640,person,2,0.1772
407548,000000407548.jpg,640,480,person,2,0.1771
410328,000000410328.jpg,480,640,person,3,0.177
513015,000000513015.jpg,640,480,person,4,0.177
536286,000000536286.jpg,640,480,person,3,0.177
539760,000000539760.jpg,480,640,person,2,0.177
156246,000000156246.jpg,640,640,person,2,0.1769
271424,000000271424.jpg,640,480,person,3,0.1769
355064,000000355064.jpg,640,480,person,2,0.1769
107782,000000107782.jpg,640,640,person,2,0.1766
359339,000000359339.jpg,640,480,person,3,0.1763
402505,000000402505.jpg,640,480,person,2,0.1763
561407,000000561407.jpg,640,480,person,2,0.1763
335359,000000335359.jpg,511,640,person,3,0.1762
418221,000000418221.jpg,640,494,person,2,0.1762
371360,000000371360.jpg,480,640,person,3,0.1761
532376,000000532376.jpg,480,640,person,2,0.1761
86216,000000086216.jpg,630,640,person,2,0.176
434561,000000434561.jpg,480,640,person,2,0.176
102599,000000102599.jpg,640,490,person,4,0.1758
13763,000000013763.jpg,640,480,person,2,0.1757
352148,000000352148.jpg,640,513,person,2,0.1757
523358,000000523358.jpg,640,480,person,3,0.1757
484108,000000484108.jpg,640,535,person,2,0.1755
497894,000000497894.jpg,511,640,person,2,0.1755
573529,000000573529.jpg,480,640,person,2,0.1755
317306,000000317306.jpg,640,529,person,2,0.1754
494128,000000494128.jpg,640,480,person,2,0.1754
520982,000000520982.jpg,640,480,person,4,0.1754
91751,000000091751.jpg,640,549,person,2,0.1753
332653,000000332653.jpg,612,612,person,3,0.1752
297204,000000297204.jpg,640,480,person,4,0.175
332812,000000332812.jpg,514,640,person,2,0.1749
518182,000000518182.jpg,484,500,person,2,0.1748
95267,000000095267.jpg,640,480,person,3,0.1746
467858,000000467858.jpg,640,640,person,2,0.1745
233111,000000233111.jpg,516,640,person,3,0.1744
322177,000000322177.jpg,640,504,person,2,0.1743
144025,000000144025.jpg,640,480,person,2,0.1741
468319,000000468319.jpg,640,557,person,3,0.174
250380,000000250380.jpg,493,500,person,3,0.1738
139696,000000139696.jpg,640,495,person,3,0.1737
154898,000000154898.jpg,480,640,person,5,0.1737
287474,000000287474.jpg,480,640,person,2,0.1737
248391,000000248391.jpg,640,480,person,1,0.1736
491211,000000491211.jpg,640,480,person,2,0.1736
366268,000000366268.jpg,548,640,person,2,0.1735
13124,000000013124.jpg,480,640,person,2,0.1734
327462,000000327462.jpg,640,512,person,2,0.1734
430335,000000430335.jpg,480,640,person,2,0.1734
265553,000000265553.jpg,480,640,person,3,0.1733
351705,000000351705.jpg,500,499,person,3,0.1733
148295,000000148295.jpg,640,480,person,2,0.1731
292519,000000292519.jpg,612,612,person,2,0.1731
263700,000000263700.jpg,640,480,person,2,0.173
325327,000000325327.jpg,480,640,person,2,0.1729
573312,000000573312.jpg,480,640,person,2,0.1729
122899,000000122899.jpg,480,640,person,2,0.1728
556955,000000556955.jpg,640,496,person,2,0.1728
44600,000000044600.jpg,480,640,person,2,0.1727
416169,000000416169.jpg,640,480,person,2,0.1727
509225,000000509225.jpg,480,640,person,2,0.1727
483038,000000483038.jpg,480,640,person,2,0.1726
335524,000000335524.jpg,640,480,person,2,0.1725
163127,000000163127.jpg,480,640,person,3,0.1724
187371,000000187371.jpg,480,640,person,2,0.1724
428658,000000428658.jpg,640,508,person,2,0.1724
383048,000000383048.jpg,480,640,person,3,0.1723
99981,000000099981.jpg,480,640,person,2,0.1722
233405,000000233405.jpg,640,640,person,2,0.1722
235126,000000235126.jpg,480,640,person,2,0.1722
490508,000000490508.jpg,480,640,person,3,0.1722
555311,000000555311.jpg,599,640,person,2,0.1722
39258,000000039258.jpg,533,640,person,3,0.172
327579,000000327579.jpg,640,511,person,2,0.172
404766,000000404766.jpg,640,588,person,3,0.172
18882,000000018882.jpg,480,640,person,2,0.1719
154754,000000154754.jpg,640,480,person,3,0.1717
343291,000000343291.jpg,640,614,person,2,0.1717
370873,000000370873.jpg,640,489,person,2,0.1717
264804,000000264804.jpg,640,506,person,2,0.1716
109141,000000109141.jpg,640,480,person,2,0.1715
106963,000000106963.jpg,480,640,person,3,0.1713
171959,000000171959.jpg,612,612,person,2,0.1712
240225,000000240225.jpg,640,480,person,2,0.1712
49904,000000049904.jpg,480,640,person,2,0.1711
22799,000000022799.jpg,640,640,person,2,0.171
193110,000000193110.jpg,612,612,person,2,0.1708
18728,000000018728.jpg,640,480,person,2,0.1707
374405,000000374405.jpg,640,480,person,2,0.1707
349052,000000349052.jpg,536,640,person,3,0.1706
150614,000000150614.jpg,640,640,person,2,0.1704
289425,000000289425.jpg,640,492,person,2,0.1704
309144,000000309144.jpg,640,480,person,3,0.1704
129331,000000129331.jpg,480,640,person,3,0.1703
478741,000000478741.jpg,640,480,person,4,0.1703
1580,000000001580.jpg,640,480,person,2,0.1701
533955,000000533955.jpg,640,640,person,2,0.1701
163319,000000163319.jpg,480,640,person,2,0.17
234751,000000234751.jpg,640,480,person,2,0.17
246649,000000246649.jpg,480,640,person,2,0.17
117676,000000117676.jpg,480,640,person,3,0.1699
391754,000000391754.jpg,640,480,person,2,0.1699
108101,000000108101.jpg,640,480,person,2,0.1698
208723,000000208723.jpg,640,603,person,2,0.1696
326284,000000326284.jpg,515,640,person,2,0.1696
352178,000000352178.jpg,480,640,person,2,0.1696
525360,000000525360.jpg,640,603,person,3,0.1696
248733,000000248733.jpg,640,480,person,2,0.1695
382081,000000382081.jpg,640,480,person,3,0.1695
278541,000000278541.jpg,640,480,person,2,0.1694
431192,000000431192.jpg,640,480,person,2,0.1694
579137,000000579137.jpg,640,514,person,3,0.1694
182384,000000182384.jpg,640,480,person,3,0.1693
34810,000000034810.jpg,596,640,person,3,0.1691
527025,000000527025.jpg,640,480,person,1,0.1691
543782,000000543782.jpg,640,480,person,2,0.1691
47498,000000047498.jpg,512,640,person,2,0.169
342401,000000342401.jpg,640,501,person,4,0.169
494394,000000494394.jpg,640,640,person,2,0.169
283835,000000283835.jpg,640,534,person,3,0.1689
539319,000000539319.jpg,640,480,person,2,0.1689
114579,000000114579.jpg,640,480,person,2,0.1688
178116,000000178116.jpg,640,563,person,3,0.1688
336563,000000336563.jpg,533,640,person,5,0.1688
278095,000000278095.jpg,640,640,person,3,0.1686
396212,000000396212.jpg,640,480,person,3,0.1686
553668,000000553668.jpg,640,480,person,2,0.1685
252018,000000252018.jpg,640,480,person,2,0.1683
399991,000000399991.jpg,640,542,person,3,0.1683
405435,000000405435.jpg,495,500,person,3,0.1683
147769,000000147769.jpg,512,640,person,2,0.1682
415162,000000415162.jpg,640,480,person,2,0.1681
449691,000000449691.jpg,640,480,person,2,0.1681
541351,000000541351.jpg,480,640,person,3,0.1681
268948,000000268948.jpg,640,480,person,2,0.168
435391,000000435391.jpg,640,480,person,3,0.168
71735,000000071735.jpg,612,612,person,2,0.1679
505242,000000505242.jpg,480,640,person,2,0.1679
25550,000000025550.jpg,640,480,person,3,0.1678
365259,000000365259.jpg,640,480,person,2,0.1678
243268,000000243268.jpg,640,480,person,3,0.1677
19002,000000019002.jpg,480,640,person,2,0.1676
401307,000000401307.jpg,640,480,person,2,0.1676
405136,000000405136.jpg,640,480,person,2,0.1676
514213,000000514213.jpg,485,640,person,2,0.1676
316970,000000316970.jpg,480,640,person,2,0.1674
255123,000000255123.jpg,640,520,person,2,0.1673
400253,000000400253.jpg,640,480,person,4,0.1673
574462,000000574462.jpg,640,480,person,2,0.1673
283573,000000283573.jpg,480,640,person,2,0.1671
391325,000000391325.jpg,640,480,person,2,0.1669
406292,000000406292.jpg,640,480,person,4,0.1667
483261,000000483261.jpg,640,480,person,4,0.1667
103227,000000103227.jpg,640,566,person,2,0.1665
413635,000000413635.jpg,640,480,person,2,0.1664
175908,000000175908.jpg,640,480,person,2,0.1663
62204,000000062204.jpg,640,480,person,3,0.1662
468997,000000468997.jpg,640,480,person,4,0.1662
350416,000000350416.jpg,480,640,person,2,0.1661
405849,000000405849.jpg,640,480,person,3,0.1661
128106,000000128106.jpg,640,480,person,2,0.166
396623,000000396623.jpg,640,480,person,3,0.1659
355785,000000355785.jpg,640,594,person,2,0.1658
39322,000000039322.jpg,500,500,person,5,0.1656
433212,000000433212.jpg,640,480,person,2,0.1654
2415,000000002415.jpg,640,480,person,2,0.1653
538343,000000538343.jpg,640,480,person,3,0.1653
174930,000000174930.jpg,640,483,person,2,0.1652
490306,000000490306.jpg,480,640,person,3,0.1652
151236,000000151236.jpg,640,480,person,2,0.1651
552346,000000552346.jpg,640,480,person,2,0.1651
547513,000000547513.jpg,480,640,person,3,0.165
572505,000000572505.jpg,640,539,person,3,0.165
294309,000000294309.jpg,480,640,person,2,0.1649
411686,000000411686.jpg,480,640,person,2,0.1649
1811,000000001811.jpg,640,640,person,2,0.1648
27593,000000027593.jpg,640,496,person,2,0.1648
121365,000000121365.jpg,640,480,person,2,0.1648
451008,000000451008.jpg,640,480,person,4,0.1648
470957,000000470957.jpg,480,640,person,2,0.1648
284150,000000284150.jpg,640,480,person,3,0.1646
4608,000000004608.jpg,640,480,person,2,0.1644
248879,000000248879.jpg,640,480,person,2,0.1644
376393,000000376393.jpg,640,480,person,2,0.1644
434581,000000434581.jpg,640,480,person,2,0.1644
31738,000000031738.jpg,512,640,person,3,0.1643
208450,000000208450.jpg,640,640,person,3,0.1642
365792,000000365792.jpg,640,512,person,3,0.1641
163991,000000163991.jpg,511,640,person,3,0.164
477144,000000477144.jpg,640,480,person,4,0.1639
20342,000000020342.jpg,640,640,person,3,0.1638
286499,000000286499.jpg,480,640,person,3,0.1638
457575,000000457575.jpg,640,480,person,3,0.1638
38116,000000038116.jpg,640,519,person,2,0.1636
270373,000000270373.jpg,640,568,person,3,0.1635
5205,000000005205.jpg,612,612,person,3,0.1634
355168,000000355168.jpg,480,640,person,3,0.1634
456975,000000456975.jpg,640,480,person,3,0.1633
188529,000000188529.jpg,485,640,person,2,0.1632
408664,000000408664.jpg,640,487,person,2,0.163
20334,000000020334.jpg,640,480,person,3,0.1629
20611,000000020611.jpg,640,513,person,2,0.1629
121229,000000121229.jpg,640,579,person,2,0.1628
247082,000000247082.jpg,640,480,person,3,0.1627
412076,000000412076.jpg,640,480,person,1,0.1627
244455,000000244455.jpg,640,486,person,4,0.1626
563717,000000563717.jpg,640,480,person,3,0.1623
267127,000000267127.jpg,640,480,person,3,0.1621
389249,000000389249.jpg,480,640,person,3,0.1617
160291,000000160291.jpg,640,584,person,2,0.1616
418042,000000418042.jpg,640,600,person,4,0.1616
542200,000000542200.jpg,538,640,person,3,0.1616
374924,000000374924.jpg,640,480,person,3,0.1615
377450,000000377450.jpg,480,640,person,2,0.1614
71015,000000071015.jpg,640,480,person,4,0.1613
139526,000000139526.jpg,640,480,person,4,0.1613
331279,000000331279.jpg,640,558,person,2,0.1611
560388,000000560388.jpg,640,480,person,2,0.1611
143103,000000143103.jpg,640,480,person,2,0.161
580248,000000580248.jpg,640,480,person,3,0.161
231645,000000231645.jpg,640,543,person,3,0.1607
292720,000000292720.jpg,640,480,person,2,0.1607
425342,000000425342.jpg,640,489,person,2,0.1607
555170,000000555170.jpg,640,480,person,2,0.1607
455430,000000455430.jpg,498,500,person,2,0.1605
228045,000000228045.jpg,640,512,person,2,0.1603
231616,000000231616.jpg,640,480,person,2,0.1603
532245,000000532245.jpg,640,480,person,4,0.1603
182634,000000182634.jpg,640,480,person,4,0.1602
208955,000000208955.jpg,640,480,person,6,0.1602
46981,000000046981.jpg,640,480,person,4,0.16
175653,000000175653.jpg,640,480,person,2,0.1599
217137,000000217137.jpg,480,640,person,1,0.1599
506398,000000506398.jpg,640,512,person,2,0.1598
510211,000000510211.jpg,640,512,person,3,0.1598
79345,000000079345.jpg,488,640,person,2,0.1597
394747,000000394747.jpg,525,640,person,2,0.1596
478142,000000478142.jpg,561,640,person,4,0.1596
26985,000000026985.jpg,518,640,person,2,0.1595
440189,000000440189.jpg,640,480,person,2,0.1595
252020,000000252020.jpg,511,640,person,3,0.1594
505979,000000505979.jpg,640,514,person,2,0.1594
530765,000000530765.jpg,480,640,person,3,0.1592
111842,000000111842.jpg,640,480,person,2,0.1591
359568,000000359568.jpg,480,640,person,5,0.1591
170221,000000170221.jpg,534,640,person,2,0.159
367260,000000367260.jpg,640,480,person,3,0.159
339499,000000339499.jpg,640,480,person,3,0.1589
433311,000000433311.jpg,640,480,person,2,0.1589
508811,000000508811.jpg,480,640,person,2,0.1589
267777,000000267777.jpg,480,640,person,2,0.1588
180197,000000180197.jpg,640,480,person,2,0.1585
295403,000000295403.jpg,640,480,person,4,0.1585
382069,000000382069.jpg,486,640,person,3,0.1584
68786,000000068786.jpg,640,512,person,2,0.1581
296564,000000296564.jpg,617,640,person,2,0.1581
43455,000000043455.jpg,621,640,person,2,0.1578
201352,000000201352.jpg,640,628,person,2,0.1578
244241,000000244241.jpg,568,640,person,2,0.1578
408484,000000408484.jpg,640,480,person,2,0.1578
467723,000000467723.jpg,640,480,person,2,0.1578
553046,000000553046.jpg,640,480,person,4,0.1578
314357,000000314357.jpg,563,640,person,3,0.1577
447084,000000447084.jpg,612,612,person,2,0.1577
425807,000000425807.jpg,640,480,person,3,0.1575
126634,000000126634.jpg,640,480,person,2,0.1574
290935,000000290935.jpg,501,640,person,3,0.1573
16063,000000016063.jpg,640,480,person,2,0.1572
215482,000000215482.jpg,640,480,person,4,0.1572
308160,000000308160.jpg,480,640,person,2,0.1572
421361,000000421361.jpg,640,480,person,2,0.157
88754,000000088754.jpg,640,480,person,3,0.1568
523955,000000523955.jpg,640,480,person,2,0.1568
355513,000000355513.jpg,480,640,person,2,0.1567
401094,000000401094.jpg,612,612,person,3,0.1567
440534,000000440534.jpg,480,640,person,4,0.1567
442997,000000442997.jpg,480,640,person,2,0.1567
136285,000000136285.jpg,640,526,person,2,0.1564
380330,000000380330.jpg,634,640,person,2,0.1564
473206,000000473206.jpg,627,640,person,3,0.1564
216325,000000216325.jpg,640,480,person,2,0.1563
299351,000000299351.jpg,640,480,person,3,0.1563
178184,000000178184.jpg,618,640,person,2,0.1561
324595,000000324595.jpg,484,640,person,2,0.1561
460307,000000460307.jpg,612,612,person,2,0.156
137609,000000137609.jpg,640,480,person,2,0.1559
125468,000000125468.jpg,640,480,person,3,0.1558
24553,000000024553.jpg,640,480,person,3,0.1557
60979,000000060979.jpg,640,528,person,3,0.1557
105399,000000105399.jpg,512,640,person,2,0.1557
344832,000000344832.jpg,480,640,person,4,0.1557
483496,000000483496.jpg,640,480,person,2,0.1557
128974,000000128974.jpg,640,485,person,2,0.1556
288559,000000288559.jpg,640,480,person,2,0.1556
129512,000000129512.jpg,640,480,person,2,0.1555
383746,000000383746.jpg,545,640,person,2,0.1555
183602,000000183602.jpg,640,480,person,1,0.1553
348382,000000348382.jpg,640,480,person,2,0.1553
416202,000000416202.jpg,640,512,person,3,0.1552
179240,000000179240.jpg,498,500,person,2,0.1551
254801,000000254801.jpg,640,640,person,3,0.1551
258931,000000258931.jpg,640,480,person,3,0.1551
289795,000000289795.jpg,640,480,person,3,0.1551
53913,000000053913.jpg,498,640,person,3,0.155
116832,000000116832.jpg,480,640,person,2,0.155
134552,000000134552.jpg,482,640,person,2,0.155
244825,000000244825.jpg,640,582,person,3,0.155
275432,000000275432.jpg,480,640,person,4,0.155
410942,000000410942.jpg,640,480,person,3,0.1548
569459,000000569459.jpg,640,480,person,2,0.1548
17308,000000017308.jpg,491,640,person,2,0.1547
24097,000000024097.jpg,511,640,person,4,0.1547
255274,000000255274.jpg,640,480,person,3,0.1547
349725,000000349725.jpg,640,615,person,2,0.1547
188482,000000188482.jpg,608,640,person,5,0.1546
70156,000000070156.jpg,480,640,person,2,0.1545
533283,000000533283.jpg,640,605,person,2,0.1545
3461,000000003461.jpg,640,505,person,2,0.1544
283858,000000283858.jpg,640,513,person,3,0.1544
285149,000000285149.jpg,640,503,person,4,0.1544
553849,000000553849.jpg,640,480,person,4,0.1544
458082,000000458082.jpg,640,556,person,3,0.1543
538344,000000538344.jpg,509,640,person,2,0.1543
248203,000000248203.jpg,640,480,person,2,0.1542
311401,000000311401.jpg,480,640,person,2,0.1541
415001,000000415001.jpg,640,512,person,2,0.1541
67854,000000067854.jpg,640,628,person,2,0.1538
182373,000000182373.jpg,640,480,person,2,0.1538
385389,000000385389.jpg,640,640,person,3,0.1538
453767,000000453767.jpg,522,640,person,3,0.1538
296014,000000296014.jpg,534,640,person,2,0.1537
546183,000000546183.jpg,513,640,person,3,0.1537
18462,000000018462.jpg,480,640,person,4,0.1536
555237,000000555237.jpg,640,640,person,3,0.1535
50627,000000050627.jpg,640,480,person,3,0.1534
270544,000000270544.jpg,640,480,person,2,0.1531
337975,000000337975.jpg,640,480,person,3,0.1531
26932,000000026932.jpg,512,640,person,2,0.153
347168,000000347168.jpg,612,612,person,3,0.153
6896,000000006896.jpg,640,480,person,2,0.1529
342800,000000342800.jpg,640,480,person,2,0.1529
418949,000000418949.jpg,480,640,person,2,0.1529
570542,000000570542.jpg,640,480,person,3,0.1529
524638,000000524638.jpg,640,514,person,2,0.1527
561763,000000561763.jpg,640,480,person,2,0.1527
107191,000000107191.jpg,494,640,person,2,0.1526
127965,000000127965.jpg,640,480,person,2,0.1524
276931,000000276931.jpg,640,480,person,2,0.1524
394724,000000394724.jpg,639,640,person,2,0.1524
570781,000000570781.jpg,493,500,person,2,0.1524
398753,000000398753.jpg,640,480,person,3,0.1523
449119,000000449119.jpg,640,480,person,4,0.1523
520800,000000520800.jpg,480,640,person,2,0.1523
94619,000000094619.jpg,640,640,person,2,0.1521
240739,000000240739.jpg,481,640,person,3,0.1521
453644,000000453644.jpg,640,514,person,2,0.1521
82121,000000082121.jpg,511,640,person,2,0.1517
114945,000000114945.jpg,480,640,person,2,0.1517
318605,000000318605.jpg,640,640,person,2,0.1516
348684,000000348684.jpg,640,495,person,4,0.1516
505471,000000505471.jpg,640,480,person,2,0.1515
516911,000000516911.jpg,640,480,person,5,0.1514
193023,000000193023.jpg,640,480,person,2,0.1512
476827,000000476827.jpg,640,640,person,2,0.1512
264043,000000264043.jpg,480,640,person,3,0.1511
113914,000000113914.jpg,640,512,person,3,0.151
32300,000000032300.jpg,640,480,person,3,0.1509
312288,000000312288.jpg,511,640,person,2,0.1508
514186,000000514186.jpg,480,640,person,2,0.1508
565714,000000565714.jpg,640,480,person,2,0.1507
262389,000000262389.jpg,640,480,person,3,0.1505
269503,000000269503.jpg,640,480,person,2,0.1505
551481,000000551481.jpg,640,640,person,2,0.1505
117286,000000117286.jpg,480,640,person,2,0.1504
517005,000000517005.jpg,640,512,person,4,0.1504
339009,000000339009.jpg,640,480,person,2,0.1502
3276,000000003276.jpg,640,480,person,2,0.1497
294034,000000294034.jpg,640,512,person,2,0.1496
326555,000000326555.jpg,480,640,person,3,0.1496
532644,000000532644.jpg,640,480,person,2,0.1496
13904,000000013904.jpg,640,640,person,3,0.1495
189982,000000189982.jpg,480,640,person,3,0.1495
399988,000000399988.jpg,480,640,person,2,0.1493
540614,000000540614.jpg,494,500,person,2,0.1493
60285,000000060285.jpg,512,640,person,3,0.1492
70288,000000070288.jpg,640,480,person,4,0.1492
259551,000000259551.jpg,640,502,person,2,0.1492
397431,000000397431.jpg,480,640,person,2,0.1492
512944,000000512944.jpg,512,640,person,3,0.1492
346313,000000346313.jpg,512,640,person,2,0.1491
350413,000000350413.jpg,640,480,person,2,0.1491
192,000000000192.jpg,640,480,person,2,0.149
37882,000000037882.jpg,640,512,person,2,0.149
46195,000000046195.jpg,480,640,person,2,0.149
75800,000000075800.jpg,640,480,person,2,0.1489
322029,000000322029.jpg,640,627,person,4,0.1489
338173,000000338173.jpg,640,483,person,3,0.1487
143944,000000143944.jpg,504,640,person,3,0.1486
220799,000000220799.jpg,640,480,person,2,0.1486
331686,000000331686.jpg,640,640,person,3,0.1486
579813,000000579813.jpg,640,480,person,2,0.1486
39137,000000039137.jpg,640,480,person,2,0.1485
174145,000000174145.jpg,480,640,person,2,0.1485
285115,000000285115.jpg,640,640,person,2,0.1482
383909,000000383909.jpg,640,480,person,2,0.1482
527476,000000527476.jpg,640,480,person,2,0.1482
565570,000000565570.jpg,640,604,person,3,0.1482
339031,000000339031.jpg,640,499,person,2,0.1481
414709,000000414709.jpg,632,640,person,2,0.1481
470097,000000470097.jpg,640,512,person,3,0.1481
65404,000000065404.jpg,480,640,person,2,0.148
389382,000000389382.jpg,480,640,person,2,0.148
560934,000000560934.jpg,640,640,person,2,0.1479
147667,000000147667.jpg,532,640,person,3,0.1477
391837,000000391837.jpg,640,480,person,2,0.1477
167908,000000167908.jpg,640,506,person,3,0.1473
389016,000000389016.jpg,480,640,person,4,0.1472
204792,000000204792.jpg,640,508,person,2,0.1471
430555,000000430555.jpg,640,480,person,2,0.1471
66539,000000066539.jpg,640,480,person,2,0.1469
45299,000000045299.jpg,480,640,person,2,0.1468
126027,000000126027.jpg,640,480,person,2,0.1468
146589,000000146589.jpg,640,609,person,2,0.1468
492440,000000492440.jpg,640,613,person,2,0.1468
533827,000000533827.jpg,640,483,person,3,0.1468
383777,000000383777.jpg,640,640,person,4,0.1467
546959,000000546959.jpg,640,480,person,2,0.1467
434139,000000434139.jpg,640,639,person,2,0.1465
475917,000000475917.jpg,612,612,person,2,0.1465
532812,000000532812.jpg,567,640,person,2,0.1465
526867,000000526867.jpg,533,640,person,2,0.1464
162774,000000162774.jpg,480,640,person,3,0.1463
249508,000000249508.jpg,640,480,person,2,0.1463
432131,000000432131.jpg,480,640,person,2,0.1463
267830,000000267830.jpg,480,640,person,2,0.1462
151979,000000151979.jpg,640,480,person,2,0.1461
385934,000000385934.jpg,640,480,person,4,0.1461
294011,000000294011.jpg,480,640,person,2,0.146
300467,000000300467.jpg,500,500,person,3,0.1459
493407,000000493407.jpg,485,640,person,2,0.1458
442962,000000442962.jpg,640,480,person,2,0.1457
491580,000000491580.jpg,480,640,person,3,0.1457
541017,000000541017.jpg,640,480,person,2,0.1457
130314,000000130314.jpg,501,640,person,2,0.1456
140992,000000140992.jpg,640,640,person,3,0.1456
161814,000000161814.jpg,640,480,person,3,0.1456
345781,000000345781.jpg,612,612,person,2,0.1456
212421,000000212421.jpg,640,640,person,2,0.1455
372764,000000372764.jpg,640,491,person,2,0.1454
482443,000000482443.jpg,640,480,person,2,0.1454
183848,000000183848.jpg,640,480,person,2,0.1453
242984,000000242984.jpg,640,490,person,2,0.1453
295916,000000295916.jpg,640,480,person,2,0.1451
254396,000000254396.jpg,640,480,person,3,0.145
298938,000000298938.jpg,480,640,person,2,0.145
37186,000000037186.jpg,640,480,person,3,0.1449
282835,000000282835.jpg,480,640,person,3,0.1449
283141,000000283141.jpg,480,640,person,2,0.1449
80430,000000080430.jpg,573,640,person,3,0.1448
363969,000000363969.jpg,640,480,person,2,0.1448
544261,000000544261.jpg,640,509,person,2,0.1448
561336,000000561336.jpg,640,480,person,3,0.1447
367608,000000367608.jpg,512,640,person,2,0.1446
578023,000000578023.jpg,640,480,person,3,0.1446
17450,000000017450.jpg,640,520,person,2,0.1445
184868,000000184868.jpg,640,480,person,2,0.1445
424327,000000424327.jpg,640,480,person,3,0.1445
69544,000000069544.jpg,640,480,person,2,0.1444
103737,000000103737.jpg,640,555,person,2,0.1444
294977,000000294977.jpg,480,640,person,2,0.1443
330124,000000330124.jpg,612,612,person,2,0.1443
147980,000000147980.jpg,612,612,person,3,0.1442
236910,000000236910.jpg,640,640,person,2,0.1442
545978,000000545978.jpg,568,640,person,2,0.1442
212309,000000212309.jpg,640,518,person,2,0.1441
277642,000000277642.jpg,640,480,person,3,0.1441
30608,000000030608.jpg,640,491,person,3,0.1439
106517,000000106517.jpg,640,482,person,2,0.1439
32850,000000032850.jpg,640,611,person,2,0.1438
160351,000000160351.jpg,480,640,person,2,0.1438
400440,000000400440.jpg,640,480,person,3,0.1438
434866,000000434866.jpg,480,640,person,2,0.1438
48133,000000048133.jpg,480,640,person,3,0.1437
218389,000000218389.jpg,640,480,person,2,0.1437
390646,000000390646.jpg,640,480,person,2,0.1437
443541,000000443541.jpg,482,640,person,2,0.1437
480495,000000480495.jpg,640,480,person,2,0.1437
43670,000000043670.jpg,640,480,person,3,0.1434
176593,000000176593.jpg,640,480,person,2,0.1434
441850,000000441850.jpg,480,640,person,2,0.1434
147556,000000147556.jpg,480,640,person,2,0.1433
198223,000000198223.jpg,640,480,person,3,0.1433
281259,000000281259.jpg,480,640,person,3,0.1433
252745,000000252745.jpg,632,640,person,2,0.1432
30299,000000030299.jpg,640,480,person,2,0.1431
287922,000000287922.jpg,640,480,person,2,0.143
352217,000000352217.jpg,480,640,person,2,0.143
550834,000000550834.jpg,640,480,person,2,0.143
387948,000000387948.jpg,640,480,person,4,0.1429
290320,000000290320.jpg,621,640,person,2,0.1428
507427,000000507427.jpg,640,480,person,2,0.1427
139945,000000139945.jpg,480,640,person,2,0.1426
329932,000000329932.jpg,480,640,person,2,0.1426
389112,000000389112.jpg,640,640,person,5,0.1426
409120,000000409120.jpg,540,640,person,3,0.1426
89571,000000089571.jpg,640,636,person,3,0.1425
6973,000000006973.jpg,612,612,person,3,0.1424
9057,000000009057.jpg,640,480,person,3,0.1424
178647,000000178647.jpg,640,480,person,4,0.1424
352257,000000352257.jpg,640,489,person,3,0.1424
481894,000000481894.jpg,480,640,person,2,0.1424
304921,000000304921.jpg,480,640,person,2,0.1422
578567,000000578567.jpg,640,640,person,2,0.1422
18809,000000018809.jpg,640,486,person,2,0.1421
227495,000000227495.jpg,512,640,person,3,0.1421
531912,000000531912.jpg,640,610,person,3,0.1421
215664,000000215664.jpg,480,640,person,2,0.142
317179,000000317179.jpg,480,640,person,2,0.142
193879,000000193879.jpg,640,484,person,3,0.1419
185368,000000185368.jpg,640,480,person,3,0.1418
265933,000000265933.jpg,640,493,person,3,0.1418
268927,000000268927.jpg,500,500,person,2,0.1418
275558,000000275558.jpg,640,512,person,5,0.1418
309610,000000309610.jpg,480,640,person,2,0.1418
16497,000000016497.jpg,512,640,person,2,0.1417
230655,000000230655.jpg,640,480,person,2,0.1417
537206,000000537206.jpg,640,480,person,2,0.1417
205620,000000205620.jpg,640,512,person,2,0.1416
264572,000000264572.jpg,640,558,person,3,0.1414
562157,000000562157.jpg,480,640,person,3,0.1414
81079,000000081079.jpg,640,480,person,3,0.1411
174313,000000174313.jpg,480,640,person,2,0.1409
571392,000000571392.jpg,640,480,person,2,0.1408
47226,000000047226.jpg,640,480,person,1,0.1407
154342,000000154342.jpg,480,640,person,2,0.1407
29431,000000029431.jpg,640,480,person,2,0.1405
301541,000000301541.jpg,480,640,person,2,0.1404
437996,000000437996.jpg,640,480,person,4,0.1404
204906,000000204906.jpg,640,480,person,2,0.1403
338991,000000338991.jpg,640,593,person,2,0.1403
490556,000000490556.jpg,640,480,person,2,0.1403
7129,000000007129.jpg,480,640,person,2,0.1402
481036,000000481036.jpg,480,640,person,3,0.1401
49079,000000049079.jpg,640,480,person,2,0.14
64534,000000064534.jpg,640,480,person,2,0.14
93332,000000093332.jpg,640,480,person,3,0.14
385057,000000385057.jpg,503,640,person,2,0.1399
377949,000000377949.jpg,640,480,person,3,0.1398
488634,000000488634.jpg,500,499,person,3,0.1397
171850,000000171850.jpg,640,480,person,2,0.1396
366679,000000366679.jpg,484,500,person,3,0.1396
292649,000000292649.jpg,640,480,person,2,0.1393
336766,000000336766.jpg,480,640,person,2,0.1393
138131,000000138131.jpg,575,640,person,2,0.1392
163777,000000163777.jpg,640,480,person,2,0.1392
523517,000000523517.jpg,640,480,person,3,0.1392
171241,000000171241.jpg,640,480,person,3,0.1391
12145,000000012145.jpg,640,480,person,3,0.139
367552,000000367552.jpg,640,480,person,2,0.139
536926,000000536926.jpg,480,640,person,2,0.139
554823,000000554823.jpg,640,481,person,2,0.139
231035,000000231035.jpg,640,640,person,3,0.1388
542260,000000542260.jpg,640,502,person,2,0.1388
89355,000000089355.jpg,640,516,person,2,0.1387
114561,000000114561.jpg,640,480,person,2,0.1387
579752,000000579752.jpg,640,480,person,2,0.1387
539068,000000539068.jpg,640,480,person,1,0.1386
394245,000000394245.jpg,640,480,person,4,0.1384
530629,000000530629.jpg,640,637,person,2,0.1384
197705,000000197705.jpg,640,480,person,3,0.1381
242002,000000242002.jpg,640,480,person,2,0.1379
403150,000000403150.jpg,640,480,person,4,0.1379
130865,000000130865.jpg,480,640,person,2,0.1377
238074,000000238074.jpg,480,640,person,2,0.1377
263604,000000263604.jpg,525,640,person,3,0.1377
272957,000000272957.jpg,640,480,person,2,0.1376
194022,000000194022.jpg,640,480,person,2,0.1374
382736,000000382736.jpg,640,480,person,4,0.1373
73671,000000073671.jpg,640,498,person,2,0.1372
255330,000000255330.jpg,491,640,person,3,0.1371
284955,000000284955.jpg,640,480,person,2,0.1371
536087,000000536087.jpg,511,640,person,3,0.1371
262418,000000262418.jpg,640,480,person,3,0.137
384930,000000384930.jpg,612,612,person,2,0.137
262465,000000262465.jpg,480,640,person,2,0.1369
206469,000000206469.jpg,500,500,person,3,0.1368
443913,000000443913.jpg,480,640,person,2,0.1368
468086,000000468086.jpg,480,640,person,2,0.1367
471966,000000471966.jpg,640,480,person,4,0.1367
15843,000000015843.jpg,640,480,person,3,0.1366
435554,000000435554.jpg,640,480,person,2,0.1365
520449,000000520449.jpg,546,640,person,3,0.1365
107745,000000107745.jpg,640,480,person,2,0.1363
183672,000000183672.jpg,640,640,person,2,0.1363
193677,000000193677.jpg,640,494,person,2,0.1363
225281,000000225281.jpg,640,480,person,3,0.1363
7298,000000007298.jpg,640,480,person,4,0.1362
276840,000000276840.jpg,640,480,person,3,0.1362
411620,000000411620.jpg,589,640,person,3,0.1361
157370,000000157370.jpg,640,516,person,2,0.1359
532552,000000532552.jpg,640,480,person,2,0.1357
402527,000000402527.jpg,480,640,person,3,0.1356
454566,000000454566.jpg,561,640,person,2,0.1356
98043,000000098043.jpg,640,480,person,2,0.1355
313733,000000313733.jpg,640,480,person,2,0.1355
574141,000000574141.jpg,640,603,person,2,0.1355
208376,000000208376.jpg,525,525,person,2,0.1354
250730,000000250730.jpg,480,640,person,2,0.1354
393674,000000393674.jpg,480,640,person,2,0.1354
499252,000000499252.jpg,481,640,person,2,0.1354
99893,000000099893.jpg,480,640,person,4,0.1353
103722,000000103722.jpg,640,576,person,2,0.1352
577246,000000577246.jpg,640,513,person,2,0.1352
12096,000000012096.jpg,612,612,person,2,0.135
491215,000000491215.jpg,574,640,person,2,0.135
5385,000000005385.jpg,640,480,person,3,0.1349
91656,000000091656.jpg,480,640,person,2,0.1349
321804,000000321804.jpg,640,480,person,2,0.1348
389150,000000389150.jpg,640,480,person,2,0.1347
416911,000000416911.jpg,640,481,person,2,0.1347
257301,000000257301.jpg,640,480,person,3,0.1346
279058,000000279058.jpg,633,640,person,2,0.1346
444444,000000444444.jpg,640,480,person,3,0.1346
94422,000000094422.jpg,640,480,person,3,0.1345
551868,000000551868.jpg,640,500,person,2,0.1344
104588,000000104588.jpg,619,640,person,3,0.1343
166122,000000166122.jpg,640,480,person,2,0.1343
510087,000000510087.jpg,480,640,person,3,0.1343
516516,000000516516.jpg,640,480,person,2,0.1343
105055,000000105055.jpg,640,546,person,2,0.1342
303126,000000303126.jpg,640,480,person,3,0.1341
23539,000000023539.jpg,640,480,person,2,0.134
47909,000000047909.jpg,640,480,person,4,0.134
49881,000000049881.jpg,612,612,person,2,0.1339
553313,000000553313.jpg,480,640,person,2,0.1339
429726,000000429726.jpg,640,640,person,4,0.1338
433484,000000433484.jpg,640,616,person,2,0.1338
492659,000000492659.jpg,640,480,person,2,0.1338
151254,000000151254.jpg,640,480,person,3,0.1336
178807,000000178807.jpg,640,482,person,2,0.1336
190014,000000190014.jpg,640,480,person,2,0.1335
334932,000000334932.jpg,612,612,person,2,0.1335
355156,000000355156.jpg,640,640,person,2,0.1335
80341,000000080341.jpg,480,640,person,3,0.1334
102822,000000102822.jpg,640,480,person,3,0.1334
575826,000000575826.jpg,640,503,person,3,0.1334
442565,000000442565.jpg,640,480,person,3,0.1333
525813,000000525813.jpg,640,480,person,3,0.1333
300678,000000300678.jpg,640,480,person,2,0.1332
446902,000000446902.jpg,529,640,person,3,0.1332
214121,000000214121.jpg,640,480,person,2,0.1331
233437,000000233437.jpg,640,512,person,2,0.1331
469545,000000469545.jpg,640,583,person,3,0.1331
87987,000000087987.jpg,640,480,person,3,0.1329
107227,000000107227.jpg,480,640,person,2,0.1329
271360,000000271360.jpg,640,480,person,3,0.1329
330187,000000330187.jpg,640,480,person,2,0.1328
36827,000000036827.jpg,612,612,person,2,0.1327
181906,000000181906.jpg,640,480,person,3,0.1327
335579,000000335579.jpg,640,480,person,2,0.1327
457191,000000457191.jpg,480,640,person,2,0.1327
242361,000000242361.jpg,640,490,person,2,0.1326
512838,000000512838.jpg,640,640,person,2,0.1326
368,000000000368.jpg,480,640,person,2,0.1325
17350,000000017350.jpg,640,480,person,3,0.1325
161011,000000161011.jpg,640,512,person,2,0.1325
184138,000000184138.jpg,500,499,person,3,0.1324
84498,000000084498.jpg,640,480,person,2,0.1323
388466,000000388466.jpg,640,550,person,3,0.1323
436056,000000436056.jpg,517,640,person,2,0.1322
469134,000000469134.jpg,640,480,person,3,0.1321
565479,000000565479.jpg,640,480,person,3,0.1321
224230,000000224230.jpg,640,512,person,2,0.132
553777,000000553777.jpg,640,480,person,2,0.1319
47177,000000047177.jpg,640,480,person,2,0.1318
193333,000000193333.jpg,640,480,person,2,0.1318
11538,000000011538.jpg,640,480,person,2,0.1317
339576,000000339576.jpg,640,480,person,2,0.1317
286042,000000286042.jpg,640,480,person,2,0.1316
284118,000000284118.jpg,480,640,person,2,0.1314
89598,000000089598.jpg,640,480,person,3,0.1313
309946,000000309946.jpg,640,480,person,2,0.1313
447615,000000447615.jpg,640,480,person,2,0.1312
298312,000000298312.jpg,640,480,person,2,0.1311
517318,000000517318.jpg,640,513,person,2,0.1311
200287,000000200287.jpg,640,480,person,2,0.1309
460235,000000460235.jpg,500,500,person,2,0.1308
125703,000000125703.jpg,525,640,person,2,0.1307
568972,000000568972.jpg,480,640,person,5,0.1307
443909,000000443909.jpg,513,640,person,3,0.1306
66003,000000066003.jpg,630,640,person,2,0.1305
469840,000000469840.jpg,640,480,person,2,0.1304
26375,000000026375.jpg,480,640,person,2,0.1303
443497,000000443497.jpg,640,480,person,2,0.1303
30334,000000030334.jpg,640,480,person,2,0.1302
51706,000000051706.jpg,640,640,person,2,0.1301
387349,000000387349.jpg,640,581,person,3,0.1297
61734,000000061734.jpg,480,640,person,2,0.1296
81003,000000081003.jpg,640,510,person,2,0.1296
243384,000000243384.jpg,505,640,person,2,0.1296
288403,000000288403.jpg,612,612,person,2,0.1296
413349,000000413349.jpg,640,640,person,4,0.1296
469529,000000469529.jpg,640,480,person,2,0.1294
226486,000000226486.jpg,640,552,person,2,0.1293
347274,000000347274.jpg,480,640,person,2,0.1293
201078,000000201078.jpg,480,640,person,2,0.1292
144597,000000144597.jpg,640,480,person,3,0.1291
298949,000000298949.jpg,612,612,person,2,0.1291
484467,000000484467.jpg,577,640,person,3,0.1291
507551,000000507551.jpg,640,499,person,4,0.1291
18241,000000018241.jpg,640,480,person,2,0.129
291074,000000291074.jpg,640,640,person,3,0.1289
517805,000000517805.jpg,640,480,person,2,0.1289
515426,000000515426.jpg,480,640,person,2,0.1288
142859,000000142859.jpg,640,533,person,2,0.1285
301558,000000301558.jpg,640,480,person,3,0.1285
198352,000000198352.jpg,480,640,person,3,0.1284
465605,000000465605.jpg,640,610,person,2,0.1284
520769,000000520769.jpg,599,640,person,5,0.1284
192007,000000192007.jpg,640,480,person,3,0.1283
530631,000000530631.jpg,640,480,person,2,0.1283
39270,000000039270.jpg,640,480,person,2,0.1282
161843,000000161843.jpg,640,480,person,3,0.1282
368521,000000368521.jpg,640,480,person,3,0.1282
417298,000000417298.jpg,640,494,person,2,0.1282
88287,000000088287.jpg,640,480,person,2,0.1281
476826,000000476826.jpg,640,480,person,3,0.1281
7253,000000007253.jpg,640,480,person,2,0.128
496636,000000496636.jpg,640,524,person,2,0.128
578070,000000578070.jpg,612,612,person,2,0.128
88072,000000088072.jpg,480,640,person,2,0.1279
111425,000000111425.jpg,480,640,person,2,0.1279
352496,000000352496.jpg,480,640,person,2,0.1279
507996,000000507996.jpg,640,480,person,2,0.1279
23676,000000023676.jpg,494,640,person,3,0.1278
119521,000000119521.jpg,480,640,person,2,0.1278
546538,000000546538.jpg,640,480,person,3,0.1277
6041,000000006041.jpg,616,640,person,2,0.1275
255532,000000255532.jpg,480,640,person,2,0.1275
19134,000000019134.jpg,640,511,person,4,0.1274
473144,000000473144.jpg,640,546,person,3,0.1272
147444,000000147444.jpg,640,640,person,2,0.1271
147459,000000147459.jpg,640,519,person,2,0.1271
168943,000000168943.jpg,640,549,person,3,0.1271
449914,000000449914.jpg,640,480,person,3,0.1271
111756,000000111756.jpg,512,640,person,2,0.127
157393,000000157393.jpg,640,480,person,3,0.127
333951,000000333951.jpg,640,480,person,4,0.127
534817,000000534817.jpg,490,640,person,2,0.127
538319,000000538319.jpg,640,480,person,2,0.127
123627,000000123627.jpg,640,480,person,2,0.1269
275348,000000275348.jpg,640,503,person,2,0.1269
381475,000000381475.jpg,612,612,person,2,0.1269
544240,000000544240.jpg,640,533,person,3,0.1269
59358,000000059358.jpg,480,640,person,2,0.1268
289024,000000289024.jpg,480,640,person,2,0.1268
237496,000000237496.jpg,640,512,person,2,0.1266
198327,000000198327.jpg,640,480,person,2,0.1265
468771,000000468771.jpg,640,480,person,2,0.1265
503536,000000503536.jpg,491,640,person,2,0.1265
189509,000000189509.jpg,480,640,person,2,0.1264
423881,000000423881.jpg,480,640,person,2,0.1264
267907,000000267907.jpg,640,480,person,2,0.1263
73814,000000073814.jpg,523,640,person,4,0.1262
342017,000000342017.jpg,640,480,person,4,0.1262
487378,000000487378.jpg,640,480,person,3,0.1262
74572,000000074572.jpg,640,480,person,2,0.126
336897,000000336897.jpg,480,640,person,3,0.126
554114,000000554114.jpg,480,640,person,3,0.1259
87509,000000087509.jpg,498,640,person,2,0.1258
194448,000000194448.jpg,640,480,person,2,0.1258
229422,000000229422.jpg,640,581,person,2,0.1258
435889,000000435889.jpg,640,480,person,2,0.1258
507741,000000507741.jpg,480,640,person,3,0.1258
531803,000000531803.jpg,480,640,person,3,0.1258
139983,000000139983.jpg,640,480,person,3,0.1256
438375,000000438375.jpg,640,480,person,3,0.1256
530610,000000530610.jpg,640,480,person,2,0.1256
113317,000000113317.jpg,640,490,person,2,0.1255
195269,000000195269.jpg,480,640,person,2,0.1255
11015,000000011015.jpg,640,480,person,2,0.1254
460346,000000460346.jpg,640,511,person,2,0.1252
110819,000000110819.jpg,480,640,person,2,0.1251
296987,000000296987.jpg,640,480,person,2,0.1251
322972,000000322972.jpg,480,640,person,2,0.1251
477853,000000477853.jpg,612,612,person,2,0.1251
132288,000000132288.jpg,612,612,person,2,0.1249
204103,000000204103.jpg,480,640,person,2,0.1249
333433,000000333433.jpg,640,480,person,2,0.1249
342949,000000342949.jpg,640,480,person,2,0.1249
465196,000000465196.jpg,480,640,person,3,0.1249
102706,000000102706.jpg,640,512,person,3,0.1248
258344,000000258344.jpg,640,480,person,3,0.1247
464736,000000464736.jpg,640,640,person,3,0.1247
151330,000000151330.jpg,640,512,person,2,0.1246
384995,000000384995.jpg,480,640,person,2,0.1246
553428,000000553428.jpg,480,640,person,3,0.1246
226613,000000226613.jpg,640,640,person,2,0.1245
397513,000000397513.jpg,640,495,person,3,0.1245
575119,000000575119.jpg,640,480,person,2,0.1245
57827,000000057827.jpg,640,480,person,4,0.1244
249139,000000249139.jpg,640,512,person,4,0.1244
88210,000000088210.jpg,640,480,person,2,0.1243
386764,000000386764.jpg,480,640,person,2,0.1243
420688,000000420688.jpg,480,640,person,3,0.1243
18896,000000018896.jpg,480,640,person,2,0.1242
397976,000000397976.jpg,640,480,person,2,0.1241
73941,000000073941.jpg,564,640,person,2,0.124
140155,000000140155.jpg,612,612,person,2,0.124
388512,000000388512.jpg,640,480,person,2,0.124
245313,000000245313.jpg,640,480,person,2,0.1239
110081,000000110081.jpg,640,480,person,5,0.1238
113026,000000113026.jpg,640,480,person,2,0.1237
528020,000000528020.jpg,640,480,person,3,0.1237
12678,000000012678.jpg,612,612,person,2,0.1236
449517,000000449517.jpg,640,515,person,2,0.1236
64233,000000064233.jpg,640,631,person,3,0.1235
159213,000000159213.jpg,612,612,person,2,0.1234
461786,000000461786.jpg,480,640,person,2,0.1234
490267,000000490267.jpg,640,480,person,3,0.1234
130339,000000130339.jpg,640,480,person,2,0.1231
171685,000000171685.jpg,640,480,person,2,0.1231
174391,000000174391.jpg,516,640,person,4,0.1231
539967,000000539967.jpg,640,480,person,3,0.1231
250939,000000250939.jpg,640,480,person,2,0.123
263834,000000263834.jpg,640,480,person,4,0.123
264853,000000264853.jpg,513,640,person,2,0.123
285600,000000285600.jpg,488,640,person,2,0.123
431200,000000431200.jpg,640,480,person,2,0.123
37956,000000037956.jpg,640,640,person,2,0.1229
534906,000000534906.jpg,613,640,person,2,0.1229
578627,000000578627.jpg,640,480,person,2,0.1229
41212,000000041212.jpg,640,640,person,2,0.1228
65831,000000065831.jpg,640,593,person,2,0.1228
146626,000000146626.jpg,640,480,person,3,0.1228
177807,000000177807.jpg,491,640,person,3,0.1227
6379,000000006379.jpg,486,640,person,2,0.1226
232840,000000232840.jpg,640,480,person,2,0.1226
430739,000000430739.jpg,640,480,person,3,0.1226
279634,000000279634.jpg,480,640,person,3,0.1225
389589,000000389589.jpg,640,480,person,2,0.1225
38123,000000038123.jpg,640,480,person,2,0.1224
274286,000000274286.jpg,640,512,person,2,0.1224
335695,000000335695.jpg,640,480,person,2,0.1224
397101,000000397101.jpg,640,534,person,2,0.1224
27389,000000027389.jpg,480,640,person,3,0.1223
64578,000000064578.jpg,640,480,person,2,0.1223
279226,000000279226.jpg,640,493,person,4,0.1223
367710,000000367710.jpg,640,640,person,3,0.1223
513123,000000513123.jpg,640,480,person,2,0.1223
54442,000000054442.jpg,640,604,person,3,0.1222
526554,000000526554.jpg,480,640,person,2,0.1222
487322,000000487322.jpg,640,514,person,2,0.1219
298160,000000298160.jpg,640,638,person,3,0.1218
543657,000000543657.jpg,640,480,person,3,0.1218
529772,000000529772.jpg,640,480,person,3,0.1217
530796,000000530796.jpg,640,480,person,2,0.1217
44612,000000044612.jpg,640,624,person,2,0.1216
553760,000000553760.jpg,640,634,person,5,0.1216
55317,000000055317.jpg,640,524,person,2,0.1215
73510,000000073510.jpg,640,480,person,4,0.1215
410755,000000410755.jpg,640,480,person,2,0.1215
82879,000000082879.jpg,640,480,person,5,0.1214
91052,000000091052.jpg,555,640,person,4,0.1214
172733,000000172733.jpg,640,480,person,2,0.1214
118970,000000118970.jpg,640,480,person,2,0.1212
235351,000000235351.jpg,480,640,person,2,0.121
541859,000000541859.jpg,640,618,person,2,0.121
140351,000000140351.jpg,640,488,person,2,0.1209
492524,000000492524.jpg,640,480,person,2,0.1209
59961,000000059961.jpg,640,480,person,2,0.1208
162965,000000162965.jpg,632,640,person,2,0.1207
167553,000000167553.jpg,640,480,person,2,0.1207
361521,000000361521.jpg,640,480,person,2,0.1207
548109,000000548109.jpg,640,480,person,2,0.1207
226812,000000226812.jpg,640,480,person,2,0.1206
133648,000000133648.jpg,640,480,person,5,0.1205
211458,000000211458.jpg,640,480,person,3,0.1205
568979,000000568979.jpg,482,640,person,2,0.1205
76742,000000076742.jpg,638,640,person,2,0.1204
342232,000000342232.jpg,480,640,person,3,0.1204
62048,000000062048.jpg,480,640,person,2,0.1203
247126,000000247126.jpg,640,480,person,3,0.1203
512418,000000512418.jpg,640,640,person,3,0.1203
450709,000000450709.jpg,640,637,person,2,0.1202
42763,000000042763.jpg,480,640,person,3,0.1201
535464,000000535464.jpg,640,480,person,2,0.1201
554866,000000554866.jpg,640,480,person,2,0.12
374966,000000374966.jpg,640,480,person,2,0.1199
501762,000000501762.jpg,640,480,person,2,0.1199
339677,000000339677.jpg,640,480,person,2,0.1198
516697,000000516697.jpg,570,640,person,3,0.1198
563312,000000563312.jpg,640,480,person,2,0.1198
70913,000000070913.jpg,640,512,person,3,0.1197
120241,000000120241.jpg,640,480,person,3,0.1197
368671,000000368671.jpg,640,480,person,2,0.1197
564799,000000564799.jpg,640,480,person,2,0.1197
54324,000000054324.jpg,480,640,person,3,0.1196
76844,000000076844.jpg,640,480,person,3,0.1196
465424,000000465424.jpg,640,480,person,4,0.1196
569533,000000569533.jpg,640,480,person,2,0.1196
366554,000000366554.jpg,480,640,person,2,0.1195
537673,000000537673.jpg,500,500,person,3,0.1195
72368,000000072368.jpg,640,480,person,2,0.1194
349006,000000349006.jpg,640,480,person,4,0.1194
470321,000000470321.jpg,640,480,person,3,0.1194
210249,000000210249.jpg,486,640,person,2,0.1193
257625,000000257625.jpg,599,640,person,2,0.1192
296684,000000296684.jpg,640,489,person,2,0.1192
353589,000000353589.jpg,640,625,person,2,0.1192
84174,000000084174.jpg,640,480,person,3,0.1191
179914,000000179914.jpg,612,612,person,2,0.1191
411583,000000411583.jpg,640,597,person,3,0.119
246976,000000246976.jpg,499,640,person,2,0.1189
68525,000000068525.jpg,640,480,person,2,0.1188
225717,000000225717.jpg,640,510,person,3,0.1188
451165,000000451165.jpg,640,480,person,3,0.1188
259535,000000259535.jpg,640,480,person,5,0.1187
494531,000000494531.jpg,612,612,person,2,0.1187
573179,000000573179.jpg,529,640,person,2,0.1187
336221,000000336221.jpg,640,480,person,4,0.1186
470308,000000470308.jpg,640,480,person,2,0.1185
218840,000000218840.jpg,640,607,person,3,0.1184
479683,000000479683.jpg,640,640,person,3,0.1183
272262,000000272262.jpg,640,512,person,3,0.1181
541529,000000541529.jpg,640,480,person,2,0.1181
172197,000000172197.jpg,640,480,person,3,0.118
130432,000000130432.jpg,480,640,person,2,0.1179
544518,000000544518.jpg,640,640,person,2,0.1177
553876,000000553876.jpg,612,612,person,3,0.1177
573667,000000573667.jpg,640,480,person,2,0.1177
1966,000000001966.jpg,640,480,person,3,0.1175
68459,000000068459.jpg,640,480,person,2,0.1175
274275,000000274275.jpg,619,640,person,2,0.1175
254011,000000254011.jpg,640,514,person,2,0.1174
504211,000000504211.jpg,640,480,person,3,0.1174
388696,000000388696.jpg,498,640,person,2,0.1173
368435,000000368435.jpg,480,640,person,2,0.1172
497312,000000497312.jpg,480,640,person,3,0.1172
500638,000000500638.jpg,640,480,person,2,0.1172
107054,000000107054.jpg,480,640,person,2,0.1171
427221,000000427221.jpg,640,498,person,5,0.1171
463429,000000463429.jpg,640,624,person,4,0.1171
189301,000000189301.jpg,481,640,person,2,0.117
74176,000000074176.jpg,640,480,person,2,0.1169
117319,000000117319.jpg,640,480,person,2,0.1169
294847,000000294847.jpg,640,480,person,3,0.1169
410632,000000410632.jpg,640,480,person,2,0.1169
321663,000000321663.jpg,518,640,person,2,0.1168
322990,000000322990.jpg,640,480,person,2,0.1168
116026,000000116026.jpg,640,480,person,3,0.1167
530743,000000530743.jpg,640,501,person,2,0.1167
273120,000000273120.jpg,640,502,person,2,0.1166
411263,000000411263.jpg,640,480,person,2,0.1166
175112,000000175112.jpg,640,480,person,3,0.1163
204060,000000204060.jpg,500,500,person,2,0.1163
262550,000000262550.jpg,480,640,person,2,0.1163
96638,000000096638.jpg,640,480,person,2,0.1162
171737,000000171737.jpg,640,512,person,3,0.1162
420861,000000420861.jpg,640,516,person,3,0.1162
513917,000000513917.jpg,480,640,person,2,0.1162
42967,000000042967.jpg,640,480,person,2,0.1161
574216,000000574216.jpg,640,480,person,2,0.1161
47566,000000047566.jpg,640,552,person,2,0.116
150858,000000150858.jpg,640,512,person,4,0.116
162177,000000162177.jpg,480,640,person,2,0.116
403672,000000403672.jpg,576,640,person,2,0.116
421157,000000421157.jpg,640,480,person,2,0.116
439072,000000439072.jpg,640,480,person,3,0.116
207556,000000207556.jpg,640,480,person,3,0.1159
223415,000000223415.jpg,640,480,person,2,0.1159
279882,000000279882.jpg,640,484,person,7,0.1159
36086,000000036086.jpg,482,640,person,2,0.1157
76873,000000076873.jpg,640,480,person,2,0.1157
115626,000000115626.jpg,480,640,person,3,0.1157
197854,000000197854.jpg,480,640,person,2,0.1156
348805,000000348805.jpg,640,618,person,2,0.1156
390524,000000390524.jpg,480,640,person,2,0.1156
521692,000000521692.jpg,640,480,person,2,0.1156
189260,000000189260.jpg,480,640,person,3,0.1155
379841,000000379841.jpg,543,640,person,3,0.1155
45351,000000045351.jpg,489,640,person,2,0.1154
95113,000000095113.jpg,480,640,person,2,0.1153
96043,000000096043.jpg,640,480,person,5,0.1153
347155,000000347155.jpg,640,512,person,2,0.1153
477924,000000477924.jpg,640,480,person,2,0.1153
558291,000000558291.jpg,480,640,person,3,0.1151
52209,000000052209.jpg,640,512,person,2,0.115
184858,000000184858.jpg,640,519,person,2,0.115
472316,000000472316.jpg,640,480,person,2,0.115
89362,000000089362.jpg,640,480,person,3,0.1149
19499,000000019499.jpg,500,485,person,3,0.1148
275613,000000275613.jpg,480,640,person,2,0.1148
452471,000000452471.jpg,640,480,person,2,0.1148
545582,000000545582.jpg,480,640,person,2,0.1148
138114,000000138114.jpg,640,480,person,2,0.1147
195701,000000195701.jpg,640,480,person,2,0.1147
204940,000000204940.jpg,480,640,person,2,0.1147
364237,000000364237.jpg,640,640,person,2,0.1147
67975,000000067975.jpg,640,480,person,4,0.1146
244462,000000244462.jpg,640,480,person,2,0.1146
303024,000000303024.jpg,640,480,person,4,0.1146
351240,000000351240.jpg,640,480,person,2,0.1146
465702,000000465702.jpg,640,480,person,3,0.1146
513861,000000513861.jpg,480,640,person,3,0.1146
412947,000000412947.jpg,480,640,person,3,0.1145
449210,000000449210.jpg,640,481,person,2,0.1144
35206,000000035206.jpg,500,500,person,2,0.1143
132182,000000132182.jpg,480,640,person,3,0.1143
528224,000000528224.jpg,640,635,person,4,0.1143
227019,000000227019.jpg,480,640,person,1,0.1142
408040,000000408040.jpg,640,480,person,4,0.1142
27075,000000027075.jpg,640,480,person,2,0.1141
296135,000000296135.jpg,640,480,person,2,0.1141
443834,000000443834.jpg,640,480,person,2,0.1141
102143,000000102143.jpg,480,640,person,2,0.114
252383,000000252383.jpg,640,480,person,2,0.114
255186,000000255186.jpg,640,480,person,2,0.114
284220,000000284220.jpg,640,512,person,2,0.114
519880,000000519880.jpg,500,500,person,2,0.114
175671,000000175671.jpg,480,640,person,3,0.1139
280622,000000280622.jpg,640,640,person,2,0.1139
521824,000000521824.jpg,640,480,person,2,0.1139
142346,000000142346.jpg,640,480,person,2,0.1138
163230,000000163230.jpg,480,640,person,2,0.1138
167494,000000167494.jpg,480,640,person,2,0.1138
250443,000000250443.jpg,640,480,person,2,0.1138
471009,000000471009.jpg,640,480,person,2,0.1137
478418,000000478418.jpg,480,640,person,3,0.1137
197212,000000197212.jpg,640,485,person,2,0.1136
509471,000000509471.jpg,640,480,person,2,0.1135
221252,000000221252.jpg,640,530,person,2,0.1134
359143,000000359143.jpg,480,640,person,2,0.1134
64008,000000064008.jpg,640,512,person,2,0.1133
108170,000000108170.jpg,480,640,person,2,0.1133
247366,000000247366.jpg,480,640,person,2,0.1133
127115,000000127115.jpg,640,480,person,3,0.1132
165986,000000165986.jpg,480,640,person,3,0.1132
180131,000000180131.jpg,640,480,person,2,0.1132
500944,000000500944.jpg,640,583,person,2,0.1132
85876,000000085876.jpg,640,536,person,3,0.1131
170540,000000170540.jpg,640,480,person,5,0.1131
291319,000000291319.jpg,480,500,person,2,0.1129
295945,000000295945.jpg,640,573,person,2,0.1129
579757,000000579757.jpg,480,640,person,2,0.1129
137711,000000137711.jpg,640,480,person,2,0.1128
289512,000000289512.jpg,640,480,person,2,0.1128
339766,000000339766.jpg,640,480,person,2,0.1128
382954,000000382954.jpg,480,640,person,2,0.1128
104067,000000104067.jpg,640,480,person,2,0.1127
270815,000000270815.jpg,640,513,person,2,0.1127
157016,000000157016.jpg,640,486,person,2,0.1126
339611,000000339611.jpg,640,480,person,4,0.1126
291498,000000291498.jpg,500,499,person,2,0.1125
52394,000000052394.jpg,640,640,person,2,0.1124
329254,000000329254.jpg,640,480,person,2,0.1123
124694,000000124694.jpg,640,496,person,2,0.1122
285024,000000285024.jpg,501,640,person,2,0.1122
502916,000000502916.jpg,640,512,person,3,0.1122
280370,000000280370.jpg,640,559,person,3,0.1121
328981,000000328981.jpg,640,483,person,2,0.112
64750,000000064750.jpg,640,480,person,2,0.1119
191093,000000191093.jpg,640,605,person,3,0.1119
225959,000000225959.jpg,640,480,person,2,0.1118
533519,000000533519.jpg,536,640,person,2,0.1118
110357,000000110357.jpg,640,578,person,2,0.1117
421853,000000421853.jpg,480,640,person,2,0.1117
30066,000000030066.jpg,480,640,person,2,0.1116
59995,000000059995.jpg,640,480,person,2,0.1116
470771,000000470771.jpg,640,480,person,2,0.1116
547300,000000547300.jpg,640,480,person,4,0.1116
18217,000000018217.jpg,640,524,person,2,0.1115
452819,000000452819.jpg,640,491,person,3,0.1115
385280,000000385280.jpg,640,579,person,2,0.1114
323951,000000323951.jpg,480,640,person,2,0.1113
556542,000000556542.jpg,640,640,person,2,0.1113
77003,000000077003.jpg,640,480,person,2,0.1112
127729,000000127729.jpg,498,640,person,2,0.1112
173448,000000173448.jpg,640,523,person,5,0.1112
355611,000000355611.jpg,612,612,person,2,0.1112
350755,000000350755.jpg,640,480,person,3,0.1111
487692,000000487692.jpg,480,640,person,2,0.1111
56187,000000056187.jpg,640,480,person,2,0.111
488487,000000488487.jpg,640,480,person,3,0.111
196197,000000196197.jpg,640,480,person,2,0.1109
344187,000000344187.jpg,640,480,person,4,0.1109
6709,000000006709.jpg,640,480,person,4,0.1108
133727,000000133727.jpg,640,480,person,2,0.1108
444183,000000444183.jpg,640,480,person,2,0.1108
157503,000000157503.jpg,480,640,person,2,0.1107
529137,000000529137.jpg,519,640,person,3,0.1107
33840,000000033840.jpg,480,640,person,3,0.1106
329660,000000329660.jpg,612,612,person,2,0.1105
435011,000000435011.jpg,640,480,person,2,0.1105
105973,000000105973.jpg,480,640,person,1,0.1104
210389,000000210389.jpg,480,640,person,2,0.1104
153709,000000153709.jpg,612,612,person,2,0.1103
298186,000000298186.jpg,640,484,person,2,0.1103
561028,000000561028.jpg,640,480,person,2,0.1103
135508,000000135508.jpg,640,509,person,2,0.1102
301870,000000301870.jpg,640,480,person,4,0.1102
483462,000000483462.jpg,640,480,person,2,0.11
421491,000000421491.jpg,640,480,person,3,0.1099
463576,000000463576.jpg,500,500,person,2,0.1099
472659,000000472659.jpg,640,634,person,2,0.1099
147913,000000147913.jpg,480,640,person,2,0.1097
143908,000000143908.jpg,640,480,person,2,0.1096
5701,000000005701.jpg,480,640,person,2,0.1095
35352,000000035352.jpg,549,640,person,2,0.1095
301491,000000301491.jpg,640,480,person,1,0.1095
318356,000000318356.jpg,640,480,person,2,0.1095
319908,000000319908.jpg,480,640,person,2,0.1095
407909,000000407909.jpg,640,512,person,2,0.1095
86378,000000086378.jpg,640,480,person,4,0.1094
348523,000000348523.jpg,480,640,person,2,0.1094
214821,000000214821.jpg,640,480,person,2,0.1093
401884,000000401884.jpg,484,500,person,2,0.1092
403567,000000403567.jpg,640,495,person,2,0.1092
96589,000000096589.jpg,640,480,person,2,0.1091
222206,000000222206.jpg,612,612,person,2,0.1091
328688,000000328688.jpg,640,480,person,2,0.1091
333258,000000333258.jpg,501,640,person,3,0.109
399868,000000399868.jpg,480,640,person,2,0.109
563009,000000563009.jpg,640,480,person,4,0.109
272790,000000272790.jpg,640,501,person,4,0.1089
155466,000000155466.jpg,640,516,person,2,0.1087
212095,000000212095.jpg,640,480,person,2,0.1087
374431,000000374431.jpg,640,480,person,2,0.1087
424407,000000424407.jpg,640,480,person,3,0.1087
140088,000000140088.jpg,640,480,person,4,0.1086
257498,000000257498.jpg,640,640,person,2,0.1086
400401,000000400401.jpg,640,480,person,2,0.1085
415776,000000415776.jpg,640,480,person,2,0.1085
476032,000000476032.jpg,640,480,person,1,0.1085
93156,000000093156.jpg,640,480,person,2,0.1084
391862,000000391862.jpg,640,480,person,3,0.1084
28456,000000028456.jpg,640,512,person,3,0.1083
82738,000000082738.jpg,640,483,person,2,0.1083
211206,000000211206.jpg,640,480,person,2,0.1083
513703,000000513703.jpg,640,586,person,4,0.1083
579414,000000579414.jpg,640,480,person,4,0.1083
130886,000000130886.jpg,640,480,person,2,0.1082
382263,000000382263.jpg,640,480,person,2,0.1082
455005,000000455005.jpg,640,480,person,4,0.1082
42680,000000042680.jpg,640,511,person,1,0.1081
286483,000000286483.jpg,640,480,person,2,0.1081
316807,000000316807.jpg,480,640,person,3,0.1081
49068,000000049068.jpg,640,610,person,2,0.108
165820,000000165820.jpg,614,640,person,3,0.108
551299,000000551299.jpg,526,640,person,2,0.108
177938,000000177938.jpg,480,640,person,3,0.1079
535212,000000535212.jpg,640,480,person,4,0.1078
365755,000000365755.jpg,640,480,person,3,0.1077
479621,000000479621.jpg,640,599,person,3,0.1077
572615,000000572615.jpg,640,513,person,2,0.1077
41453,000000041453.jpg,640,480,person,4,0.1076
80389,000000080389.jpg,480,640,person,3,0.1076
335318,000000335318.jpg,480,640,person,2,0.1076
229159,000000229159.jpg,640,480,person,3,0.1075
268036,000000268036.jpg,516,640,person,2,0.1075
451840,000000451840.jpg,640,480,person,2,0.1075
517460,000000517460.jpg,640,480,person,4,0.1075
206851,000000206851.jpg,480,640,person,2,0.1074
222016,000000222016.jpg,480,640,person,1,0.1074
434326,000000434326.jpg,480,640,person,3,0.1074
198263,000000198263.jpg,480,640,person,2,0.107
399971,000000399971.jpg,640,502,person,4,0.107
552721,000000552721.jpg,640,480,person,4,0.107
167490,000000167490.jpg,640,480,person,4,0.1068
441619,000000441619.jpg,640,480,person,3,0.1068
467745,000000467745.jpg,640,480,person,2,0.1068
494608,000000494608.jpg,640,480,person,2,0.1068
240137,000000240137.jpg,480,640,person,3,0.1067
186547,000000186547.jpg,640,480,person,2,0.1066
355072,000000355072.jpg,640,480,person,3,0.1066
376247,000000376247.jpg,640,564,person,4,0.1066
3897,000000003897.jpg,640,480,person,2,0.1065
54678,000000054678.jpg,480,640,person,2,0.1064
211080,000000211080.jpg,640,480,person,2,0.1064
500693,000000500693.jpg,480,640,person,2,0.1064
1700,000000001700.jpg,640,480,person,2,0.1063
276539,000000276539.jpg,640,480,person,4,0.1063
477750,000000477750.jpg,480,640,person,2,0.1062
364031,000000364031.jpg,640,480,person,2,0.1061
269532,000000269532.jpg,640,640,person,2,0.106
349358,000000349358.jpg,640,480,person,3,0.1059
360878,000000360878.jpg,640,480,person,3,0.1058
455279,000000455279.jpg,480,640,person,2,0.1058
40341,000000040341.jpg,640,512,person,3,0.1057
124796,000000124796.jpg,640,480,person,2,0.1057
331264,000000331264.jpg,640,480,person,3,0.1057
409382,000000409382.jpg,612,612,person,2,0.1057
416864,000000416864.jpg,640,480,person,2,0.1057
117098,000000117098.jpg,640,510,person,2,0.1055
127267,000000127267.jpg,640,480,person,2,0.1055
151338,000000151338.jpg,640,480,person,2,0.1054
278028,000000278028.jpg,640,497,person,2,0.1054
458751,000000458751.jpg,592,576,person,2,0.1054
509608,000000509608.jpg,480,640,person,4,0.1054
112707,000000112707.jpg,640,480,person,3,0.1053
174043,000000174043.jpg,640,485,person,4,0.1053
180460,000000180460.jpg,480,640,person,3,0.1053
304473,000000304473.jpg,500,491,person,3,0.1053
527624,000000527624.jpg,523,640,person,2,0.1053
205300,000000205300.jpg,640,480,person,2,0.1052
440813,000000440813.jpg,640,513,person,2,0.1052
109232,000000109232.jpg,640,608,person,2,0.1051
386250,000000386250.jpg,640,480,person,3,0.1051
238231,000000238231.jpg,640,480,person,4,0.105
326709,000000326709.jpg,480,640,person,2,0.105
486360,000000486360.jpg,640,480,person,2,0.1049
155509,000000155509.jpg,480,640,person,2,0.1048
437520,000000437520.jpg,480,640,person,1,0.1048
465323,000000465323.jpg,640,480,person,2,0.1048
468061,000000468061.jpg,640,480,person,2,0.1046
35429,000000035429.jpg,640,480,person,2,0.1045
293940,000000293940.jpg,640,480,person,2,0.1045
312763,000000312763.jpg,569,640,person,2,0.1045
384998,000000384998.jpg,640,536,person,2,0.1045
476189,000000476189.jpg,640,572,person,5,0.1045
58006,000000058006.jpg,640,491,person,2,0.1043
168716,000000168716.jpg,612,612,person,2,0.1043
464469,000000464469.jpg,640,480,person,2,0.1043
118682,000000118682.jpg,640,480,person,2,0.1042
182028,000000182028.jpg,533,640,person,2,0.1042
356323,000000356323.jpg,640,480,person,2,0.1042
391686,000000391686.jpg,480,640,person,2,0.1042
171607,000000171607.jpg,640,480,person,2,0.1041
351298,000000351298.jpg,480,640,person,2,0.1041
554674,000000554674.jpg,500,500,person,2,0.1041
402408,000000402408.jpg,640,480,person,2,0.104
551910,000000551910.jpg,480,640,person,2,0.1039
553852,000000553852.jpg,640,529,person,3,0.1039
208283,000000208283.jpg,480,640,person,2,0.1038
469973,000000469973.jpg,640,512,person,2,0.1038
19918,000000019918.jpg,640,640,person,2,0.1037
137241,000000137241.jpg,480,640,person,3,0.1037
184389,000000184389.jpg,640,480,person,3,0.1037
364073,000000364073.jpg,480,640,person,4,0.1037
20698,000000020698.jpg,480,640,person,3,0.1036
134606,000000134606.jpg,640,606,person,2,0.1036
223214,000000223214.jpg,640,529,person,2,0.1036
300753,000000300753.jpg,640,480,person,4,0.1035
456800,000000456800.jpg,640,501,person,2,0.1034
509099,000000509099.jpg,640,548,person,2,0.1034
187829,000000187829.jpg,640,496,person,2,0.1033
224140,000000224140.jpg,640,480,person,3,0.1033
299254,000000299254.jpg,640,480,person,2,0.1033
464372,000000464372.jpg,640,480,person,2,0.1033
512806,000000512806.jpg,640,512,person,2,0.1033
548834,000000548834.jpg,640,480,person,2,0.1033
174243,000000174243.jpg,640,480,person,2,0.1032
209822,000000209822.jpg,640,601,person,2,0.1032
36773,000000036773.jpg,512,640,person,3,0.1031
42694,000000042694.jpg,493,640,person,2,0.1031
151885,000000151885.jpg,640,480,person,2,0.103
441511,000000441511.jpg,640,480,person,4,0.103
99707,000000099707.jpg,640,640,person,2,0.1029
170119,000000170119.jpg,640,480,person,2,0.1028
366282,000000366282.jpg,640,512,person,2,0.1028
457021,000000457021.jpg,640,624,person,2,0.1028
9801,000000009801.jpg,633,640,person,5,0.1027
204999,000000204999.jpg,508,640,person,2,0.1027
88899,000000088899.jpg,491,640,person,2,0.1025
162867,000000162867.jpg,640,480,person,2,0.1025
356771,000000356771.jpg,640,480,person,2,0.1025
506316,000000506316.jpg,640,480,person,4,0.1025
252937,000000252937.jpg,640,480,person,3,0.1024
253915,000000253915.jpg,640,480,person,3,0.1024
314996,000000314996.jpg,612,612,person,2,0.1024
374559,000000374559.jpg,480,640,person,2,0.1024
115524,000000115524.jpg,531,640,person,2,0.1023
544695,000000544695.jpg,640,504,person,3,0.1023
55764,000000055764.jpg,640,480,person,4,0.1022
201634,000000201634.jpg,640,512,person,2,0.1022
84767,000000084767.jpg,640,480,person,2,0.1021
192090,000000192090.jpg,640,630,person,5,0.1021
380414,000000380414.jpg,510,640,person,2,0.1021
526445,000000526445.jpg,640,488,person,3,0.1021
41085,000000041085.jpg,480,640,person,4,0.102
233630,000000233630.jpg,483,640,person,2,0.102
523243,000000523243.jpg,529,640,person,2,0.102
170695,000000170695.jpg,612,612,person,3,0.1019
244804,000000244804.jpg,640,480,person,2,0.1019
266311,000000266311.jpg,640,521,person,4,0.1019
339798,000000339798.jpg,612,612,person,2,0.1019
515387,000000515387.jpg,640,480,person,2,0.1019
543635,000000543635.jpg,518,640,person,2,0.1019
50672,000000050672.jpg,640,480,person,2,0.1018
534448,000000534448.jpg,640,480,person,3,0.1018
543379,000000543379.jpg,640,480,person,3,0.1018
313532,000000313532.jpg,640,480,person,4,0.1017
396871,000000396871.jpg,640,480,person,3,0.1017
406662,000000406662.jpg,480,640,person,3,0.1017
431167,000000431167.jpg,640,640,person,4,0.1017
508244,000000508244.jpg,480,640,person,2,0.1017
149165,000000149165.jpg,612,612,person,2,0.1016
403915,000000403915.jpg,480,640,person,3,0.1016
413277,000000413277.jpg,612,612,person,4,0.1016
125352,000000125352.jpg,640,484,person,2,0.1015
143499,000000143499.jpg,640,480,person,2,0.1015
156232,000000156232.jpg,640,581,person,2,0.1015
571193,000000571193.jpg,640,480,person,2,0.1015
113721,000000113721.jpg,640,480,person,1,0.1014
394691,000000394691.jpg,640,482,person,4,0.1014
494592,000000494592.jpg,640,480,person,2,0.1014
67269,000000067269.jpg,640,547,person,3,0.1012
190382,000000190382.jpg,640,506,person,2,0.1012
509098,000000509098.jpg,640,640,person,2,0.1012
84469,000000084469.jpg,480,640,person,2,0.101
233520,000000233520.jpg,640,480,person,2,0.1009
534412,000000534412.jpg,512,640,person,3,0.1009
275954,000000275954.jpg,480,640,person,1,0.1008
20770,000000020770.jpg,640,480,person,3,0.1007
245642,000000245642.jpg,640,480,person,3,0.1007
310882,000000310882.jpg,640,512,person,3,0.1007
521339,000000521339.jpg,526,640,person,2,0.1007
571737,000000571737.jpg,640,480,person,2,0.1007
102300,000000102300.jpg,626,526,person,2,0.1005
460114,000000460114.jpg,640,490,person,2,0.1005
570538,000000570538.jpg,640,480,person,2,0.1005
80448,000000080448.jpg,480,640,person,4,0.1004
386162,000000386162.jpg,640,480,person,2,0.1004
126257,000000126257.jpg,612,612,person,2,0.1003
222361,000000222361.jpg,640,480,person,2,0.1003
242008,000000242008.jpg,640,480,person,3,0.1003
305462,000000305462.jpg,640,480,person,4,0.1003
550453,000000550453.jpg,640,480,person,2,0.1003
203275,000000203275.jpg,640,640,person,3,0.1002
262086,000000262086.jpg,640,480,person,2,0.1002
518843,000000518843.jpg,640,480,person,3,0.1002
21075,000000021075.jpg,640,496,person,2,0.1001
54402,000000054402.jpg,640,480,person,4,0.1001
174615,000000174615.jpg,480,640,person,2,0.1001
247919,000000247919.jpg,640,480,person,3,0.1001
342585,000000342585.jpg,612,612,person,2,0.1001
149610,000000149610.jpg,640,534,person,3,0.1
406855,000000406855.jpg,498,640,person,2,0.1
151084,000000151084.jpg,640,480,person,3,0.0999
153920,000000153920.jpg,640,480,person,3,0.0999
376449,000000376449.jpg,640,567,person,2,0.0999
422744,000000422744.jpg,640,536,person,2,0.0999
461002,000000461002.jpg,640,480,person,2,0.0999
507322,000000507322.jpg,640,480,person,2,0.0999
330806,000000330806.jpg,640,480,person,4,0.0998
14818,000000014818.jpg,640,480,person,2,0.0997
81434,000000081434.jpg,480,640,person,2,0.0997
271385,000000271385.jpg,612,612,person,3,0.0997
376750,000000376750.jpg,612,612,person,3,0.0997
402335,000000402335.jpg,480,640,person,3,0.0997
430359,000000430359.jpg,640,638,person,2,0.0997
445621,000000445621.jpg,640,521,person,4,0.0997
216676,000000216676.jpg,640,480,person,2,0.0996
225160,000000225160.jpg,640,480,person,4,0.0996
567396,000000567396.jpg,640,480,person,4,0.0996
283650,000000283650.jpg,480,640,person,2,0.0994
286930,000000286930.jpg,640,480,person,3,0.0994
51563,000000051563.jpg,640,480,person,3,0.0992
65162,000000065162.jpg,640,480,person,2,0.0991
153204,000000153204.jpg,640,480,person,3,0.0991
427178,000000427178.jpg,640,530,person,2,0.0991
479379,000000479379.jpg,480,640,person,3,0.0991
88999,000000088999.jpg,480,640,person,2,0.099
357799,000000357799.jpg,640,480,person,4,0.099
10817,000000010817.jpg,640,480,person,4,0.0989
81379,000000081379.jpg,640,480,person,2,0.0989
279256,000000279256.jpg,497,640,person,2,0.0989
382080,000000382080.jpg,640,637,person,3,0.0989
407262,000000407262.jpg,503,640,person,2,0.0989
304292,000000304292.jpg,640,554,person,3,0.0988
432908,000000432908.jpg,515,640,person,2,0.0988
155323,000000155323.jpg,640,490,person,2,0.0986
216637,000000216637.jpg,480,640,person,3,0.0986
103250,000000103250.jpg,640,480,person,2,0.0985
213455,000000213455.jpg,640,480,person,2,0.0985
353593,000000353593.jpg,640,480,person,3,0.0985
424464,000000424464.jpg,640,480,person,3,0.0985
410522,000000410522.jpg,640,512,person,2,0.0984
343820,000000343820.jpg,640,480,person,2,0.0983
207363,000000207363.jpg,640,480,person,2,0.0982
325595,000000325595.jpg,640,631,person,2,0.0982
66676,000000066676.jpg,480,640,person,2,0.0981
103970,000000103970.jpg,612,612,person,2,0.0981
230884,000000230884.jpg,480,640,person,2,0.0981
282225,000000282225.jpg,640,480,person,2,0.0981
163350,000000163350.jpg,640,549,person,3,0.098
162355,000000162355.jpg,640,480,person,4,0.0979
165133,000000165133.jpg,612,612,person,2,0.0979
60812,000000060812.jpg,512,640,person,2,0.0978
69197,000000069197.jpg,640,480,person,3,0.0978
180436,000000180436.jpg,612,612,person,3,0.0978
245999,000000245999.jpg,480,640,person,2,0.0978
302756,000000302756.jpg,640,512,person,2,0.0978
542231,000000542231.jpg,640,480,person,4,0.0978
278715,000000278715.jpg,480,640,person,4,0.0977
123944,000000123944.jpg,640,480,person,2,0.0976
453799,000000453799.jpg,640,512,person,3,0.0974
66246,000000066246.jpg,640,640,person,4,0.0973
508302,000000508302.jpg,612,612,person,4,0.0973
562678,000000562678.jpg,640,480,person,4,0.0973
96754,000000096754.jpg,640,480,person,3,0.0972
128142,000000128142.jpg,640,480,person,2,0.0972
319591,000000319591.jpg,640,480,person,3,0.0972
350167,000000350167.jpg,638,640,person,2,0.0972
168248,000000168248.jpg,480,640,person,3,0.0971
271780,000000271780.jpg,480,640,person,2,0.0971
292351,000000292351.jpg,640,480,person,5,0.097
32206,000000032206.jpg,640,480,person,3,0.0969
495753,000000495753.jpg,640,480,person,2,0.0969
536648,000000536648.jpg,640,494,person,2,0.0968
75806,000000075806.jpg,640,480,person,3,0.0967
142711,000000142711.jpg,640,480,person,2,0.0967
1183,000000001183.jpg,640,480,person,2,0.0966
189027,000000189027.jpg,640,508,person,3,0.0966
196430,000000196430.jpg,640,480,person,3,0.0966
220277,000000220277.jpg,480,640,person,2,0.0966
158084,000000158084.jpg,480,640,person,2,0.0965
555686,000000555686.jpg,640,480,person,2,0.0964
401369,000000401369.jpg,640,480,person,3,0.0963
457011,000000457011.jpg,640,480,person,3,0.0963
545493,000000545493.jpg,480,640,person,3,0.0962
175013,000000175013.jpg,640,514,person,2,0.0961
132554,000000132554.jpg,640,571,person,2,0.096
231281,000000231281.jpg,640,480,person,4,0.0959
530619,000000530619.jpg,640,480,person,1,0.0959
13278,000000013278.jpg,640,634,person,2,0.0958
97596,000000097596.jpg,640,480,person,2,0.0958
345100,000000345100.jpg,640,480,person,2,0.0958
82680,000000082680.jpg,640,613,person,2,0.0957
230240,000000230240.jpg,640,480,person,3,0.0957
252905,000000252905.jpg,494,640,person,2,0.0957
523718,000000523718.jpg,640,480,person,2,0.0956
267927,000000267927.jpg,480,640,person,5,0.0955
310695,000000310695.jpg,640,480,person,3,0.0955
159609,000000159609.jpg,640,480,person,3,0.0954
322499,000000322499.jpg,640,491,person,3,0.0954
533381,000000533381.jpg,640,480,person,2,0.0954
576063,000000576063.jpg,640,543,person,2,0.0954
113140,000000113140.jpg,612,612,person,2,0.0953
131735,000000131735.jpg,640,480,person,2,0.0953
42756,000000042756.jpg,640,480,person,2,0.0952
122867,000000122867.jpg,640,480,person,2,0.0952
137408,000000137408.jpg,640,504,person,2,0.0952
298586,000000298586.jpg,640,640,person,3,0.0952
398450,000000398450.jpg,612,612,person,3,0.0952
488440,000000488440.jpg,640,511,person,2,0.0952
13195,000000013195.jpg,491,500,person,2,0.0951
42953,000000042953.jpg,640,480,person,3,0.0951
118069,000000118069.jpg,640,640,person,2,0.0951
146398,000000146398.jpg,480,640,person,2,0.0951
418492,000000418492.jpg,480,640,person,2,0.0951
129272,000000129272.jpg,480,640,person,3,0.095
454162,000000454162.jpg,640,480,person,2,0.095
26413,000000026413.jpg,640,512,person,3,0.0949
364380,000000364380.jpg,640,480,person,2,0.0949
8191,000000008191.jpg,640,480,person,2,0.0948
14960,000000014960.jpg,640,562,person,2,0.0948
65456,000000065456.jpg,480,640,person,2,0.0948
100448,000000100448.jpg,480,640,person,3,0.0947
123137,000000123137.jpg,640,512,person,2,0.0947
208549,000000208549.jpg,640,570,person,2,0.0947
307943,000000307943.jpg,572,640,person,3,0.0947
143926,000000143926.jpg,640,489,person,2,0.0946
329008,000000329008.jpg,640,578,person,2,0.0946
221748,000000221748.jpg,640,512,person,4,0.0945
15818,000000015818.jpg,639,640,person,2,0.0944
91378,000000091378.jpg,640,512,person,2,0.0944
259022,000000259022.jpg,519,640,person,4,0.0944
456708,000000456708.jpg,640,480,person,2,0.0944
24932,000000024932.jpg,480,640,person,2,0.0943
264591,000000264591.jpg,480,640,person,2,0.0943
351004,000000351004.jpg,640,640,person,3,0.0943
215273,000000215273.jpg,640,480,person,3,0.0942
524187,000000524187.jpg,640,480,person,4,0.0942
525085,000000525085.jpg,640,640,person,2,0.0942
84187,000000084187.jpg,612,612,person,2,0.0941
262705,000000262705.jpg,640,480,person,2,0.0941
298147,000000298147.jpg,640,480,person,5,0.0941
327131,000000327131.jpg,640,480,person,2,0.0941
371701,000000371701.jpg,480,640,person,4,0.0941
371955,000000371955.jpg,640,480,person,3,0.094
197057,000000197057.jpg,480,640,person,2,0.0939
329592,000000329592.jpg,640,523,person,3,0.0939
450477,000000450477.jpg,640,480,person,4,0.0938
8186,000000008186.jpg,480,640,person,2,0.0937
254510,000000254510.jpg,635,640,person,3,0.0937
274467,000000274467.jpg,640,480,person,2,0.0937
321317,000000321317.jpg,480,640,person,2,0.0937
373923,000000373923.jpg,640,480,person,2,0.0937
531465,000000531465.jpg,640,480,person,2,0.0937
87393,000000087393.jpg,640,480,person,3,0.0936
347170,000000347170.jpg,640,512,person,3,0.0936
64809,000000064809.jpg,480,640,person,3,0.0935
27482,000000027482.jpg,640,480,person,3,0.0934
142793,000000142793.jpg,640,509,person,2,0.0934
205744,000000205744.jpg,480,640,person,2,0.0934
543411,000000543411.jpg,480,640,person,2,0.0934
566729,000000566729.jpg,640,480,person,2,0.0934
6712,000000006712.jpg,640,480,person,3,0.0933
18358,000000018358.jpg,493,640,person,2,0.0933
428033,000000428033.jpg,480,640,person,2,0.0933
271282,000000271282.jpg,640,480,person,2,0.0932
515424,000000515424.jpg,501,640,person,2,0.0932
171038,000000171038.jpg,486,640,person,2,0.0931
251576,000000251576.jpg,480,640,person,2,0.0931
86988,000000086988.jpg,480,640,person,4,0.093
139595,000000139595.jpg,640,480,person,4,0.093
420411,000000420411.jpg,640,640,person,2,0.093
33091,000000033091.jpg,640,480,person,2,0.0929
337584,000000337584.jpg,640,480,person,2,0.0929
55516,000000055516.jpg,480,640,person,2,0.0928
288694,000000288694.jpg,500,500,person,2,0.0928
344003,000000344003.jpg,480,640,person,3,0.0928
249176,000000249176.jpg,640,480,person,3,0.0927
546342,000000546342.jpg,640,640,person,3,0.0927
549527,000000549527.jpg,640,573,person,3,0.0926
335644,000000335644.jpg,640,480,person,2,0.0925
499102,000000499102.jpg,640,513,person,2,0.0925
114481,000000114481.jpg,640,480,person,3,0.0923
138488,000000138488.jpg,640,635,person,2,0.0923
34412,000000034412.jpg,640,480,person,2,0.0921
125575,000000125575.jpg,480,640,person,3,0.0921
477867,000000477867.jpg,480,640,person,2,0.0921
537548,000000537548.jpg,640,480,person,4,0.0921
12543,000000012543.jpg,480,640,person,2,0.092
50411,000000050411.jpg,640,480,person,4,0.092
99592,000000099592.jpg,640,618,person,4,0.092
274949,000000274949.jpg,480,640,person,3,0.092
541531,000000541531.jpg,480,640,person,2,0.092
95099,000000095099.jpg,480,640,person,2,0.0919
219254,000000219254.jpg,512,640,person,2,0.0919
333687,000000333687.jpg,512,640,person,3,0.0919
424196,000000424196.jpg,480,640,person,2,0.0919
466845,000000466845.jpg,640,526,person,2,0.0918
11775,000000011775.jpg,640,480,person,2,0.0917
529136,000000529136.jpg,640,480,person,3,0.0917
504498,000000504498.jpg,640,480,person,2,0.0916
295196,000000295196.jpg,480,640,person,2,0.0913
200896,000000200896.jpg,640,480,person,2,0.0912
335709,000000335709.jpg,640,480,person,2,0.0912
407674,000000407674.jpg,640,640,person,2,0.0912
515924,000000515924.jpg,640,480,person,2,0.0912
217223,000000217223.jpg,640,480,person,2,0.0911
501004,000000501004.jpg,480,640,person,2,0.0911
105452,000000105452.jpg,640,480,person,2,0.091
170080,000000170080.jpg,640,579,person,2,0.091
13506,000000013506.jpg,640,496,person,3,0.0909
217341,000000217341.jpg,640,508,person,2,0.0908
438864,000000438864.jpg,640,561,person,3,0.0908
546161,000000546161.jpg,640,480,person,2,0.0908
1315,000000001315.jpg,480,640,person,6,0.0907
120179,000000120179.jpg,640,480,person,1,0.0907
209028,000000209028.jpg,480,640,person,3,0.0907
224304,000000224304.jpg,640,491,person,2,0.0907
409468,000000409468.jpg,640,480,person,3,0.0907
434484,000000434484.jpg,640,480,person,3,0.0907
470819,000000470819.jpg,640,480,person,2,0.0907
513810,000000513810.jpg,640,480,person,2,0.0907
314778,000000314778.jpg,640,480,person,3,0.0906
84533,000000084533.jpg,640,579,person,2,0.0905
267862,000000267862.jpg,640,480,person,2,0.0905
500226,000000500226.jpg,640,518,person,2,0.0905
571673,000000571673.jpg,640,501,person,2,0.0905
415349,000000415349.jpg,510,640,person,2,0.0904
169579,000000169579.jpg,480,640,person,2,0.0903
565312,000000565312.jpg,640,480,person,5,0.0903
103936,000000103936.jpg,480,640,person,2,0.0902
280156,000000280156.jpg,612,612,person,3,0.0902
243418,000000243418.jpg,640,480,person,5,0.09
18367,000000018367.jpg,480,640,person,2,0.0899
207805,000000207805.jpg,640,480,person,2,0.0899
192233,000000192233.jpg,537,640,person,3,0.0898
241170,000000241170.jpg,612,612,person,2,0.0898
473746,000000473746.jpg,612,612,person,2,0.0898
577378,000000577378.jpg,640,640,person,3,0.0898
122586,000000122586.jpg,541,640,person,2,0.0897
69805,000000069805.jpg,480,640,person,2,0.0896
387666,000000387666.jpg,640,480,person,3,0.0896
315728,000000315728.jpg,640,480,person,4,0.0894
550354,000000550354.jpg,640,480,person,1,0.0894
388297,000000388297.jpg,640,480,person,3,0.0893
405093,000000405093.jpg,640,488,person,3,0.0893
477860,000000477860.jpg,640,480,person,2,0.0893
525990,000000525990.jpg,640,480,person,2,0.0893
174522,000000174522.jpg,480,640,person,2,0.0892
282147,000000282147.jpg,640,484,person,4,0.0892
337427,000000337427.jpg,640,480,person,2,0.0892
369529,000000369529.jpg,640,512,person,3,0.0892
422755,000000422755.jpg,640,640,person,2,0.0892
430193,000000430193.jpg,640,480,person,2,0.0891
19906,000000019906.jpg,640,480,person,2,0.089
246323,000000246323.jpg,640,480,person,2,0.089
388248,000000388248.jpg,480,640,person,3,0.089
299443,000000299443.jpg,640,512,person,2,0.0889
65415,000000065415.jpg,640,480,person,2,0.0888
389844,000000389844.jpg,480,640,person,2,0.0888
468461,000000468461.jpg,640,527,person,2,0.0888
506471,000000506471.jpg,640,480,person,2,0.0887
580704,000000580704.jpg,640,480,person,3,0.0887
244578,000000244578.jpg,640,640,person,2,0.0886
270198,000000270198.jpg,640,480,person,3,0.0886
428254,000000428254.jpg,500,500,person,3,0.0886
553188,000000553188.jpg,640,480,person,2,0.0886
412034,000000412034.jpg,640,480,person,3,0.0885
415435,000000415435.jpg,480,640,person,2,0.0885
558071,000000558071.jpg,640,480,person,2,0.0885
96745,000000096745.jpg,640,480,person,2,0.0884
120411,000000120411.jpg,640,480,person,3,0.0884
256447,000000256447.jpg,500,500,person,2,0.0884
426469,000000426469.jpg,640,514,person,2,0.0884
556065,000000556065.jpg,480,640,person,2,0.0884
178177,000000178177.jpg,640,480,person,2,0.0883
396321,000000396321.jpg,640,480,person,2,0.0883
515260,000000515260.jpg,640,480,person,3,0.0883
540098,000000540098.jpg,488,640,person,2,0.0883
7304,000000007304.jpg,480,640,person,3,0.0882
203631,000000203631.jpg,480,640,person,2,0.0882
273155,000000273155.jpg,640,569,person,2,0.0882
365993,000000365993.jpg,622,640,person,2,0.0882
142014,000000142014.jpg,640,480,person,4,0.0881
249362,000000249362.jpg,640,480,person,3,0.0881
379294,000000379294.jpg,500,500,person,2,0.0881
95178,000000095178.jpg,480,640,person,2,0.088
128978,000000128978.jpg,640,480,person,2,0.0879
363353,000000363353.jpg,591,640,person,2,0.0879
264884,000000264884.jpg,640,480,person,5,0.0878
295308,000000295308.jpg,640,636,person,3,0.0878
316044,000000316044.jpg,640,480,person,2,0.0878
349552,000000349552.jpg,640,565,person,3,0.0878
87272,000000087272.jpg,640,480,person,3,0.0877
105011,000000105011.jpg,640,480,person,2,0.0877
325494,000000325494.jpg,640,480,person,4,0.0877
379542,000000379542.jpg,638,640,person,2,0.0877
386333,000000386333.jpg,640,640,person,2,0.0877
460010,000000460010.jpg,640,480,person,2,0.0877
65488,000000065488.jpg,480,640,person,4,0.0876
99099,000000099099.jpg,639,640,person,2,0.0876
174059,000000174059.jpg,640,519,person,2,0.0876
399875,000000399875.jpg,640,480,person,3,0.0876
432623,000000432623.jpg,640,480,person,3,0.0876
303651,000000303651.jpg,640,480,person,3,0.0875
9171,000000009171.jpg,640,480,person,2,0.0874
38317,000000038317.jpg,480,640,person,2,0.0874
218158,000000218158.jpg,628,640,person,2,0.0874
335744,000000335744.jpg,640,480,person,2,0.0874
458212,000000458212.jpg,640,480,person,2,0.0874
579260,000000579260.jpg,640,499,person,2,0.0874
17432,000000017432.jpg,612,612,person,2,0.0873
20768,000000020768.jpg,640,480,person,3,0.0873
45475,000000045475.jpg,640,480,person,4,0.0873
53668,000000053668.jpg,556,640,person,3,0.0873
374135,000000374135.jpg,640,530,person,3,0.0873
506377,000000506377.jpg,640,480,person,2,0.0873
209491,000000209491.jpg,480,640,person,2,0.0872
297692,000000297692.jpg,640,481,person,4,0.0872
390760,000000390760.jpg,480,640,person,2,0.0872
397678,000000397678.jpg,640,480,person,2,0.0872
194336,000000194336.jpg,640,480,person,5,0.0871
248467,000000248467.jpg,493,640,person,2,0.0871
362131,000000362131.jpg,612,612,person,2,0.0871
20971,000000020971.jpg,640,480,person,2,0.087
75607,000000075607.jpg,612,612,person,2,0.087
305256,000000305256.jpg,640,480,person,3,0.087
365202,000000365202.jpg,640,480,person,2,0.087
395406,000000395406.jpg,640,480,person,2,0.087
460459,000000460459.jpg,640,640,person,2,0.087
209898,000000209898.jpg,640,480,person,3,0.0869
513729,000000513729.jpg,640,480,person,7,0.0869
139612,000000139612.jpg,640,480,person,4,0.0868
441921,000000441921.jpg,640,515,person,2,0.0868
248935,000000248935.jpg,612,612,person,2,0.0867
273197,000000273197.jpg,623,640,person,2,0.0867
302067,000000302067.jpg,640,480,person,3,0.0867
268785,000000268785.jpg,640,480,person,2,0.0866
441640,000000441640.jpg,486,640,person,2,0.0866
457161,000000457161.jpg,640,480,person,3,0.0866
479866,000000479866.jpg,640,480,person,2,0.0866
105884,000000105884.jpg,640,480,person,2,0.0865
232185,000000232185.jpg,640,480,person,3,0.0865
305327,000000305327.jpg,573,640,person,3,0.0865
330315,000000330315.jpg,625,640,person,4,0.0865
458970,000000458970.jpg,640,480,person,3,0.0865
464546,000000464546.jpg,640,480,person,2,0.0865
35935,000000035935.jpg,640,480,person,2,0.0864
444280,000000444280.jpg,480,640,person,2,0.0864
531096,000000531096.jpg,640,480,person,5,0.0864
578226,000000578226.jpg,640,481,person,4,0.0864
54763,000000054763.jpg,640,480,person,2,0.0863
93424,000000093424.jpg,640,480,person,3,0.0863
202601,000000202601.jpg,640,626,person,3,0.0861
279530,000000279530.jpg,519,640,person,3,0.0861
553563,000000553563.jpg,640,480,person,3,0.0861
4508,000000004508.jpg,640,480,person,2,0.086
168763,000000168763.jpg,640,570,person,3,0.086
203458,000000203458.jpg,640,480,person,4,0.086
403947,000000403947.jpg,640,480,person,2,0.086
132568,000000132568.jpg,640,485,person,3,0.0859
388980,000000388980.jpg,517,640,person,3,0.0859
405964,000000405964.jpg,640,480,person,2,0.0859
481200,000000481200.jpg,640,480,person,2,0.0859
9774,000000009774.jpg,640,480,person,2,0.0858
17489,000000017489.jpg,640,585,person,2,0.0857
184800,000000184800.jpg,640,480,person,3,0.0857
502456,000000502456.jpg,562,640,person,2,0.0857
211336,000000211336.jpg,640,480,person,3,0.0856
303658,000000303658.jpg,640,480,person,3,0.0856
192502,000000192502.jpg,640,480,person,2,0.0855
393735,000000393735.jpg,640,640,person,2,0.0855
528136,000000528136.jpg,640,480,person,3,0.0855
8369,000000008369.jpg,640,480,person,2,0.0854
50324,000000050324.jpg,640,480,person,1,0.0854
84615,000000084615.jpg,640,539,person,2,0.0854
435141,000000435141.jpg,640,480,person,2,0.0854
414999,000000414999.jpg,640,480,person,2,0.0853
418035,000000418035.jpg,640,480,person,2,0.0853
39495,000000039495.jpg,612,612,person,3,0.0852
74599,000000074599.jpg,480,640,person,5,0.0852
231078,000000231078.jpg,640,480,person,2,0.0852
262508,000000262508.jpg,640,480,person,3,0.0852
543515,000000543515.jpg,640,480,person,3,0.0852
99313,000000099313.jpg,640,480,person,2,0.0851
440092,000000440092.jpg,640,497,person,2,0.085
292685,000000292685.jpg,640,480,person,2,0.0849
335631,000000335631.jpg,483,640,person,2,0.0849
424165,000000424165.jpg,480,640,person,3,0.0849
467791,000000467791.jpg,640,480,person,3,0.0849
93441,000000093441.jpg,640,640,person,2,0.0848
516733,000000516733.jpg,640,481,person,3,0.0848
210867,000000210867.jpg,640,623,person,3,0.0847
343892,000000343892.jpg,640,640,person,2,0.0847
159376,000000159376.jpg,640,480,person,4,0.0846
412247,000000412247.jpg,640,480,person,3,0.0844
467193,000000467193.jpg,640,480,person,2,0.0844
5535,000000005535.jpg,640,480,person,3,0.0842
40995,000000040995.jpg,640,480,person,3,0.0842
50263,000000050263.jpg,640,481,person,2,0.0841
162579,000000162579.jpg,640,480,person,3,0.0841
291606,000000291606.jpg,508,640,person,2,0.0841
466703,000000466703.jpg,640,480,person,2,0.0841
525714,000000525714.jpg,640,480,person,3,0.0841
486244,000000486244.jpg,640,480,person,2,0.084
5376,000000005376.jpg,640,480,person,2,0.0839
191925,000000191925.jpg,640,480,person,3,0.0839
282208,000000282208.jpg,640,640,person,2,0.0839
542820,000000542820.jpg,640,480,person,2,0.0839
545155,000000545155.jpg,640,481,person,2,0.0839
258399,000000258399.jpg,640,480,person,2,0.0838
333040,000000333040.jpg,640,480,person,2,0.0838
527446,000000527446.jpg,640,480,person,4,0.0838
546366,000000546366.jpg,640,640,person,2,0.0838
25102,000000025102.jpg,612,612,person,2,0.0837
110769,000000110769.jpg,640,480,person,2,0.0837
318892,000000318892.jpg,640,496,person,2,0.0837
239093,000000239093.jpg,516,640,person,2,0.0836
498918,000000498918.jpg,640,497,person,4,0.0836
3535,000000003535.jpg,640,480,person,4,0.0835
59960,000000059960.jpg,480,640,person,3,0.0835
285729,000000285729.jpg,640,480,person,2,0.0835
557977,000000557977.jpg,640,480,person,3,0.0835
532633,000000532633.jpg,640,480,person,3,0.0834
107650,000000107650.jpg,640,480,person,2,0.0833
441229,000000441229.jpg,640,480,person,2,0.0833
530592,000000530592.jpg,640,480,person,2,0.0833
211722,000000211722.jpg,500,496,person,2,0.0832
262041,000000262041.jpg,640,480,person,3,0.0832
165064,000000165064.jpg,640,480,person,2,0.0831
232675,000000232675.jpg,640,575,person,4,0.0831
499396,000000499396.jpg,640,640,person,2,0.0831
563562,000000563562.jpg,480,640,person,2,0.0831
233271,000000233271.jpg,640,480,person,2,0.083
252444,000000252444.jpg,640,480,person,2,0.083
63365,000000063365.jpg,640,481,person,2,0.0829
321851,000000321851.jpg,640,480,person,2,0.0829
367763,000000367763.jpg,640,480,person,3,0.0829
565500,000000565500.jpg,640,483,person,5,0.0829
65440,000000065440.jpg,640,480,person,4,0.0828
69081,000000069081.jpg,612,612,person,2,0.0828
216050,000000216050.jpg,480,640,person,2,0.0828
153495,000000153495.jpg,480,640,person,3,0.0827
248655,000000248655.jpg,480,640,person,2,0.0827
460240,000000460240.jpg,640,480,person,2,0.0826
573284,000000573284.jpg,640,480,person,3,0.0826
4662,000000004662.jpg,640,480,person,3,0.0825
15062,000000015062.jpg,640,480,person,2,0.0825
42507,000000042507.jpg,480,640,person,2,0.0825
258397,000000258397.jpg,640,480,person,3,0.0825
261579,000000261579.jpg,640,480,person,2,0.0825
324909,000000324909.jpg,640,480,person,2,0.0825
389738,000000389738.jpg,640,480,person,2,0.0825
528595,000000528595.jpg,640,480,person,2,0.0825
72430,000000072430.jpg,640,480,person,4,0.0824
96463,000000096463.jpg,640,566,person,3,0.0822
170464,000000170464.jpg,640,480,person,2,0.0822
335274,000000335274.jpg,640,640,person,2,0.0822
377342,000000377342.jpg,640,521,person,4,0.0822
269807,000000269807.jpg,640,480,person,2,0.0821
23548,000000023548.jpg,640,480,person,2,0.0818
365701,000000365701.jpg,489,640,person,3,0.0818
240234,000000240234.jpg,640,480,person,2,0.0817
45388,000000045388.jpg,640,480,person,2,0.0816
85349,000000085349.jpg,640,480,person,2,0.0816
230585,000000230585.jpg,640,480,person,2,0.0816
109608,000000109608.jpg,505,640,person,2,0.0815
449889,000000449889.jpg,640,495,person,3,0.0815
204657,000000204657.jpg,640,480,person,3,0.0814
224322,000000224322.jpg,640,480,person,2,0.0814
365652,000000365652.jpg,640,480,person,2,0.0814
142742,000000142742.jpg,640,480,person,4,0.0813
186095,000000186095.jpg,640,480,person,2,0.0813
204626,000000204626.jpg,640,480,person,2,0.0813
370701,000000370701.jpg,640,640,person,3,0.0813
244385,000000244385.jpg,640,480,person,2,0.0812
448839,000000448839.jpg,640,480,person,2,0.0812
575280,000000575280.jpg,480,640,person,4,0.0812
268644,000000268644.jpg,640,638,person,5,0.0811
19394,000000019394.jpg,640,480,person,2,0.081
222074,000000222074.jpg,640,495,person,2,0.081
293554,000000293554.jpg,640,480,person,3,0.081
336534,000000336534.jpg,640,480,person,2,0.081
33645,000000033645.jpg,640,480,person,2,0.0809
354878,000000354878.jpg,640,480,person,2,0.0809
555653,000000555653.jpg,640,480,person,2,0.0809
581328,000000581328.jpg,640,480,person,2,0.0808
104406,000000104406.jpg,612,612,person,2,0.0807
230291,000000230291.jpg,640,480,person,3,0.0807
236085,000000236085.jpg,480,640,person,3,0.0807
345802,000000345802.jpg,640,640,person,2,0.0807
346450,000000346450.jpg,640,488,person,4,0.0807
515701,000000515701.jpg,640,640,person,3,0.0807
356060,000000356060.jpg,640,480,person,5,0.0806
23098,000000023098.jpg,640,480,person,3,0.0805
86202,000000086202.jpg,480,640,person,2,0.0805
160931,000000160931.jpg,640,480,person,3,0.0804
59691,000000059691.jpg,640,480,person,2,0.0803
96660,000000096660.jpg,640,486,person,2,0.0803
151237,000000151237.jpg,484,640,person,2,0.0803
161673,000000161673.jpg,640,480,person,3,0.0803
194700,000000194700.jpg,640,480,person,2,0.0803
376521,000000376521.jpg,640,480,person,2,0.0803
250035,000000250035.jpg,480,640,person,4,0.0802
270865,000000270865.jpg,640,480,person,4,0.0802
157875,000000157875.jpg,640,640,person,2,0.0801
379375,000000379375.jpg,480,640,person,2,0.0801
62442,000000062442.jpg,640,480,person,2,0.08
136143,000000136143.jpg,640,480,person,2,0.08
297631,000000297631.jpg,640,480,person,3,0.08
453582,000000453582.jpg,640,480,person,2,0.08
20727,000000020727.jpg,612,612,person,2,0.0799
251882,000000251882.jpg,612,612,person,2,0.0799
405222,000000405222.jpg,640,494,person,2,0.0799
19698,000000019698.jpg,640,480,person,3,0.0798
91886,000000091886.jpg,640,480,person,2,0.0798
501677,000000501677.jpg,640,640,person,3,0.0798
504664,000000504664.jpg,640,480,person,3,0.0798
549937,000000549937.jpg,640,520,person,2,0.0797
73035,000000073035.jpg,640,504,person,2,0.0796
263512,000000263512.jpg,640,480,person,2,0.0796
434986,000000434986.jpg,640,480,person,2,0.0796
263359,000000263359.jpg,640,480,person,2,0.0794
279420,000000279420.jpg,640,480,person,2,0.0794
213933,000000213933.jpg,480,640,person,2,0.0791
168781,000000168781.jpg,640,480,person,3,0.079
282557,000000282557.jpg,612,612,person,2,0.079
382345,000000382345.jpg,486,640,person,2,0.079
414522,000000414522.jpg,640,640,person,2,0.079
465235,000000465235.jpg,640,480,person,2,0.0789
439092,000000439092.jpg,640,512,person,2,0.0788
481090,000000481090.jpg,635,640,person,2,0.0788
250576,000000250576.jpg,640,480,person,2,0.0787
237941,000000237941.jpg,640,480,person,4,0.0786
404517,000000404517.jpg,640,480,person,3,0.0785
12081,000000012081.jpg,640,480,person,2,0.0784
7757,000000007757.jpg,640,480,person,2,0.0783
260292,000000260292.jpg,640,480,person,2,0.0783
71284,000000071284.jpg,640,483,person,3,0.0782
142629,000000142629.jpg,640,480,person,4,0.0782
186317,000000186317.jpg,640,480,person,5,0.0782
461015,000000461015.jpg,480,640,person,4,0.0782
68205,000000068205.jpg,500,500,person,2,0.0781
568878,000000568878.jpg,480,640,person,2,0.0781
117736,000000117736.jpg,640,513,person,2,0.078
451832,000000451832.jpg,640,527,person,2,0.078
37757,000000037757.jpg,640,575,person,2,0.0779
184405,000000184405.jpg,640,512,person,2,0.0779
229472,000000229472.jpg,640,480,person,5,0.0779
318825,000000318825.jpg,640,639,person,2,0.0779
340688,000000340688.jpg,547,640,person,2,0.0778
372136,000000372136.jpg,640,601,person,3,0.0778
498160,000000498160.jpg,640,480,person,3,0.0778
399441,000000399441.jpg,480,640,person,4,0.0777
71122,000000071122.jpg,640,480,person,3,0.0776
119743,000000119743.jpg,640,481,person,3,0.0776
15658,000000015658.jpg,640,480,person,2,0.0775
399781,000000399781.jpg,640,590,person,2,0.0775
461434,000000461434.jpg,480,640,person,2,0.0775
553366,000000553366.jpg,640,513,person,2,0.0775
26310,000000026310.jpg,640,583,person,4,0.0774
238963,000000238963.jpg,640,512,person,3,0.0774
385146,000000385146.jpg,640,480,person,2,0.0773
15559,000000015559.jpg,640,480,person,2,0.0772
20178,000000020178.jpg,640,480,person,2,0.0772
267200,000000267200.jpg,612,612,person,2,0.0772
489145,000000489145.jpg,640,480,person,2,0.0772
235994,000000235994.jpg,640,640,person,2,0.0771
447009,000000447009.jpg,640,480,person,3,0.0771
15017,000000015017.jpg,640,480,person,3,0.077
159409,000000159409.jpg,640,480,person,6,0.077
229329,000000229329.jpg,480,640,person,2,0.077
536419,000000536419.jpg,480,640,person,3,0.077
551260,000000551260.jpg,640,488,person,2,0.077
551921,000000551921.jpg,640,480,person,2,0.077
255706,000000255706.jpg,640,480,person,2,0.0769
308772,000000308772.jpg,640,517,person,3,0.0769
325602,000000325602.jpg,496,640,person,2,0.0769
341041,000000341041.jpg,612,612,person,2,0.0769
316795,000000316795.jpg,640,578,person,2,0.0768
124569,000000124569.jpg,640,480,person,2,0.0767
385126,000000385126.jpg,640,480,person,2,0.0767
495989,000000495989.jpg,640,640,person,2,0.0767
553446,000000553446.jpg,640,480,person,4,0.0767
62251,000000062251.jpg,640,480,person,4,0.0766
335518,000000335518.jpg,640,480,person,2,0.0766
18111,000000018111.jpg,640,480,person,2,0.0765
55478,000000055478.jpg,640,480,person,3,0.0765
78495,000000078495.jpg,640,480,person,2,0.0765
83466,000000083466.jpg,640,480,person,2,0.0764
101485,000000101485.jpg,495,640,person,2,0.0764
364448,000000364448.jpg,640,486,person,2,0.0764
384531,000000384531.jpg,640,480,person,4,0.0764
55629,000000055629.jpg,480,640,person,3,0.0763
266437,000000266437.jpg,640,481,person,2,0.0763
436833,000000436833.jpg,640,480,person,2,0.0763
460343,000000460343.jpg,640,480,person,3,0.0763
501013,000000501013.jpg,640,480,person,2,0.0763
72016,000000072016.jpg,640,481,person,2,0.0762
214692,000000214692.jpg,640,480,person,3,0.0762
333656,000000333656.jpg,640,480,person,2,0.0762
3209,000000003209.jpg,640,640,person,2,0.0761
163571,000000163571.jpg,640,480,person,4,0.0761
174669,000000174669.jpg,480,640,person,2,0.0761
185486,000000185486.jpg,640,640,person,3,0.0761
75299,000000075299.jpg,640,480,person,4,0.076
291930,000000291930.jpg,640,480,person,2,0.076
302958,000000302958.jpg,640,499,person,2,0.0759
313481,000000313481.jpg,612,612,person,2,0.0759
546352,000000546352.jpg,640,480,person,2,0.0759
576849,000000576849.jpg,640,480,person,3,0.0759
89616,000000089616.jpg,480,640,person,2,0.0758
116004,000000116004.jpg,640,480,person,5,0.0758
316189,000000316189.jpg,640,480,person,3,0.0758
402941,000000402941.jpg,640,480,person,3,0.0758
474319,000000474319.jpg,640,640,person,2,0.0758
142123,000000142123.jpg,640,480,person,3,0.0757
242739,000000242739.jpg,640,480,person,4,0.0757
245414,000000245414.jpg,480,640,person,2,0.0757
444014,000000444014.jpg,640,480,person,2,0.0757
445135,000000445135.jpg,640,603,person,2,0.0757
544264,000000544264.jpg,480,640,person,2,0.0757
54149,000000054149.jpg,640,640,person,2,0.0756
377543,000000377543.jpg,640,574,person,3,0.0756
180818,000000180818.jpg,640,640,person,3,0.0755
225210,000000225210.jpg,612,612,person,2,0.0755
261587,000000261587.jpg,547,640,person,2,0.0755
362301,000000362301.jpg,640,480,person,2,0.0755
534656,000000534656.jpg,640,609,person,2,0.0755
1390,000000001390.jpg,640,480,person,2,0.0754
208261,000000208261.jpg,484,640,person,2,0.0754
147979,000000147979.jpg,480,640,person,2,0.0753
321861,000000321861.jpg,640,480,person,3,0.0753
429207,000000429207.jpg,640,480,person,4,0.0753
148911,000000148911.jpg,639,640,person,2,0.0751
246029,000000246029.jpg,640,480,person,4,0.0751
331242,000000331242.jpg,640,480,person,3,0.0751
418569,000000418569.jpg,640,480,person,2,0.0751
503150,000000503150.jpg,640,480,person,2,0.0751
532933,000000532933.jpg,519,640,person,2,0.0751
273879,000000273879.jpg,640,480,person,4,0.075
106206,000000106206.jpg,640,480,person,2,0.0749
286925,000000286925.jpg,640,480,person,2,0.0749
462283,000000462283.jpg,640,480,person,2,0.0749
558587,000000558587.jpg,640,480,person,3,0.0749
82834,000000082834.jpg,640,480,person,2,0.0748
415370,000000415370.jpg,480,640,person,2,0.0748
198654,000000198654.jpg,640,480,person,3,0.0747
465524,000000465524.jpg,640,480,person,2,0.0747
510798,000000510798.jpg,640,480,person,3,0.0747
373325,000000373325.jpg,480,640,person,1,0.0746
135566,000000135566.jpg,640,480,person,3,0.0745
368576,000000368576.jpg,480,640,person,2,0.0745
512380,000000512380.jpg,640,480,person,2,0.0745
80293,000000080293.jpg,640,480,person,4,0.0744
371577,000000371577.jpg,640,480,person,2,0.0744
549639,000000549639.jpg,579,640,person,4,0.0744
512290,000000512290.jpg,640,492,person,3,0.0743
185681,000000185681.jpg,640,480,person,2,0.0742
363126,000000363126.jpg,480,640,person,2,0.0742
371427,000000371427.jpg,640,590,person,3,0.0742
388117,000000388117.jpg,640,480,person,3,0.0742
236865,000000236865.jpg,640,484,person,3,0.0741
336355,000000336355.jpg,512,640,person,2,0.0741
365614,000000365614.jpg,640,640,person,4,0.0741
103730,000000103730.jpg,640,480,person,2,0.074
143563,000000143563.jpg,640,480,person,2,0.074
496548,000000496548.jpg,640,480,person,2,0.074
210816,000000210816.jpg,640,480,person,2,0.0739
241001,000000241001.jpg,640,480,person,2,0.0739
317407,000000317407.jpg,640,480,person,2,0.0739
490582,000000490582.jpg,640,480,person,2,0.0739
51149,000000051149.jpg,640,480,person,2,0.0738
104846,000000104846.jpg,640,480,person,2,0.0738
233500,000000233500.jpg,640,480,person,3,0.0738
308905,000000308905.jpg,480,640,person,3,0.0738
344016,000000344016.jpg,640,480,person,2,0.0738
401707,000000401707.jpg,640,480,person,3,0.0738
351979,000000351979.jpg,640,480,person,2,0.0737
357787,000000357787.jpg,640,480,person,2,0.0737
570430,000000570430.jpg,640,480,person,3,0.0737
306549,000000306549.jpg,500,485,person,2,0.0736
356708,000000356708.jpg,640,480,person,2,0.0736
55512,000000055512.jpg,640,480,person,2,0.0735
149410,000000149410.jpg,640,640,person,2,0.0735
260166,000000260166.jpg,640,480,person,2,0.0735
534195,000000534195.jpg,640,480,person,5,0.0735
44580,000000044580.jpg,640,480,person,2,0.0734
245075,000000245075.jpg,640,480,person,3,0.0734
302470,000000302470.jpg,640,514,person,2,0.0734
173155,000000173155.jpg,512,640,person,3,0.0733
317911,000000317911.jpg,640,596,person,4,0.0733
484060,000000484060.jpg,640,480,person,2,0.0733
24861,000000024861.jpg,640,480,person,2,0.0732
101882,000000101882.jpg,640,506,person,2,0.0732
239518,000000239518.jpg,640,480,person,2,0.0732
282558,000000282558.jpg,640,480,person,2,0.0732
327255,000000327255.jpg,640,480,person,3,0.0732
85981,000000085981.jpg,640,480,person,2,0.0731
290979,000000290979.jpg,640,480,person,3,0.0731
500316,000000500316.jpg,640,628,person,3,0.0731
427133,000000427133.jpg,640,480,person,3,0.073
186026,000000186026.jpg,640,640,person,2,0.0729
217181,000000217181.jpg,640,480,person,4,0.0729
370523,000000370523.jpg,640,588,person,2,0.0729
404263,000000404263.jpg,640,531,person,2,0.0729
488032,000000488032.jpg,480,640,person,3,0.0729
196283,000000196283.jpg,483,640,person,2,0.0728
521950,000000521950.jpg,640,480,person,2,0.0728
442089,000000442089.jpg,640,480,person,3,0.0727
3118,000000003118.jpg,533,640,person,2,0.0726
19938,000000019938.jpg,640,489,person,2,0.0726
301207,000000301207.jpg,640,551,person,2,0.0726
382083,000000382083.jpg,500,500,person,2,0.0726
99798,000000099798.jpg,582,640,person,2,0.0725
134302,000000134302.jpg,640,480,person,3,0.0725
18426,000000018426.jpg,640,480,person,2,0.0724
390447,000000390447.jpg,640,480,person,2,0.0724
420124,000000420124.jpg,480,640,person,2,0.0724
530745,000000530745.jpg,640,505,person,2,0.0724
147788,000000147788.jpg,612,612,person,2,0.0723
181805,000000181805.jpg,640,480,person,2,0.0723
251395,000000251395.jpg,640,480,person,3,0.0723
403948,000000403948.jpg,640,501,person,2,0.0723
266434,000000266434.jpg,640,480,person,3,0.0722
324646,000000324646.jpg,640,480,person,2,0.0722
207798,000000207798.jpg,640,640,person,2,0.0721
80043,000000080043.jpg,640,480,person,2,0.072
119053,000000119053.jpg,640,480,person,3,0.072
336771,000000336771.jpg,480,640,person,2,0.072
381065,000000381065.jpg,640,606,person,5,0.072
504452,000000504452.jpg,593,640,person,1,0.072
109761,000000109761.jpg,640,640,person,2,0.0719
338407,000000338407.jpg,640,640,person,3,0.0719
384157,000000384157.jpg,640,480,person,2,0.0719
440344,000000440344.jpg,480,640,person,4,0.0719
444913,000000444913.jpg,640,480,person,3,0.0719
186544,000000186544.jpg,512,640,person,3,0.0718
324772,000000324772.jpg,640,480,person,3,0.0718
44675,000000044675.jpg,640,480,person,2,0.0717
108154,000000108154.jpg,640,480,person,2,0.0717
271363,000000271363.jpg,640,480,person,2,0.0717
121196,000000121196.jpg,480,640,person,2,0.0716
458752,000000458752.jpg,640,480,person,3,0.0716
535099,000000535099.jpg,480,640,person,2,0.0716
150773,000000150773.jpg,640,640,person,2,0.0715
1330,000000001330.jpg,480,640,person,2,0.0714
83482,000000083482.jpg,640,480,person,3,0.0714
185444,000000185444.jpg,640,480,person,2,0.0714
200447,000000200447.jpg,612,612,person,4,0.0714
308175,000000308175.jpg,640,480,person,5,0.0714
119087,000000119087.jpg,480,640,person,2,0.0713
449990,000000449990.jpg,500,493,person,3,0.0712
352184,000000352184.jpg,612,612,person,2,0.0711
502117,000000502117.jpg,640,480,person,2,0.0711
176785,000000176785.jpg,612,612,person,3,0.071
425324,000000425324.jpg,640,480,person,3,0.071
437540,000000437540.jpg,640,480,person,3,0.071
119868,000000119868.jpg,480,640,person,2,0.0709
221189,000000221189.jpg,480,640,person,2,0.0709
182759,000000182759.jpg,480,640,person,3,0.0708
183953,000000183953.jpg,480,640,person,3,0.0708
200289,000000200289.jpg,640,480,person,3,0.0708
264511,000000264511.jpg,640,480,person,3,0.0708
482694,000000482694.jpg,640,480,person,2,0.0708
107564,000000107564.jpg,640,640,person,3,0.0707
124477,000000124477.jpg,480,640,person,2,0.0707
409451,000000409451.jpg,640,513,person,2,0.0707
33669,000000033669.jpg,640,480,person,2,0.0706
201389,000000201389.jpg,640,640,person,3,0.0706
279824,000000279824.jpg,640,480,person,4,0.0706
287760,000000287760.jpg,640,480,person,2,0.0706
524338,000000524338.jpg,640,480,person,5,0.0706
33377,000000033377.jpg,640,480,person,3,0.0705
188958,000000188958.jpg,640,480,person,2,0.0705
537905,000000537905.jpg,528,640,person,2,0.0705
555109,000000555109.jpg,640,640,person,4,0.0705
561910,000000561910.jpg,480,640,person,2,0.0705
26320,000000026320.jpg,640,480,person,2,0.0704
101234,000000101234.jpg,640,480,person,3,0.0704
286556,000000286556.jpg,640,484,person,3,0.0704
523371,000000523371.jpg,640,480,person,3,0.0704
47757,000000047757.jpg,640,480,person,2,0.0703
311524,000000311524.jpg,503,640,person,2,0.0703
381991,000000381991.jpg,549,640,person,2,0.0703
122537,000000122537.jpg,640,480,person,3,0.0701
268370,000000268370.jpg,640,480,person,3,0.0701
387225,000000387225.jpg,529,640,person,2,0.0701
443057,000000443057.jpg,640,480,person,3,0.0701
438492,000000438492.jpg,640,480,person,2,0.07
62245,000000062245.jpg,640,480,person,2,0.0699
114025,000000114025.jpg,640,543,person,3,0.0699
267831,000000267831.jpg,579,640,person,2,0.0699
425184,000000425184.jpg,640,480,person,2,0.0699
76293,000000076293.jpg,640,506,person,2,0.0698
242501,000000242501.jpg,640,480,person,2,0.0698
85434,000000085434.jpg,640,480,person,2,0.0697
212864,000000212864.jpg,640,480,person,2,0.0697
281997,000000281997.jpg,480,640,person,2,0.0697
188873,000000188873.jpg,640,480,person,3,0.0696
274690,000000274690.jpg,640,480,person,4,0.0696
404633,000000404633.jpg,640,640,person,1,0.0696
218749,000000218749.jpg,490,640,person,2,0.0695
241837,000000241837.jpg,640,480,person,3,0.0695
301928,000000301928.jpg,587,640,person,2,0.0695
304408,000000304408.jpg,640,480,person,2,0.0695
380820,000000380820.jpg,640,480,person,5,0.0695
552188,000000552188.jpg,640,547,person,3,0.0695
97095,000000097095.jpg,640,480,person,2,0.0694
147134,000000147134.jpg,640,480,person,3,0.0694
154008,000000154008.jpg,640,640,person,2,0.0694
263052,000000263052.jpg,640,480,person,2,0.0694
415912,000000415912.jpg,640,640,person,2,0.0693
49194,000000049194.jpg,640,480,person,4,0.0691
291066,000000291066.jpg,480,640,person,3,0.0691
450581,000000450581.jpg,612,612,person,2,0.0691
97507,000000097507.jpg,480,640,person,2,0.069
322500,000000322500.jpg,612,612,person,3,0.069
500793,000000500793.jpg,640,480,person,2,0.069
240615,000000240615.jpg,512,640,person,4,0.0689
287884,000000287884.jpg,511,640,person,3,0.0688
420612,000000420612.jpg,640,480,person,4,0.0688
450716,000000450716.jpg,640,480,person,2,0.0688
201042,000000201042.jpg,480,640,person,2,0.0687
537124,000000537124.jpg,640,480,person,2,0.0687
256311,000000256311.jpg,640,480,person,2,0.0685
130406,000000130406.jpg,640,480,person,2,0.0684
307026,000000307026.jpg,640,640,person,3,0.0684
566746,000000566746.jpg,640,480,person,4,0.0684
472772,000000472772.jpg,640,640,person,4,0.0683
161006,000000161006.jpg,612,612,person,3,0.0682
297600,000000297600.jpg,506,640,person,2,0.0682
380609,000000380609.jpg,640,480,person,2,0.0681
220135,000000220135.jpg,480,640,person,2,0.068
335325,000000335325.jpg,640,480,person,2,0.068
473060,000000473060.jpg,490,640,person,2,0.068
73826,000000073826.jpg,640,480,person,3,0.0679
282926,000000282926.jpg,480,640,person,2,0.0679
25576,000000025576.jpg,480,640,person,2,0.0678
537313,000000537313.jpg,640,640,person,2,0.0678
178413,000000178413.jpg,640,480,person,3,0.0677
441105,000000441105.jpg,480,640,person,2,0.0677
45086,000000045086.jpg,640,480,person,2,0.0676
45923,000000045923.jpg,640,640,person,4,0.0676
69983,000000069983.jpg,640,480,person,2,0.0676
83973,000000083973.jpg,640,480,person,4,0.0676
132328,000000132328.jpg,640,511,person,2,0.0676
235269,000000235269.jpg,640,480,person,3,0.0676
248150,000000248150.jpg,640,480,person,3,0.0676
255925,000000255925.jpg,640,480,person,2,0.0676
474174,000000474174.jpg,640,480,person,2,0.0676
4502,000000004502.jpg,640,481,person,4,0.0675
121452,000000121452.jpg,480,640,person,3,0.0675
376701,000000376701.jpg,573,598,person,3,0.0675
82881,000000082881.jpg,640,640,person,2,0.0674
83023,000000083023.jpg,640,480,person,2,0.0674
186711,000000186711.jpg,640,480,person,2,0.0674
238095,000000238095.jpg,640,480,person,4,0.0674
329501,000000329501.jpg,480,640,person,1,0.0674
432239,000000432239.jpg,640,480,person,2,0.0674
20748,000000020748.jpg,640,480,person,3,0.0673
496274,000000496274.jpg,640,635,person,3,0.0673
2124,000000002124.jpg,640,480,person,4,0.0672
122476,000000122476.jpg,640,512,person,2,0.0672
365264,000000365264.jpg,640,480,person,3,0.0672
101115,000000101115.jpg,640,480,person,2,0.0671
393027,000000393027.jpg,640,480,person,3,0.0671
230178,000000230178.jpg,640,480,person,3,0.067
240811,000000240811.jpg,640,480,person,3,0.067
287506,000000287506.jpg,640,480,person,2,0.067
462805,000000462805.jpg,480,640,person,2,0.067
536720,000000536720.jpg,640,480,person,3,0.067
56616,000000056616.jpg,609,640,person,2,0.0669
64314,000000064314.jpg,512,640,person,3,0.0669
269381,000000269381.jpg,640,539,person,3,0.0669
371703,000000371703.jpg,640,480,person,2,0.0669
402762,000000402762.jpg,640,640,person,3,0.0668
439615,000000439615.jpg,640,574,person,3,0.0668
143305,000000143305.jpg,480,640,person,2,0.0667
189765,000000189765.jpg,640,480,person,2,0.0667
222758,000000222758.jpg,480,640,person,2,0.0667
403937,000000403937.jpg,590,640,person,2,0.0667
527868,000000527868.jpg,640,480,person,2,0.0666
419,000000000419.jpg,640,480,person,4,0.0665
212739,000000212739.jpg,640,480,person,2,0.0665
297669,000000297669.jpg,640,517,person,3,0.0665
322691,000000322691.jpg,640,532,person,2,0.0665
180827,000000180827.jpg,640,480,person,2,0.0664
240340,000000240340.jpg,480,640,person,2,0.0664
28103,000000028103.jpg,640,640,person,3,0.0663
487458,000000487458.jpg,640,480,person,2,0.0663
380344,000000380344.jpg,640,480,person,2,0.0662
460187,000000460187.jpg,640,480,person,2,0.0662
6318,000000006318.jpg,640,480,person,2,0.0661
139987,000000139987.jpg,480,640,person,5,0.0661
239327,000000239327.jpg,480,640,person,3,0.0661
341111,000000341111.jpg,640,480,person,2,0.0661
45343,000000045343.jpg,640,480,person,4,0.066
413128,000000413128.jpg,640,480,person,3,0.066
456068,000000456068.jpg,640,480,person,2,0.066
555683,000000555683.jpg,640,480,person,3,0.066
97270,000000097270.jpg,640,480,person,2,0.0659
162475,000000162475.jpg,640,480,person,3,0.0659
306531,000000306531.jpg,640,480,person,2,0.0659
525589,000000525589.jpg,640,480,person,3,0.0658
130017,000000130017.jpg,640,480,person,2,0.0657
313091,000000313091.jpg,640,532,person,2,0.0657
326312,000000326312.jpg,480,640,person,2,0.0657
439481,000000439481.jpg,640,480,person,2,0.0657
28246,000000028246.jpg,640,534,person,2,0.0656
42050,000000042050.jpg,480,640,person,2,0.0656
97646,000000097646.jpg,480,640,person,2,0.0656
226496,000000226496.jpg,640,480,person,3,0.0656
329304,000000329304.jpg,639,640,person,2,0.0656
347111,000000347111.jpg,640,510,person,3,0.0656
475731,000000475731.jpg,640,480,person,3,0.0656
520378,000000520378.jpg,640,480,person,2,0.0656
158182,000000158182.jpg,640,631,person,2,0.0655
526203,000000526203.jpg,640,480,person,2,0.0655
322,000000000322.jpg,640,481,person,2,0.0654
71361,000000071361.jpg,614,640,person,2,0.0654
108850,000000108850.jpg,640,480,person,2,0.0654
137849,000000137849.jpg,640,480,person,2,0.0654
143119,000000143119.jpg,633,640,person,2,0.0654
338025,000000338025.jpg,640,480,person,3,0.0654
39113,000000039113.jpg,640,480,person,2,0.0653
157920,000000157920.jpg,640,481,person,3,0.0653
325958,000000325958.jpg,640,480,person,2,0.0653
528448,000000528448.jpg,640,480,person,2,0.0653
42079,000000042079.jpg,640,480,person,3,0.0652
194027,000000194027.jpg,480,640,person,3,0.0652
252407,000000252407.jpg,640,640,person,2,0.0652
304578,000000304578.jpg,480,640,person,2,0.0652
391258,000000391258.jpg,581,604,person,2,0.0652
393271,000000393271.jpg,640,480,person,2,0.0652
126070,000000126070.jpg,640,480,person,3,0.0651
144983,000000144983.jpg,612,612,person,2,0.0651
154139,000000154139.jpg,480,640,person,2,0.0651
214232,000000214232.jpg,640,480,person,2,0.0651
446783,000000446783.jpg,640,509,person,3,0.0651
56359,000000056359.jpg,640,480,person,2,0.065
335027,000000335027.jpg,622,640,person,4,0.065
344793,000000344793.jpg,640,480,person,3,0.065
396861,000000396861.jpg,480,640,person,2,0.065
112807,000000112807.jpg,640,480,person,3,0.0649
18373,000000018373.jpg,480,640,person,2,0.0648
39191,000000039191.jpg,640,480,person,2,0.0648
471625,000000471625.jpg,480,640,person,2,0.0648
236438,000000236438.jpg,480,640,person,2,0.0647
495183,000000495183.jpg,640,482,person,2,0.0646
544713,000000544713.jpg,640,480,person,2,0.0646
141651,000000141651.jpg,555,640,person,2,0.0645
213728,000000213728.jpg,640,480,person,3,0.0645
539565,000000539565.jpg,640,640,person,2,0.0645
28875,000000028875.jpg,640,480,person,2,0.0644
40334,000000040334.jpg,512,640,person,2,0.0643
137586,000000137586.jpg,640,480,person,2,0.0643
400405,000000400405.jpg,480,640,person,2,0.0643
409226,000000409226.jpg,640,480,person,2,0.0643
123514,000000123514.jpg,640,480,person,2,0.0642
203768,000000203768.jpg,640,480,person,2,0.0642
279697,000000279697.jpg,640,480,person,2,0.0642
352524,000000352524.jpg,640,480,person,2,0.0642
54479,000000054479.jpg,640,481,person,3,0.0641
84447,000000084447.jpg,640,480,person,2,0.0641
103128,000000103128.jpg,640,587,person,3,0.0641
413868,000000413868.jpg,640,480,person,2,0.0641
428537,000000428537.jpg,640,491,person,2,0.0641
561012,000000561012.jpg,640,480,person,3,0.0641
82135,000000082135.jpg,640,480,person,2,0.064
166173,000000166173.jpg,480,640,person,2,0.064
171351,000000171351.jpg,612,612,person,3,0.064
109640,000000109640.jpg,612,612,person,2,0.0639
289915,000000289915.jpg,640,480,person,3,0.0639
113252,000000113252.jpg,640,616,person,2,0.0637
150317,000000150317.jpg,480,640,person,2,0.0637
325943,000000325943.jpg,640,480,person,2,0.0637
527899,000000527899.jpg,640,480,person,4,0.0637
323851,000000323851.jpg,483,640,person,3,0.0636
338552,000000338552.jpg,614,640,person,2,0.0635
349686,000000349686.jpg,640,480,person,2,0.0635
116155,000000116155.jpg,640,480,person,4,0.0634
309744,000000309744.jpg,640,480,person,2,0.0634
379882,000000379882.jpg,640,480,person,3,0.0634
183964,000000183964.jpg,640,480,person,4,0.0633
300273,000000300273.jpg,480,640,person,3,0.0633
513086,000000513086.jpg,640,480,person,2,0.0633
96027,000000096027.jpg,597,640,person,2,0.0632
459800,000000459800.jpg,640,480,person,3,0.0632
496932,000000496932.jpg,640,480,person,2,0.0632
559730,000000559730.jpg,480,640,person,6,0.0632
63503,000000063503.jpg,640,480,person,2,0.0631
168097,000000168097.jpg,640,480,person,4,0.0631
125071,000000125071.jpg,640,480,person,3,0.063
158922,000000158922.jpg,640,480,person,3,0.063
455995,000000455995.jpg,640,480,person,3,0.063
78683,000000078683.jpg,480,640,person,2,0.0629
318184,000000318184.jpg,640,503,person,2,0.0629
429643,000000429643.jpg,640,494,person,2,0.0629
263664,000000263664.jpg,640,480,person,4,0.0628
380557,000000380557.jpg,640,480,person,2,0.0627
466544,000000466544.jpg,640,480,person,3,0.0627
112830,000000112830.jpg,640,480,person,3,0.0626
377278,000000377278.jpg,640,480,person,3,0.0626
10012,000000010012.jpg,640,480,person,2,0.0625
130096,000000130096.jpg,640,640,person,2,0.0625
218595,000000218595.jpg,640,480,person,2,0.0625
377488,000000377488.jpg,500,500,person,2,0.0625
4266,000000004266.jpg,640,480,person,2,0.0624
6710,000000006710.jpg,640,480,person,3,0.0624
26617,000000026617.jpg,638,640,person,2,0.0624
316801,000000316801.jpg,640,640,person,3,0.0624
147270,000000147270.jpg,480,640,person,2,0.0623
452917,000000452917.jpg,493,640,person,3,0.0623
264642,000000264642.jpg,640,480,person,2,0.0622
265303,000000265303.jpg,604,640,person,3,0.0622
278801,000000278801.jpg,640,480,person,2,0.0622
119166,000000119166.jpg,500,500,person,4,0.0621
190566,000000190566.jpg,480,640,person,2,0.0621
278858,000000278858.jpg,640,480,person,2,0.0621
335348,000000335348.jpg,640,480,person,2,0.0621
507719,000000507719.jpg,640,551,person,2,0.0621
113233,000000113233.jpg,612,612,person,2,0.062
414422,000000414422.jpg,640,480,person,2,0.062
463451,000000463451.jpg,640,480,person,2,0.062
564745,000000564745.jpg,511,640,person,3,0.062
290812,000000290812.jpg,640,480,person,3,0.0619
493110,000000493110.jpg,640,513,person,3,0.0619
56119,000000056119.jpg,640,497,person,2,0.0618
117377,000000117377.jpg,640,519,person,2,0.0618
164972,000000164972.jpg,480,640,person,2,0.0618
220511,000000220511.jpg,640,563,person,3,0.0618
488014,000000488014.jpg,640,480,person,3,0.0618
565938,000000565938.jpg,640,486,person,3,0.0618
484485,000000484485.jpg,500,500,person,2,0.0617
521210,000000521210.jpg,640,480,person,2,0.0617
77660,000000077660.jpg,640,640,person,3,0.0616
168127,000000168127.jpg,640,480,person,2,0.0616
243044,000000243044.jpg,480,640,person,2,0.0616
433704,000000433704.jpg,640,480,person,3,0.0615
463330,000000463330.jpg,640,480,person,2,0.0615
477587,000000477587.jpg,640,509,person,2,0.0615
247893,000000247893.jpg,480,640,person,3,0.0614
305644,000000305644.jpg,531,640,person,2,0.0613
451969,000000451969.jpg,640,480,person,3,0.0613
512531,000000512531.jpg,566,640,person,2,0.0613
272311,000000272311.jpg,640,480,person,2,0.0612
452702,000000452702.jpg,480,640,person,2,0.0612
576204,000000576204.jpg,480,640,person,2,0.0612
360716,000000360716.jpg,591,640,person,2,0.0611
380057,000000380057.jpg,640,480,person,3,0.0611
380350,000000380350.jpg,640,480,person,2,0.0611
156002,000000156002.jpg,480,640,person,2,0.061
273579,000000273579.jpg,640,480,person,3,0.061
298162,000000298162.jpg,480,640,person,3,0.061
429042,000000429042.jpg,640,480,person,4,0.061
465887,000000465887.jpg,640,480,person,2,0.061
54277,000000054277.jpg,640,480,person,2,0.0609
240147,000000240147.jpg,640,512,person,3,0.0609
273088,000000273088.jpg,640,480,person,2,0.0607
356421,000000356421.jpg,486,640,person,2,0.0607
396137,000000396137.jpg,640,480,person,2,0.0607
446937,000000446937.jpg,640,480,person,3,0.0607
3432,000000003432.jpg,612,612,person,2,0.0606
115314,000000115314.jpg,640,480,person,2,0.0606
149014,000000149014.jpg,640,480,person,2,0.0606
236623,000000236623.jpg,640,513,person,3,0.0606
251741,000000251741.jpg,640,480,person,5,0.0605
352361,000000352361.jpg,512,640,person,2,0.0605
365099,000000365099.jpg,480,640,person,2,0.0605
41658,000000041658.jpg,640,480,person,2,0.0604
298906,000000298906.jpg,523,640,person,4,0.0604
344125,000000344125.jpg,640,480,person,3,0.0604
344180,000000344180.jpg,640,480,person,1,0.0604
426997,000000426997.jpg,640,539,person,2,0.0604
436621,000000436621.jpg,640,480,person,2,0.0604
524047,000000524047.jpg,640,480,person,2,0.0604
483378,000000483378.jpg,640,480,person,3,0.0603
538687,000000538687.jpg,640,480,person,3,0.0603
8553,000000008553.jpg,640,480,person,2,0.0602
142718,000000142718.jpg,640,480,person,6,0.0602
195800,000000195800.jpg,640,480,person,3,0.0602
202431,000000202431.jpg,640,480,person,2,0.0602
537255,000000537255.jpg,640,480,person,2,0.0602
76942,000000076942.jpg,640,480,person,4,0.0601
111536,000000111536.jpg,640,480,person,2,0.0601
245002,000000245002.jpg,640,480,person,3,0.0601
312867,000000312867.jpg,640,480,person,3,0.0601
349134,000000349134.jpg,640,480,person,2,0.0601
418085,000000418085.jpg,640,480,person,4,0.0601
446533,000000446533.jpg,480,640,person,2,0.06
473733,000000473733.jpg,612,612,person,2,0.0599
484599,000000484599.jpg,640,480,person,2,0.0599
33717,000000033717.jpg,640,480,person,3,0.0598
128939,000000128939.jpg,480,640,person,3,0.0597
258330,000000258330.jpg,640,624,person,2,0.0597
445893,000000445893.jpg,640,480,person,2,0.0597
487718,000000487718.jpg,480,640,person,2,0.0597
166424,000000166424.jpg,640,482,person,2,0.0596
247141,000000247141.jpg,640,480,person,2,0.0596
308783,000000308783.jpg,480,640,person,3,0.0596
450362,000000450362.jpg,640,480,person,3,0.0596
514563,000000514563.jpg,640,480,person,5,0.0596
54286,000000054286.jpg,640,480,person,4,0.0595
208817,000000208817.jpg,640,480,person,2,0.0595
362352,000000362352.jpg,561,640,person,2,0.0595
547974,000000547974.jpg,640,480,person,2,0.0595
557016,000000557016.jpg,640,509,person,4,0.0595
125098,000000125098.jpg,480,640,person,4,0.0594
168991,000000168991.jpg,480,640,person,2,0.0594
404139,000000404139.jpg,640,480,person,2,0.0594
445055,000000445055.jpg,640,640,person,2,0.0594
565799,000000565799.jpg,640,480,person,2,0.0594
455665,000000455665.jpg,640,480,person,3,0.0593
29724,000000029724.jpg,634,640,person,2,0.0592
50691,000000050691.jpg,640,480,person,2,0.0592
431052,000000431052.jpg,480,640,person,2,0.0592
478380,000000478380.jpg,640,480,person,3,0.0592
566672,000000566672.jpg,640,480,person,3,0.0592
254060,000000254060.jpg,640,480,person,3,0.0591
330610,000000330610.jpg,480,640,person,2,0.0591
476468,000000476468.jpg,640,640,person,3,0.0591
498733,000000498733.jpg,640,480,person,2,0.0591
41638,000000041638.jpg,480,640,person,2,0.059
124703,000000124703.jpg,480,640,person,2,0.059
160837,000000160837.jpg,481,640,person,2,0.059
297871,000000297871.jpg,640,480,person,2,0.059
71528,000000071528.jpg,640,480,person,2,0.0589
149280,000000149280.jpg,640,480,person,2,0.0589
516239,000000516239.jpg,640,639,person,2,0.0589
122834,000000122834.jpg,640,480,person,4,0.0588
213312,000000213312.jpg,640,480,person,3,0.0588
215719,000000215719.jpg,640,494,person,2,0.0588
262873,000000262873.jpg,480,640,person,2,0.0588
490008,000000490008.jpg,495,640,person,2,0.0588
41356,000000041356.jpg,640,480,person,3,0.0587
230964,000000230964.jpg,640,480,person,2,0.0587
265374,000000265374.jpg,480,640,person,2,0.0587
367784,000000367784.jpg,640,480,person,2,0.0587
473354,000000473354.jpg,640,480,person,2,0.0587
531949,000000531949.jpg,640,480,person,2,0.0587
275938,000000275938.jpg,480,640,person,2,0.0586
500946,000000500946.jpg,640,480,person,3,0.0586
19667,000000019667.jpg,640,640,person,2,0.0585
283203,000000283203.jpg,640,480,person,5,0.0585
385241,000000385241.jpg,480,640,person,2,0.0585
386036,000000386036.jpg,640,597,person,2,0.0585
436370,000000436370.jpg,480,640,person,2,0.0585
469731,000000469731.jpg,640,556,person,2,0.0585
43750,000000043750.jpg,640,480,person,4,0.0584
193875,000000193875.jpg,640,480,person,3,0.0584
383084,000000383084.jpg,612,612,person,2,0.0584
122161,000000122161.jpg,640,480,person,2,0.0583
168580,000000168580.jpg,640,640,person,3,0.0583
191856,000000191856.jpg,494,500,person,2,0.0583
285826,000000285826.jpg,612,612,person,2,0.0583
515792,000000515792.jpg,480,640,person,2,0.0583
518116,000000518116.jpg,640,480,person,2,0.0583
100245,000000100245.jpg,640,480,person,3,0.0581
420939,000000420939.jpg,640,480,person,3,0.0581
19949,000000019949.jpg,496,640,person,2,0.058
92428,000000092428.jpg,640,512,person,3,0.058
159069,000000159069.jpg,640,503,person,3,0.058
403523,000000403523.jpg,640,480,person,3,0.058
419777,000000419777.jpg,640,480,person,2,0.058
440390,000000440390.jpg,640,480,person,3,0.058
390345,000000390345.jpg,640,640,person,2,0.0579
10920,000000010920.jpg,480,640,person,3,0.0578
177726,000000177726.jpg,640,620,person,2,0.0578
281040,000000281040.jpg,612,612,person,2,0.0578
522660,000000522660.jpg,640,480,person,2,0.0578
534975,000000534975.jpg,640,480,person,4,0.0578
25549,000000025549.jpg,640,480,person,3,0.0577
52348,000000052348.jpg,480,640,person,2,0.0577
315908,000000315908.jpg,640,498,person,2,0.0577
117205,000000117205.jpg,500,640,person,4,0.0576
187090,000000187090.jpg,640,640,person,5,0.0576
219486,000000219486.jpg,640,480,person,2,0.0575
134033,000000134033.jpg,640,480,person,3,0.0574
295896,000000295896.jpg,480,640,person,2,0.0574
364522,000000364522.jpg,640,480,person,2,0.0573
471483,000000471483.jpg,640,480,person,3,0.0573
165522,000000165522.jpg,640,480,person,2,0.0572
294426,000000294426.jpg,640,640,person,2,0.0572
394729,000000394729.jpg,640,480,person,2,0.0572
30879,000000030879.jpg,640,480,person,2,0.0571
308900,000000308900.jpg,640,480,person,5,0.0571
316155,000000316155.jpg,640,480,person,2,0.0571
323525,000000323525.jpg,640,480,person,4,0.057
249347,000000249347.jpg,480,640,person,2,0.0569
350874,000000350874.jpg,640,480,person,3,0.0569
159963,000000159963.jpg,640,480,person,3,0.0568
421771,000000421771.jpg,640,480,person,2,0.0568
501926,000000501926.jpg,640,640,person,2,0.0568
86843,000000086843.jpg,480,640,person,2,0.0567
260482,000000260482.jpg,640,485,person,2,0.0567
350460,000000350460.jpg,480,640,person,4,0.0567
578292,000000578292.jpg,480,640,person,3,0.0567
106810,000000106810.jpg,640,480,person,3,0.0566
260024,000000260024.jpg,494,640,person,2,0.0566
266618,000000266618.jpg,640,480,person,3,0.0566
315810,000000315810.jpg,640,480,person,2,0.0566
462241,000000462241.jpg,640,480,person,2,0.0566
515219,000000515219.jpg,640,543,person,3,0.0566
70258,000000070258.jpg,612,612,person,2,0.0565
119555,000000119555.jpg,640,480,person,4,0.0565
406977,000000406977.jpg,640,480,person,2,0.0565
443524,000000443524.jpg,640,557,person,2,0.0565
552504,000000552504.jpg,640,560,person,4,0.0565
86777,000000086777.jpg,640,480,person,4,0.0564
8846,000000008846.jpg,640,480,person,2,0.0563
23480,000000023480.jpg,480,640,person,3,0.0563
173245,000000173245.jpg,640,640,person,2,0.0563
387301,000000387301.jpg,612,612,person,2,0.0563
409208,000000409208.jpg,640,523,person,2,0.0563
497322,000000497322.jpg,640,487,person,2,0.0563
284701,000000284701.jpg,640,480,person,2,0.0562
552446,000000552446.jpg,480,640,person,3,0.0562
206876,000000206876.jpg,640,496,person,3,0.0561
208357,000000208357.jpg,640,480,person,2,0.0561
254816,000000254816.jpg,640,480,person,2,0.0561
345149,000000345149.jpg,640,480,person,2,0.0561
570225,000000570225.jpg,640,480,person,2,0.0561
354656,000000354656.jpg,640,480,person,2,0.056
503674,000000503674.jpg,640,480,person,3,0.056
32700,000000032700.jpg,640,480,person,2,0.0559
437262,000000437262.jpg,640,480,person,3,0.0559
32579,000000032579.jpg,640,480,person,2,0.0558
473095,000000473095.jpg,508,640,person,2,0.0558
482148,000000482148.jpg,640,480,person,3,0.0558
546307,000000546307.jpg,500,500,person,2,0.0558
182746,000000182746.jpg,640,480,person,2,0.0557
452775,000000452775.jpg,640,483,person,3,0.0557
122229,000000122229.jpg,480,640,person,3,0.0556
152668,000000152668.jpg,640,480,person,2,0.0556
260827,000000260827.jpg,640,480,person,2,0.0556
330824,000000330824.jpg,640,480,person,3,0.0556
414934,000000414934.jpg,640,512,person,3,0.0556
114843,000000114843.jpg,640,480,person,2,0.0555
553078,000000553078.jpg,480,640,person,2,0.0555
441840,000000441840.jpg,512,640,person,5,0.0554
169648,000000169648.jpg,640,480,person,2,0.0553
378502,000000378502.jpg,640,480,person,4,0.0553
36252,000000036252.jpg,612,612,person,2,0.0552
155719,000000155719.jpg,480,640,person,2,0.0552
196885,000000196885.jpg,640,480,person,3,0.0552
368885,000000368885.jpg,640,480,person,2,0.0552
403723,000000403723.jpg,640,640,person,3,0.0552
483677,000000483677.jpg,640,480,person,3,0.0552
67847,000000067847.jpg,640,480,person,2,0.0551
266968,000000266968.jpg,612,612,person,2,0.0551
290700,000000290700.jpg,640,628,person,2,0.0551
439188,000000439188.jpg,640,480,person,2,0.0551
69827,000000069827.jpg,640,480,person,3,0.055
175863,000000175863.jpg,480,640,person,3,0.055
36077,000000036077.jpg,640,480,person,4,0.0549
228677,000000228677.jpg,640,480,person,3,0.0549
254164,000000254164.jpg,639,640,person,1,0.0549
272544,000000272544.jpg,640,480,person,2,0.0549
394784,000000394784.jpg,496,640,person,2,0.0549
401054,000000401054.jpg,480,640,person,2,0.0549
502104,000000502104.jpg,556,640,person,3,0.0549
556089,000000556089.jpg,640,480,person,5,0.0549
85092,000000085092.jpg,640,480,person,2,0.0548
355000,000000355000.jpg,640,497,person,3,0.0548
443075,000000443075.jpg,534,640,person,3,0.0548
478522,000000478522.jpg,640,608,person,2,0.0548
562101,000000562101.jpg,640,480,person,2,0.0548
62031,000000062031.jpg,640,480,person,2,0.0547
273230,000000273230.jpg,480,640,person,2,0.0547
362766,000000362766.jpg,640,484,person,2,0.0547
573549,000000573549.jpg,480,640,person,3,0.0547
194450,000000194450.jpg,480,640,person,3,0.0546
258023,000000258023.jpg,640,480,person,2,0.0546
565921,000000565921.jpg,640,480,person,2,0.0545
577265,000000577265.jpg,640,510,person,2,0.0545
180047,000000180047.jpg,640,480,person,2,0.0543
249198,000000249198.jpg,640,480,person,2,0.0543
290946,000000290946.jpg,612,612,person,2,0.0543
335839,000000335839.jpg,640,480,person,2,0.0543
40449,000000040449.jpg,640,480,person,2,0.0542
239196,000000239196.jpg,482,640,person,3,0.0542
372592,000000372592.jpg,480,640,person,2,0.0542
470513,000000470513.jpg,640,640,person,2,0.0542
472234,000000472234.jpg,640,480,person,2,0.0542
549284,000000549284.jpg,515,640,person,2,0.0542
281105,000000281105.jpg,640,480,person,4,0.0541
398817,000000398817.jpg,640,480,person,2,0.0541
98098,000000098098.jpg,640,480,person,2,0.054
353046,000000353046.jpg,480,640,person,2,0.054
382288,000000382288.jpg,640,480,person,2,0.054
36810,000000036810.jpg,640,480,person,3,0.0539
117690,000000117690.jpg,640,494,person,3,0.0539
246608,000000246608.jpg,612,612,person,2,0.0539
564936,000000564936.jpg,640,480,person,3,0.0539
412687,000000412687.jpg,640,480,person,3,0.0538
189005,000000189005.jpg,612,612,person,2,0.0537
428248,000000428248.jpg,526,640,person,2,0.0537
536776,000000536776.jpg,640,480,person,2,0.0537
576239,000000576239.jpg,640,480,person,5,0.0537
98038,000000098038.jpg,640,480,person,5,0.0536
195731,000000195731.jpg,640,480,person,2,0.0536
314285,000000314285.jpg,640,480,person,2,0.0536
6338,000000006338.jpg,640,480,person,2,0.0535
68291,000000068291.jpg,480,640,person,2,0.0535
71908,000000071908.jpg,499,500,person,2,0.0535
554490,000000554490.jpg,519,640,person,3,0.0535
51574,000000051574.jpg,500,583,person,1,0.0534
92274,000000092274.jpg,640,480,person,2,0.0534
105600,000000105600.jpg,480,640,person,2,0.0534
109819,000000109819.jpg,640,480,person,7,0.0534
122157,000000122157.jpg,640,480,person,2,0.0534
301746,000000301746.jpg,640,480,person,4,0.0534
354579,000000354579.jpg,640,489,person,2,0.0534
377837,000000377837.jpg,528,604,person,2,0.0534
562916,000000562916.jpg,640,640,person,3,0.0534
564489,000000564489.jpg,640,480,person,3,0.0534
289738,000000289738.jpg,640,480,person,2,0.0533
522198,000000522198.jpg,640,640,person,2,0.0533
212483,000000212483.jpg,640,557,person,3,0.0532
526082,000000526082.jpg,640,480,person,2,0.0532
127240,000000127240.jpg,640,480,person,2,0.0531
329654,000000329654.jpg,499,640,person,2,0.0531
388311,000000388311.jpg,640,564,person,4,0.0531
414744,000000414744.jpg,640,480,person,4,0.0531
420308,000000420308.jpg,640,480,person,2,0.0531
561795,000000561795.jpg,640,480,person,2,0.0531
447767,000000447767.jpg,612,612,person,2,0.053
469650,000000469650.jpg,640,640,person,2,0.053
77821,000000077821.jpg,640,480,person,2,0.0529
108865,000000108865.jpg,640,640,person,2,0.0529
183988,000000183988.jpg,640,480,person,2,0.0529
304834,000000304834.jpg,640,480,person,2,0.0529
358361,000000358361.jpg,555,640,person,3,0.0529
460837,000000460837.jpg,480,640,person,2,0.0529
517655,000000517655.jpg,640,480,person,2,0.0529
168106,000000168106.jpg,640,480,person,2,0.0528
225164,000000225164.jpg,640,480,person,2,0.0528
290350,000000290350.jpg,512,640,person,2,0.0528
359099,000000359099.jpg,640,480,person,2,0.0528
432865,000000432865.jpg,512,640,person,2,0.0528
435479,000000435479.jpg,640,640,person,2,0.0528
91902,000000091902.jpg,612,612,person,2,0.0527
187976,000000187976.jpg,640,636,person,2,0.0527
391748,000000391748.jpg,640,480,person,2,0.0527
506561,000000506561.jpg,640,480,person,2,0.0527
278853,000000278853.jpg,640,480,person,2,0.0526
440358,000000440358.jpg,640,480,person,2,0.0526
460129,000000460129.jpg,640,488,person,2,0.0526
530875,000000530875.jpg,480,640,person,2,0.0526
302767,000000302767.jpg,640,480,person,2,0.0525
333575,000000333575.jpg,640,481,person,2,0.0525
415153,000000415153.jpg,640,480,person,2,0.0525
507935,000000507935.jpg,640,480,person,2,0.0525
168622,000000168622.jpg,640,480,person,3,0.0524
183895,000000183895.jpg,640,480,person,2,0.0524
323104,000000323104.jpg,489,640,person,2,0.0524
371531,000000371531.jpg,640,480,person,2,0.0524
305423,000000305423.jpg,636,640,person,3,0.0523
419120,000000419120.jpg,640,506,person,2,0.0523
8771,000000008771.jpg,640,480,person,2,0.0522
116512,000000116512.jpg,612,612,person,3,0.0522
150981,000000150981.jpg,640,480,person,3,0.0522
437806,000000437806.jpg,640,637,person,2,0.0522
308847,000000308847.jpg,640,480,person,3,0.0521
180494,000000180494.jpg,640,480,person,3,0.052
49592,000000049592.jpg,640,480,person,3,0.0519
174390,000000174390.jpg,640,480,person,2,0.0519
208095,000000208095.jpg,640,480,person,2,0.0519
413073,000000413073.jpg,640,480,person,2,0.0519
455717,000000455717.jpg,640,480,person,2,0.0519
22487,000000022487.jpg,640,480,person,2,0.0518
216861,000000216861.jpg,640,482,person,3,0.0518
401429,000000401429.jpg,640,480,person,2,0.0518
87070,000000087070.jpg,640,487,person,1,0.0517
370380,000000370380.jpg,640,480,person,4,0.0517
372554,000000372554.jpg,640,480,person,2,0.0517
396638,000000396638.jpg,640,480,person,2,0.0517
512816,000000512816.jpg,640,480,person,2,0.0517
143158,000000143158.jpg,640,480,person,3,0.0516
163085,000000163085.jpg,640,480,person,2,0.0516
335434,000000335434.jpg,640,480,person,2,0.0516
402916,000000402916.jpg,640,640,person,2,0.0516
408103,000000408103.jpg,640,480,person,2,0.0516
23779,000000023779.jpg,640,480,person,2,0.0515
41771,000000041771.jpg,640,480,person,2,0.0515
162578,000000162578.jpg,640,480,person,3,0.0515
304459,000000304459.jpg,640,526,person,2,0.0515
471117,000000471117.jpg,640,481,person,3,0.0515
23089,000000023089.jpg,640,480,person,4,0.0514
218711,000000218711.jpg,640,480,person,4,0.0514
288860,000000288860.jpg,640,480,person,2,0.0514
325095,000000325095.jpg,640,480,person,2,0.0514
504006,000000504006.jpg,482,500,person,3,0.0514
528840,000000528840.jpg,640,480,person,2,0.0514
218284,000000218284.jpg,640,480,person,2,0.0513
308172,000000308172.jpg,640,480,person,3,0.0513
366994,000000366994.jpg,480,640,person,4,0.0513
218242,000000218242.jpg,505,640,person,3,0.0512
287903,000000287903.jpg,640,640,person,3,0.0512
431536,000000431536.jpg,640,480,person,2,0.0512
448547,000000448547.jpg,640,480,person,2,0.0512
536782,000000536782.jpg,640,640,person,2,0.0512
66755,000000066755.jpg,640,480,person,2,0.0511
400094,000000400094.jpg,640,480,person,2,0.0511
495367,000000495367.jpg,640,480,person,2,0.0511
91581,000000091581.jpg,640,480,person,2,0.051
427612,000000427612.jpg,640,480,person,2,0.051
8339,000000008339.jpg,640,501,person,6,0.0509
10024,000000010024.jpg,480,640,person,2,0.0509
144394,000000144394.jpg,640,498,person,2,0.0509
294182,000000294182.jpg,500,500,person,3,0.0509
335784,000000335784.jpg,640,511,person,3,0.0509
176891,000000176891.jpg,480,640,person,2,0.0508
248925,000000248925.jpg,612,612,person,2,0.0508
491467,000000491467.jpg,480,640,person,4,0.0508
359396,000000359396.jpg,640,480,person,2,0.0507
81819,000000081819.jpg,480,640,person,3,0.0506
108042,000000108042.jpg,640,480,person,2,0.0506
389048,000000389048.jpg,640,480,person,4,0.0506
295362,000000295362.jpg,497,640,person,2,0.0505
468603,000000468603.jpg,640,480,person,2,0.0505
258364,000000258364.jpg,640,480,person,5,0.0504
410754,000000410754.jpg,640,480,person,2,0.0504
483089,000000483089.jpg,640,480,person,2,0.0503
554537,000000554537.jpg,640,547,person,4,0.0503
34800,000000034800.jpg,640,480,person,2,0.0502
350720,000000350720.jpg,640,511,person,2,0.0502
386850,000000386850.jpg,640,480,person,2,0.0502
467875,000000467875.jpg,640,480,person,2,0.0502
64705,000000064705.jpg,640,480,person,2,0.0501
294659,000000294659.jpg,640,481,person,2,0.0501
529500,000000529500.jpg,640,480,person,2,0.0501
300748,000000300748.jpg,640,480,person,2,0.05
514553,000000514553.jpg,640,543,person,2,0.05
53275,000000053275.jpg,559,640,person,2,0.0499
85706,000000085706.jpg,640,480,person,3,0.0499
156043,000000156043.jpg,640,480,person,2,0.0499
232054,000000232054.jpg,511,640,person,3,0.0499
269263,000000269263.jpg,612,612,person,2,0.0499
340247,000000340247.jpg,640,480,person,2,0.0499
463839,000000463839.jpg,640,480,person,3,0.0499
495557,000000495557.jpg,640,480,person,2,0.0499
148860,000000148860.jpg,640,480,person,2,0.0498
165680,000000165680.jpg,640,480,person,2,0.0498
286036,000000286036.jpg,640,480,person,2,0.0498
291550,000000291550.jpg,480,640,person,3,0.0498
327625,000000327625.jpg,640,480,person,4,0.0498
374368,000000374368.jpg,480,640,person,2,0.0498
79459,000000079459.jpg,640,480,person,3,0.0497
373905,000000373905.jpg,480,640,person,2,0.0497
376773,000000376773.jpg,640,480,person,3,0.0497
487036,000000487036.jpg,640,480,person,3,0.0497
513054,000000513054.jpg,640,480,person,3,0.0497
551518,000000551518.jpg,480,640,person,2,0.0497
370851,000000370851.jpg,640,480,person,3,0.0496
375531,000000375531.jpg,640,480,person,3,0.0496
144935,000000144935.jpg,640,480,person,2,0.0495
496058,000000496058.jpg,640,480,person,2,0.0495
112478,000000112478.jpg,640,480,person,2,0.0494
113846,000000113846.jpg,640,480,person,2,0.0494
262746,000000262746.jpg,640,480,person,1,0.0494
345998,000000345998.jpg,480,640,person,2,0.0494
482748,000000482748.jpg,480,640,person,2,0.0494
489723,000000489723.jpg,640,480,person,2,0.0494
580933,000000580933.jpg,640,512,person,3,0.0494
54712,000000054712.jpg,640,480,person,2,0.0493
137622,000000137622.jpg,640,480,person,3,0.0493
277341,000000277341.jpg,612,612,person,2,0.0493
178429,000000178429.jpg,640,489,person,2,0.0492
373318,000000373318.jpg,640,511,person,2,0.0492
434135,000000434135.jpg,640,480,person,2,0.0492
95518,000000095518.jpg,640,480,person,2,0.0491
102910,000000102910.jpg,640,481,person,3,0.0491
260639,000000260639.jpg,480,640,person,3,0.0491
332851,000000332851.jpg,640,480,person,2,0.0491
509749,000000509749.jpg,640,480,person,2,0.0491
510358,000000510358.jpg,640,480,person,3,0.0491
3326,000000003326.jpg,640,480,person,2,0.049
80808,000000080808.jpg,640,480,person,6,0.049
474054,000000474054.jpg,480,640,person,3,0.049
474984,000000474984.jpg,640,480,person,3,0.049
72944,000000072944.jpg,640,480,person,2,0.0489
538858,000000538858.jpg,640,480,person,3,0.0489
3770,000000003770.jpg,516,640,person,3,0.0488
43513,000000043513.jpg,640,480,person,3,0.0488
242620,000000242620.jpg,640,504,person,2,0.0488
262917,000000262917.jpg,640,480,person,2,0.0488
442857,000000442857.jpg,480,640,person,2,0.0488
83925,000000083925.jpg,640,480,person,3,0.0487
211735,000000211735.jpg,640,480,person,2,0.0487
347509,000000347509.jpg,640,513,person,2,0.0487
414733,000000414733.jpg,480,640,person,2,0.0487
507882,000000507882.jpg,640,480,person,3,0.0487
64244,000000064244.jpg,640,480,person,3,0.0486
216987,000000216987.jpg,640,480,person,2,0.0486
270234,000000270234.jpg,640,480,person,3,0.0486
320803,000000320803.jpg,640,480,person,2,0.0486
128885,000000128885.jpg,640,480,person,2,0.0485
369838,000000369838.jpg,640,480,person,3,0.0485
412899,000000412899.jpg,640,480,person,3,0.0485
463242,000000463242.jpg,627,640,person,2,0.0485
42339,000000042339.jpg,640,513,person,2,0.0484
130992,000000130992.jpg,640,480,person,2,0.0484
531423,000000531423.jpg,640,527,person,3,0.0484
300441,000000300441.jpg,640,480,person,3,0.0483
352185,000000352185.jpg,640,480,person,5,0.0483
443033,000000443033.jpg,640,480,person,2,0.0483
29558,000000029558.jpg,640,480,person,2,0.0482
29626,000000029626.jpg,640,480,person,2,0.0482
220568,000000220568.jpg,640,480,person,3,0.0482
432657,000000432657.jpg,640,480,person,3,0.0482
438028,000000438028.jpg,480,640,person,2,0.0482
233102,000000233102.jpg,640,480,person,2,0.0481
402833,000000402833.jpg,640,480,person,2,0.0481
568023,000000568023.jpg,480,640,person,2,0.0481
17869,000000017869.jpg,640,480,person,2,0.048
33127,000000033127.jpg,640,508,person,2,0.048
123552,000000123552.jpg,480,640,person,4,0.048
313674,000000313674.jpg,640,480,person,2,0.048
392827,000000392827.jpg,640,480,person,3,0.048
514483,000000514483.jpg,640,511,person,3,0.048
209433,000000209433.jpg,640,480,person,2,0.0479
91123,000000091123.jpg,640,480,person,3,0.0477
442641,000000442641.jpg,640,480,person,2,0.0477
11996,000000011996.jpg,640,480,person,2,0.0476
66397,000000066397.jpg,640,480,person,2,0.0476
196116,000000196116.jpg,493,640,person,3,0.0476
290839,000000290839.jpg,640,480,person,3,0.0476
521944,000000521944.jpg,640,480,person,3,0.0476
176179,000000176179.jpg,640,480,person,2,0.0475
490366,000000490366.jpg,640,480,person,2,0.0475
17311,000000017311.jpg,640,480,person,3,0.0474
403571,000000403571.jpg,480,640,person,2,0.0474
520448,000000520448.jpg,509,640,person,2,0.0474
158099,000000158099.jpg,640,480,person,2,0.0473
185141,000000185141.jpg,640,549,person,2,0.0473
413634,000000413634.jpg,640,480,person,2,0.0473
49363,000000049363.jpg,492,500,person,3,0.0471
260917,000000260917.jpg,640,512,person,2,0.0471
328162,000000328162.jpg,640,512,person,2,0.0471
84276,000000084276.jpg,640,480,person,3,0.047
214966,000000214966.jpg,640,573,person,2,0.047
284160,000000284160.jpg,640,480,person,4,0.047
382058,000000382058.jpg,640,480,person,2,0.047
415889,000000415889.jpg,640,634,person,2,0.047
151259,000000151259.jpg,640,601,person,2,0.0469
210857,000000210857.jpg,640,480,person,3,0.0469
305647,000000305647.jpg,480,640,person,3,0.0469
540864,000000540864.jpg,640,498,person,3,0.0469
80336,000000080336.jpg,640,480,person,2,0.0468
287567,000000287567.jpg,604,640,person,2,0.0468
400710,000000400710.jpg,640,480,person,2,0.0468
9450,000000009450.jpg,640,480,person,2,0.0467
27157,000000027157.jpg,640,480,person,2,0.0467
351477,000000351477.jpg,640,480,person,2,0.0467
361382,000000361382.jpg,640,480,person,2,0.0467
414873,000000414873.jpg,640,480,person,2,0.0467
1369,000000001369.jpg,640,480,person,2,0.0466
129758,000000129758.jpg,640,563,person,2,0.0466
214972,000000214972.jpg,640,480,person,3,0.0466
395164,000000395164.jpg,640,480,person,2,0.0466
405216,000000405216.jpg,640,480,person,2,0.0466
532979,000000532979.jpg,480,640,person,1,0.0466
13943,000000013943.jpg,640,480,person,3,0.0465
148188,000000148188.jpg,640,480,person,2,0.0465
190991,000000190991.jpg,506,640,person,2,0.0465
229127,000000229127.jpg,640,512,person,3,0.0465
401816,000000401816.jpg,640,480,person,2,0.0465
418429,000000418429.jpg,640,496,person,3,0.0465
545696,000000545696.jpg,640,480,person,2,0.0465
181176,000000181176.jpg,640,480,person,5,0.0464
467479,000000467479.jpg,640,480,person,2,0.0464
515785,000000515785.jpg,640,480,person,2,0.0464
578962,000000578962.jpg,640,480,person,7,0.0464
38029,000000038029.jpg,640,487,person,3,0.0463
73936,000000073936.jpg,480,640,person,2,0.0463
219841,000000219841.jpg,640,551,person,3,0.0463
255660,000000255660.jpg,640,480,person,2,0.0463
341017,000000341017.jpg,640,480,person,3,0.0463
359147,000000359147.jpg,640,640,person,2,0.0463
497662,000000497662.jpg,640,480,person,2,0.0463
152211,000000152211.jpg,512,640,person,2,0.0462
275125,000000275125.jpg,640,480,person,2,0.0462
442506,000000442506.jpg,640,480,person,5,0.0462
488753,000000488753.jpg,640,480,person,3,0.0462
510813,000000510813.jpg,640,480,person,3,0.0462
8504,000000008504.jpg,480,640,person,3,0.0461
369191,000000369191.jpg,511,640,person,3,0.0461
47867,000000047867.jpg,640,480,person,3,0.046
91917,000000091917.jpg,612,612,person,4,0.046
155998,000000155998.jpg,640,480,person,2,0.046
194456,000000194456.jpg,640,508,person,2,0.046
296033,000000296033.jpg,640,480,person,2,0.046
453512,000000453512.jpg,640,480,person,2,0.046
532200,000000532200.jpg,510,640,person,2,0.046
24621,000000024621.jpg,486,640,person,3,0.0459
32760,000000032760.jpg,640,482,person,3,0.0459
43806,000000043806.jpg,640,480,person,2,0.0459
282045,000000282045.jpg,640,534,person,2,0.0459
494620,000000494620.jpg,640,489,person,2,0.0459
490847,000000490847.jpg,640,480,person,2,0.0457
22671,000000022671.jpg,640,480,person,3,0.0456
27070,000000027070.jpg,640,480,person,2,0.0456
319738,000000319738.jpg,640,480,person,3,0.0456
520043,000000520043.jpg,640,480,person,3,0.0456
551631,000000551631.jpg,640,480,person,2,0.0456
321709,000000321709.jpg,640,480,person,4,0.0455
472872,000000472872.jpg,640,480,person,2,0.0455
154685,000000154685.jpg,640,519,person,2,0.0454
262688,000000262688.jpg,640,480,person,3,0.0454
470189,000000470189.jpg,640,480,person,4,0.0454
550601,000000550601.jpg,640,480,person,3,0.0454
158841,000000158841.jpg,640,480,person,2,0.0453
271760,000000271760.jpg,640,480,person,2,0.0453
317730,000000317730.jpg,480,640,person,3,0.0453
393544,000000393544.jpg,640,590,person,3,0.0453
441338,000000441338.jpg,607,640,person,4,0.0453
557952,000000557952.jpg,640,480,person,3,0.0453
77902,000000077902.jpg,480,640,person,1,0.0452
118272,000000118272.jpg,640,508,person,3,0.0452
232691,000000232691.jpg,480,640,person,2,0.0452
315094,000000315094.jpg,640,480,person,2,0.0452
458453,000000458453.jpg,640,480,person,3,0.0452
63240,000000063240.jpg,602,640,person,2,0.0451
73120,000000073120.jpg,640,480,person,2,0.0451
159601,000000159601.jpg,640,480,person,3,0.0451
164493,000000164493.jpg,640,640,person,2,0.0451
271996,000000271996.jpg,640,480,person,2,0.0451
555648,000000555648.jpg,640,480,person,3,0.0451
562817,000000562817.jpg,640,480,person,3,0.0451
177829,000000177829.jpg,640,480,person,4,0.045
440066,000000440066.jpg,480,640,person,2,0.045
551159,000000551159.jpg,640,640,person,2,0.045
123155,000000123155.jpg,640,480,person,2,0.0449
231667,000000231667.jpg,480,640,person,2,0.0449
295358,000000295358.jpg,640,480,person,3,0.0449
125390,000000125390.jpg,640,480,person,2,0.0448
282431,000000282431.jpg,640,480,person,3,0.0448
423668,000000423668.jpg,640,484,person,3,0.0448
290941,000000290941.jpg,640,486,person,2,0.0447
469878,000000469878.jpg,640,480,person,2,0.0447
80140,000000080140.jpg,640,480,person,2,0.0446
153042,000000153042.jpg,640,480,person,2,0.0446
183233,000000183233.jpg,640,480,person,4,0.0446
301362,000000301362.jpg,640,480,person,2,0.0446
338086,000000338086.jpg,640,480,person,4,0.0446
452428,000000452428.jpg,640,640,person,2,0.0446
10142,000000010142.jpg,640,480,person,2,0.0445
112941,000000112941.jpg,640,480,person,2,0.0445
224244,000000224244.jpg,480,640,person,2,0.0445
285292,000000285292.jpg,640,640,person,3,0.0444
418106,000000418106.jpg,640,480,person,2,0.0444
580381,000000580381.jpg,640,480,person,2,0.0444
417556,000000417556.jpg,640,480,person,3,0.0443
428412,000000428412.jpg,640,480,person,3,0.0443
553561,000000553561.jpg,640,480,person,3,0.0443
188946,000000188946.jpg,480,640,person,2,0.0442
281213,000000281213.jpg,640,480,person,2,0.0442
392358,000000392358.jpg,640,512,person,4,0.0442
410283,000000410283.jpg,640,480,person,2,0.0442
170439,000000170439.jpg,640,506,person,2,0.0441
333629,000000333629.jpg,640,480,person,2,0.0441
491118,000000491118.jpg,640,480,person,2,0.0441
495117,000000495117.jpg,640,503,person,5,0.0441
15097,000000015097.jpg,556,640,person,2,0.044
25352,000000025352.jpg,484,640,person,2,0.044
473985,000000473985.jpg,640,480,person,3,0.044
121047,000000121047.jpg,640,480,person,2,0.0439
408190,000000408190.jpg,640,640,person,2,0.0439
458596,000000458596.jpg,640,480,person,3,0.0439
1527,000000001527.jpg,640,480,person,2,0.0438
127990,000000127990.jpg,480,640,person,2,0.0438
136700,000000136700.jpg,640,480,person,3,0.0438
508985,000000508985.jpg,640,538,person,5,0.0438
67849,000000067849.jpg,640,480,person,2,0.0437
400829,000000400829.jpg,640,480,person,2,0.0437
401583,000000401583.jpg,640,480,person,2,0.0437
448701,000000448701.jpg,546,640,person,2,0.0437
72737,000000072737.jpg,480,640,person,2,0.0436
284406,000000284406.jpg,640,480,person,2,0.0436
114661,000000114661.jpg,568,640,person,2,0.0435
204049,000000204049.jpg,640,480,person,2,0.0435
345937,000000345937.jpg,640,480,person,2,0.0435
522309,000000522309.jpg,640,480,person,2,0.0435
29045,000000029045.jpg,640,480,person,2,0.0434
246750,000000246750.jpg,640,480,person,2,0.0434
411705,000000411705.jpg,640,480,person,2,0.0434
7932,000000007932.jpg,480,640,person,2,0.0433
179480,000000179480.jpg,640,480,person,2,0.0433
205274,000000205274.jpg,640,480,person,2,0.0433
395576,000000395576.jpg,640,480,person,2,0.0433
577975,000000577975.jpg,639,640,person,2,0.0433
7503,000000007503.jpg,640,495,person,3,0.0432
77310,000000077310.jpg,640,506,person,3,0.0432
81798,000000081798.jpg,640,480,person,2,0.0432
124834,000000124834.jpg,640,480,person,2,0.0432
232025,000000232025.jpg,640,480,person,2,0.0432
286813,000000286813.jpg,640,480,person,2,0.0432
340929,000000340929.jpg,640,480,person,2,0.0432
406938,000000406938.jpg,640,480,person,3,0.0432
447553,000000447553.jpg,480,640,person,2,0.0432
475159,000000475159.jpg,640,480,person,2,0.0432
485185,000000485185.jpg,640,480,person,2,0.0432
559382,000000559382.jpg,640,480,person,4,0.0432
91360,000000091360.jpg,493,640,person,2,0.0431
571485,000000571485.jpg,640,506,person,2,0.0431
319161,000000319161.jpg,480,640,person,3,0.043
357203,000000357203.jpg,640,625,person,2,0.043
47387,000000047387.jpg,640,480,person,5,0.0429
343282,000000343282.jpg,640,480,person,3,0.0429
267798,000000267798.jpg,640,480,person,3,0.0428
178683,000000178683.jpg,614,640,person,3,0.0427
253121,000000253121.jpg,640,480,person,2,0.0427
506039,000000506039.jpg,640,480,person,2,0.0427
561745,000000561745.jpg,640,480,person,4,0.0427
562850,000000562850.jpg,612,612,person,2,0.0427
67004,000000067004.jpg,640,640,person,3,0.0426
473928,000000473928.jpg,640,480,person,4,0.0426
527263,000000527263.jpg,612,612,person,2,0.0426
529838,000000529838.jpg,640,480,person,2,0.0426
104452,000000104452.jpg,640,480,person,2,0.0425
197130,000000197130.jpg,640,480,person,2,0.0425
209383,000000209383.jpg,640,640,person,2,0.0425
335670,000000335670.jpg,640,480,person,4,0.0425
345751,000000345751.jpg,640,521,person,2,0.0425
461255,000000461255.jpg,590,640,person,3,0.0425
278352,000000278352.jpg,640,480,person,2,0.0424
408288,000000408288.jpg,486,640,person,2,0.0424
571564,000000571564.jpg,640,480,person,2,0.0424
275215,000000275215.jpg,640,480,person,2,0.0423
102111,000000102111.jpg,640,480,person,2,0.0422
522868,000000522868.jpg,640,480,person,3,0.0422
102159,000000102159.jpg,480,640,person,2,0.0421
124861,000000124861.jpg,640,484,person,2,0.0421
399885,000000399885.jpg,480,640,person,2,0.0421
450182,000000450182.jpg,640,480,person,4,0.0421
515572,000000515572.jpg,640,480,person,2,0.0421
540577,000000540577.jpg,640,480,person,2,0.0421
229935,000000229935.jpg,640,562,person,2,0.042
231932,000000231932.jpg,640,480,person,3,0.042
492251,000000492251.jpg,612,612,person,2,0.042
91759,000000091759.jpg,612,612,person,2,0.0419
107097,000000107097.jpg,640,480,person,4,0.0419
218704,000000218704.jpg,480,640,person,2,0.0419
221212,000000221212.jpg,480,640,person,2,0.0419
253054,000000253054.jpg,640,480,person,6,0.0419
438888,000000438888.jpg,640,480,person,2,0.0419
539386,000000539386.jpg,640,574,person,2,0.0419
32533,000000032533.jpg,634,640,person,5,0.0418
124567,000000124567.jpg,640,480,person,3,0.0418
129557,000000129557.jpg,640,480,person,2,0.0418
321516,000000321516.jpg,640,601,person,6,0.0418
569431,000000569431.jpg,480,640,person,2,0.0418
48595,000000048595.jpg,640,480,person,3,0.0417
96414,000000096414.jpg,640,480,person,3,0.0417
143168,000000143168.jpg,640,480,person,4,0.0417
337527,000000337527.jpg,640,558,person,2,0.0417
455860,000000455860.jpg,640,480,person,3,0.0417
468249,000000468249.jpg,640,512,person,2,0.0417
512298,000000512298.jpg,640,480,person,2,0.0417
244254,000000244254.jpg,640,480,person,2,0.0416
252744,000000252744.jpg,640,516,person,2,0.0416
405365,000000405365.jpg,640,480,person,2,0.0416
445074,000000445074.jpg,480,640,person,2,0.0416
32678,000000032678.jpg,565,640,person,2,0.0415
142646,000000142646.jpg,640,480,person,2,0.0415
165852,000000165852.jpg,640,480,person,4,0.0415
216386,000000216386.jpg,640,480,person,2,0.0415
254789,000000254789.jpg,640,480,person,3,0.0415
304919,000000304919.jpg,640,480,person,3,0.0415
310890,000000310890.jpg,640,480,person,2,0.0415
391721,000000391721.jpg,640,480,person,2,0.0415
455523,000000455523.jpg,640,480,person,3,0.0415
498687,000000498687.jpg,640,619,person,3,0.0415
145208,000000145208.jpg,640,640,person,2,0.0414
226424,000000226424.jpg,640,480,person,2,0.0414
307835,000000307835.jpg,640,480,person,3,0.0413
336994,000000336994.jpg,480,640,person,2,0.0413
525039,000000525039.jpg,640,480,person,2,0.0413
121792,000000121792.jpg,640,486,person,1,0.0412
210537,000000210537.jpg,640,480,person,1,0.0412
132944,000000132944.jpg,640,634,person,3,0.0411
63875,000000063875.jpg,640,480,person,2,0.041
521822,000000521822.jpg,480,640,person,2,0.041
250167,000000250167.jpg,640,480,person,2,0.0409
283101,000000283101.jpg,640,480,person,2,0.0409
422661,000000422661.jpg,640,480,person,3,0.0409
138095,000000138095.jpg,640,492,person,3,0.0408
216856,000000216856.jpg,480,640,person,3,0.0408
398279,000000398279.jpg,518,640,person,2,0.0408
498525,000000498525.jpg,640,516,person,2,0.0408
558424,000000558424.jpg,493,500,person,2,0.0408
58325,000000058325.jpg,640,480,person,2,0.0407
91867,000000091867.jpg,640,617,person,2,0.0407
138641,000000138641.jpg,560,640,person,2,0.0407
151877,000000151877.jpg,640,616,person,6,0.0407
313234,000000313234.jpg,640,541,person,5,0.0407
413079,000000413079.jpg,640,480,person,3,0.0407
440311,000000440311.jpg,640,480,person,2,0.0407
500194,000000500194.jpg,480,640,person,2,0.0407
97296,000000097296.jpg,640,638,person,4,0.0406
300863,000000300863.jpg,612,612,person,2,0.0406
20779,000000020779.jpg,640,480,person,2,0.0405
24609,000000024609.jpg,640,480,person,2,0.0405
78469,000000078469.jpg,640,502,person,4,0.0405
166750,000000166750.jpg,640,480,person,4,0.0405
249809,000000249809.jpg,640,480,person,2,0.0405
280420,000000280420.jpg,640,511,person,2,0.0405
47659,000000047659.jpg,640,480,person,5,0.0404
263613,000000263613.jpg,498,640,person,3,0.0404
299593,000000299593.jpg,640,480,person,4,0.0404
176278,000000176278.jpg,640,480,person,4,0.0403
235479,000000235479.jpg,640,480,person,2,0.0403
440387,000000440387.jpg,640,480,person,3,0.0403
2754,000000002754.jpg,640,480,person,4,0.0402
28417,000000028417.jpg,640,480,person,2,0.0402
45920,000000045920.jpg,480,640,person,2,0.0402
110460,000000110460.jpg,640,499,person,3,0.0402
256569,000000256569.jpg,640,480,person,2,0.0402
330400,000000330400.jpg,480,640,person,2,0.0402
378081,000000378081.jpg,640,517,person,3,0.0402
493196,000000493196.jpg,640,480,person,2,0.0402
513052,000000513052.jpg,512,640,person,2,0.0402
545525,000000545525.jpg,480,640,person,2,0.0402
14835,000000014835.jpg,640,480,person,2,0.04
69480,000000069480.jpg,640,512,person,3,0.04
124408,000000124408.jpg,640,480,person,2,0.04
131485,000000131485.jpg,480,640,person,2,0.04
214491,000000214491.jpg,640,480,person,3,0.04
187396,000000187396.jpg,640,509,person,3,0.0399
193504,000000193504.jpg,640,480,person,2,0.0399
268100,000000268100.jpg,640,480,person,2,0.0399
442136,000000442136.jpg,640,480,person,2,0.0399
34500,000000034500.jpg,640,480,person,3,0.0398
107035,000000107035.jpg,640,483,person,2,0.0398
184614,000000184614.jpg,640,480,person,2,0.0398
244539,000000244539.jpg,640,480,person,2,0.0398
292188,000000292188.jpg,640,481,person,4,0.0398
433232,000000433232.jpg,633,640,person,3,0.0398
245235,000000245235.jpg,640,480,person,2,0.0397
426209,000000426209.jpg,581,575,person,4,0.0396
465855,000000465855.jpg,640,496,person,2,0.0396
289474,000000289474.jpg,640,480,person,2,0.0395
327234,000000327234.jpg,640,480,person,2,0.0395
408674,000000408674.jpg,480,640,person,3,0.0395
147735,000000147735.jpg,640,640,person,2,0.0394
581886,000000581886.jpg,640,481,person,2,0.0394
287337,000000287337.jpg,640,480,person,3,0.0393
308744,000000308744.jpg,640,480,person,2,0.0393
551763,000000551763.jpg,612,612,person,2,0.0393
221202,000000221202.jpg,640,485,person,2,0.0392
165643,000000165643.jpg,640,480,person,2,0.0391
171819,000000171819.jpg,612,612,person,2,0.0391
435012,000000435012.jpg,640,480,person,2,0.0391
63949,000000063949.jpg,640,480,person,2,0.039
145834,000000145834.jpg,640,480,person,2,0.039
243017,000000243017.jpg,640,480,person,4,0.039
406659,000000406659.jpg,480,640,person,3,0.039
564314,000000564314.jpg,640,509,person,2,0.039
226039,000000226039.jpg,480,640,person,2,0.0389
326550,000000326550.jpg,625,640,person,2,0.0389
397987,000000397987.jpg,640,581,person,2,0.0389
544857,000000544857.jpg,640,480,person,2,0.0389
561849,000000561849.jpg,640,480,person,2,0.0389
563437,000000563437.jpg,640,480,person,2,0.0389
265256,000000265256.jpg,640,480,person,2,0.0388
273245,000000273245.jpg,640,512,person,3,0.0388
284421,000000284421.jpg,640,480,person,2,0.0388
436143,000000436143.jpg,640,601,person,4,0.0388
94427,000000094427.jpg,640,480,person,2,0.0387
187349,000000187349.jpg,640,480,person,6,0.0387
242677,000000242677.jpg,640,480,person,4,0.0387
279806,000000279806.jpg,640,640,person,2,0.0387
293280,000000293280.jpg,480,640,person,3,0.0387
530543,000000530543.jpg,640,480,person,2,0.0387
173504,000000173504.jpg,480,640,person,2,0.0386
186099,000000186099.jpg,640,480,person,3,0.0386
243946,000000243946.jpg,640,480,person,3,0.0386
324036,000000324036.jpg,640,480,person,2,0.0386
335101,000000335101.jpg,640,480,person,3,0.0386
516619,000000516619.jpg,640,640,person,2,0.0386
186794,000000186794.jpg,640,480,person,2,0.0385
210175,000000210175.jpg,640,496,person,2,0.0385
285260,000000285260.jpg,640,480,person,2,0.0385
55373,000000055373.jpg,640,528,person,2,0.0384
83254,000000083254.jpg,640,480,person,2,0.0384
185394,000000185394.jpg,640,480,person,4,0.0384
296176,000000296176.jpg,640,480,person,3,0.0384
320682,000000320682.jpg,640,516,person,2,0.0384
374977,000000374977.jpg,640,480,person,6,0.0384
463653,000000463653.jpg,640,480,person,2,0.0384
130320,000000130320.jpg,612,612,person,2,0.0383
246735,000000246735.jpg,480,640,person,4,0.0383
287187,000000287187.jpg,640,640,person,2,0.0383
333756,000000333756.jpg,639,640,person,2,0.0383
435402,000000435402.jpg,640,480,person,2,0.0383
565447,000000565447.jpg,640,640,person,2,0.0383
5443,000000005443.jpg,481,640,person,2,0.0382
224104,000000224104.jpg,640,480,person,5,0.0382
321493,000000321493.jpg,640,480,person,2,0.0382
372199,000000372199.jpg,640,480,person,2,0.0382
556512,000000556512.jpg,640,480,person,2,0.0382
195863,000000195863.jpg,640,480,person,2,0.0381
352007,000000352007.jpg,612,612,person,2,0.0381
460705,000000460705.jpg,640,555,person,2,0.0381
487861,000000487861.jpg,640,557,person,2,0.0381
510559,000000510559.jpg,640,601,person,2,0.0381
214127,000000214127.jpg,640,484,person,2,0.038
326700,000000326700.jpg,640,480,person,4,0.038
387932,000000387932.jpg,640,480,person,2,0.038
457741,000000457741.jpg,508,640,person,2,0.038
81308,000000081308.jpg,640,480,person,3,0.0379
287235,000000287235.jpg,640,480,person,3,0.0379
274900,000000274900.jpg,640,480,person,2,0.0378
320843,000000320843.jpg,640,480,person,2,0.0378
420427,000000420427.jpg,640,480,person,2,0.0378
433994,000000433994.jpg,640,480,person,2,0.0378
437562,000000437562.jpg,640,640,person,2,0.0377
447602,000000447602.jpg,640,480,person,3,0.0377
75585,000000075585.jpg,640,480,person,2,0.0376
224037,000000224037.jpg,640,480,person,2,0.0376
365011,000000365011.jpg,640,480,person,2,0.0376
522665,000000522665.jpg,640,480,person,2,0.0376
45994,000000045994.jpg,640,480,person,2,0.0375
47548,000000047548.jpg,640,480,person,3,0.0375
529391,000000529391.jpg,640,555,person,2,0.0375
58465,000000058465.jpg,640,480,person,2,0.0374
285361,000000285361.jpg,640,480,person,1,0.0374
471654,000000471654.jpg,640,482,person,5,0.0374
540183,000000540183.jpg,640,480,person,2,0.0374
120524,000000120524.jpg,640,480,person,3,0.0373
158391,000000158391.jpg,640,480,person,2,0.0373
450570,000000450570.jpg,640,480,person,2,0.0373
540471,000000540471.jpg,480,640,person,2,0.0373
48104,000000048104.jpg,480,640,person,2,0.0372
6531,000000006531.jpg,480,640,person,4,0.0371
80713,000000080713.jpg,640,480,person,2,0.0371
175703,000000175703.jpg,640,480,person,3,0.0371
311982,000000311982.jpg,640,480,person,3,0.0371
82031,000000082031.jpg,640,577,person,2,0.037
148727,000000148727.jpg,640,480,person,5,0.037
197406,000000197406.jpg,480,640,person,2,0.037
489263,000000489263.jpg,480,640,person,2,0.037
64933,000000064933.jpg,640,640,person,3,0.0369
402073,000000402073.jpg,640,480,person,2,0.0369
549622,000000549622.jpg,512,640,person,2,0.0369
557923,000000557923.jpg,640,480,person,4,0.0369
162996,000000162996.jpg,640,480,person,2,0.0368
276584,000000276584.jpg,640,480,person,3,0.0368
298360,000000298360.jpg,640,640,person,4,0.0368
347535,000000347535.jpg,640,518,person,2,0.0368
349958,000000349958.jpg,480,640,person,2,0.0368
388772,000000388772.jpg,640,480,person,2,0.0368
406462,000000406462.jpg,640,487,person,2,0.0368
517579,000000517579.jpg,612,612,person,5,0.0368
214247,000000214247.jpg,640,512,person,2,0.0367
321215,000000321215.jpg,640,480,person,4,0.0367
323737,000000323737.jpg,640,480,person,3,0.0367
404108,000000404108.jpg,640,480,person,2,0.0367
71396,000000071396.jpg,640,480,person,2,0.0366
155873,000000155873.jpg,640,480,person,2,0.0366
539653,000000539653.jpg,640,480,person,2,0.0366
570458,000000570458.jpg,480,640,person,2,0.0366
2758,000000002758.jpg,549,640,person,2,0.0365
16109,000000016109.jpg,640,480,person,2,0.0365
102568,000000102568.jpg,480,640,person,2,0.0365
126681,000000126681.jpg,480,640,person,2,0.0365
217676,000000217676.jpg,640,514,person,4,0.0365
232875,000000232875.jpg,640,480,person,3,0.0365
320085,000000320085.jpg,640,480,person,3,0.0365
353000,000000353000.jpg,640,480,person,2,0.0365
443427,000000443427.jpg,640,481,person,3,0.0365
471222,000000471222.jpg,640,480,person,3,0.0365
162435,000000162435.jpg,480,640,person,2,0.0364
209957,000000209957.jpg,640,480,person,2,0.0364
401977,000000401977.jpg,640,480,person,2,0.0364
581393,000000581393.jpg,640,480,person,2,0.0364
169633,000000169633.jpg,640,480,person,4,0.0363
226324,000000226324.jpg,480,640,person,2,0.0363
303321,000000303321.jpg,612,612,person,3,0.0363
553573,000000553573.jpg,640,480,person,4,0.0363
284861,000000284861.jpg,640,480,person,2,0.0362
84784,000000084784.jpg,640,480,person,2,0.0361
339336,000000339336.jpg,640,480,person,2,0.0361
578986,000000578986.jpg,640,480,person,2,0.0361
82945,000000082945.jpg,640,480,person,2,0.036
324500,000000324500.jpg,640,480,person,3,0.036
366770,000000366770.jpg,508,640,person,2,0.036
542974,000000542974.jpg,640,502,person,2,0.036
191651,000000191651.jpg,640,480,person,3,0.0359
352729,000000352729.jpg,640,480,person,2,0.0359
383454,000000383454.jpg,480,640,person,2,0.0359
511127,000000511127.jpg,640,480,person,2,0.0359
36273,000000036273.jpg,640,480,person,4,0.0358
235093,000000235093.jpg,640,480,person,5,0.0358
528201,000000528201.jpg,640,480,person,2,0.0358
535138,000000535138.jpg,640,567,person,2,0.0358
581423,000000581423.jpg,640,480,person,2,0.0358
172246,000000172246.jpg,640,480,person,5,0.0357
259652,000000259652.jpg,640,480,person,2,0.0357
488747,000000488747.jpg,640,480,person,4,0.0357
496253,000000496253.jpg,640,480,person,2,0.0357
520326,000000520326.jpg,640,480,person,2,0.0357
23121,000000023121.jpg,640,480,person,3,0.0356
166477,000000166477.jpg,591,640,person,2,0.0356
480470,000000480470.jpg,480,640,person,2,0.0356
517890,000000517890.jpg,480,640,person,2,0.0356
62541,000000062541.jpg,640,480,person,2,0.0355
218476,000000218476.jpg,640,480,person,2,0.0355
291503,000000291503.jpg,640,480,person,4,0.0355
358828,000000358828.jpg,640,512,person,2,0.0355
531474,000000531474.jpg,640,640,person,4,0.0355
153008,000000153008.jpg,612,612,person,3,0.0354
174185,000000174185.jpg,640,484,person,3,0.0354
210580,000000210580.jpg,640,480,person,2,0.0354
458953,000000458953.jpg,480,640,person,2,0.0354
566237,000000566237.jpg,640,637,person,2,0.0354
177406,000000177406.jpg,640,508,person,2,0.0353
180462,000000180462.jpg,640,480,person,2,0.0353
195064,000000195064.jpg,640,480,person,2,0.0353
319714,000000319714.jpg,640,480,person,3,0.0353
355398,000000355398.jpg,640,480,person,3,0.0353
402298,000000402298.jpg,480,640,person,3,0.0353
403190,000000403190.jpg,480,640,person,2,0.0353
101569,000000101569.jpg,640,480,person,4,0.0352
148983,000000148983.jpg,480,640,person,2,0.0352
159418,000000159418.jpg,640,480,person,2,0.0352
255422,000000255422.jpg,480,640,person,2,0.0352
362343,000000362343.jpg,533,640,person,6,0.0352
460143,000000460143.jpg,640,480,person,4,0.0352
328487,000000328487.jpg,640,480,person,3,0.0351
373898,000000373898.jpg,640,480,person,3,0.0351
565286,000000565286.jpg,640,512,person,4,0.0351
126288,000000126288.jpg,481,640,person,2,0.035
202171,000000202171.jpg,480,640,person,3,0.035
290412,000000290412.jpg,640,480,person,2,0.035
307174,000000307174.jpg,480,640,person,2,0.035
76584,000000076584.jpg,480,640,person,2,0.0349
195817,000000195817.jpg,640,480,person,4,0.0349
439621,000000439621.jpg,480,640,person,2,0.0349
457436,000000457436.jpg,640,640,person,2,0.0349
576128,000000576128.jpg,640,480,person,2,0.0349
54214,000000054214.jpg,640,516,person,2,0.0348
247071,000000247071.jpg,640,480,person,5,0.0348
301684,000000301684.jpg,640,480,person,2,0.0348
488510,000000488510.jpg,640,480,person,2,0.0348
491323,000000491323.jpg,640,480,person,3,0.0348
88455,000000088455.jpg,640,500,person,2,0.0347
183676,000000183676.jpg,640,481,person,3,0.0347
277352,000000277352.jpg,640,480,person,2,0.0347
324588,000000324588.jpg,640,480,person,2,0.0347
385448,000000385448.jpg,640,512,person,3,0.0347
570392,000000570392.jpg,640,480,person,2,0.0347
43795,000000043795.jpg,480,640,person,3,0.0345
270215,000000270215.jpg,639,640,person,2,0.0345
483751,000000483751.jpg,487,500,person,3,0.0345
535692,000000535692.jpg,640,480,person,2,0.0345
75882,000000075882.jpg,480,640,person,2,0.0344
138618,000000138618.jpg,640,483,person,7,0.0344
308630,000000308630.jpg,480,640,person,2,0.0344
449847,000000449847.jpg,640,480,person,4,0.0344
333014,000000333014.jpg,612,612,person,3,0.0343
380109,000000380109.jpg,640,480,person,2,0.0343
528243,000000528243.jpg,640,480,person,5,0.0343
404285,000000404285.jpg,640,480,person,3,0.0342
535422,000000535422.jpg,500,495,person,2,0.0342
233817,000000233817.jpg,640,480,person,2,0.0341
283267,000000283267.jpg,480,640,person,2,0.0341
332282,000000332282.jpg,640,504,person,2,0.0341
387796,000000387796.jpg,640,480,person,4,0.0341
401759,000000401759.jpg,480,640,person,3,0.0341
418680,000000418680.jpg,640,480,person,3,0.0341
137877,000000137877.jpg,612,612,person,3,0.034
262394,000000262394.jpg,640,480,person,3,0.034
288528,000000288528.jpg,640,480,person,2,0.034
328836,000000328836.jpg,640,480,person,5,0.034
349784,000000349784.jpg,640,480,person,3,0.034
35535,000000035535.jpg,640,480,person,2,0.0339
314692,000000314692.jpg,640,480,person,4,0.0339
545082,000000545082.jpg,640,480,person,3,0.0339
82338,000000082338.jpg,640,480,person,4,0.0338
132778,000000132778.jpg,640,640,person,3,0.0338
165056,000000165056.jpg,640,480,person,2,0.0338
205323,000000205323.jpg,640,498,person,2,0.0338
310158,000000310158.jpg,640,480,person,3,0.0338
441023,000000441023.jpg,640,480,person,2,0.0338
523186,000000523186.jpg,640,480,person,3,0.0338
177407,000000177407.jpg,640,480,person,2,0.0337
243472,000000243472.jpg,480,640,person,5,0.0337
290136,000000290136.jpg,606,640,person,3,0.0337
505344,000000505344.jpg,640,480,person,2,0.0336
159135,000000159135.jpg,640,480,person,4,0.0335
185087,000000185087.jpg,517,640,person,2,0.0335
200563,000000200563.jpg,640,504,person,2,0.0335
292238,000000292238.jpg,640,480,person,2,0.0335
395396,000000395396.jpg,480,640,person,3,0.0335
578345,000000578345.jpg,640,480,person,3,0.0335
87933,000000087933.jpg,640,480,person,2,0.0334
172556,000000172556.jpg,640,480,person,3,0.0334
356562,000000356562.jpg,640,480,person,2,0.0334
455585,000000455585.jpg,640,480,person,3,0.0334
478152,000000478152.jpg,640,480,person,2,0.0334
292187,000000292187.jpg,612,612,person,2,0.0333
415856,000000415856.jpg,640,480,person,2,0.0333
57523,000000057523.jpg,480,640,person,2,0.0332
107357,000000107357.jpg,640,480,person,2,0.0332
138963,000000138963.jpg,640,480,person,2,0.0332
185719,000000185719.jpg,640,480,person,2,0.0332
192944,000000192944.jpg,480,640,person,2,0.0332
264307,000000264307.jpg,640,480,person,2,0.0332
399500,000000399500.jpg,640,480,person,2,0.0332
428785,000000428785.jpg,640,480,person,3,0.0332
555953,000000555953.jpg,640,480,person,4,0.0332
560594,000000560594.jpg,480,640,person,3,0.0332
188130,000000188130.jpg,480,640,person,3,0.0331
233233,000000233233.jpg,640,480,person,2,0.0331
352476,000000352476.jpg,612,612,person,5,0.0331
416386,000000416386.jpg,640,480,person,2,0.0331
523696,000000523696.jpg,480,640,person,3,0.0331
44494,000000044494.jpg,480,640,person,2,0.033
65001,000000065001.jpg,640,480,person,3,0.033
66785,000000066785.jpg,480,640,person,2,0.033
209643,000000209643.jpg,640,480,person,5,0.033
322518,000000322518.jpg,640,480,person,2,0.033
357139,000000357139.jpg,640,480,person,2,0.033
384269,000000384269.jpg,612,612,person,2,0.033
470474,000000470474.jpg,640,489,person,2,0.033
122360,000000122360.jpg,640,480,person,2,0.0329
134760,000000134760.jpg,640,484,person,3,0.0329
309311,000000309311.jpg,640,480,person,3,0.0329
337453,000000337453.jpg,640,480,person,2,0.0329
390773,000000390773.jpg,640,480,person,2,0.0329
417849,000000417849.jpg,640,571,person,2,0.0329
536831,000000536831.jpg,640,480,person,2,0.0329
201003,000000201003.jpg,640,480,person,3,0.0328
302867,000000302867.jpg,640,480,person,2,0.0328
574360,000000574360.jpg,640,480,person,2,0.0328
23395,000000023395.jpg,640,480,person,2,0.0327
36451,000000036451.jpg,640,640,person,3,0.0327
171443,000000171443.jpg,640,481,person,2,0.0327
214464,000000214464.jpg,480,640,person,2,0.0327
338189,000000338189.jpg,640,541,person,2,0.0327
349817,000000349817.jpg,640,480,person,2,0.0327
354237,000000354237.jpg,612,612,person,2,0.0327
516084,000000516084.jpg,543,640,person,2,0.0327
62566,000000062566.jpg,640,480,person,2,0.0326
99129,000000099129.jpg,640,480,person,5,0.0326
117667,000000117667.jpg,640,491,person,2,0.0326
267105,000000267105.jpg,640,480,person,3,0.0326
274514,000000274514.jpg,640,640,person,2,0.0326
326368,000000326368.jpg,640,480,person,2,0.0326
435009,000000435009.jpg,640,480,person,2,0.0326
460441,000000460441.jpg,640,480,person,3,0.0326
503703,000000503703.jpg,640,530,person,3,0.0326
16496,000000016496.jpg,640,480,person,3,0.0325
46042,000000046042.jpg,612,612,person,2,0.0325
90346,000000090346.jpg,640,480,person,2,0.0325
107678,000000107678.jpg,612,612,person,3,0.0325
210000,000000210000.jpg,640,481,person,2,0.0325
240537,000000240537.jpg,640,501,person,3,0.0325
269462,000000269462.jpg,640,480,person,4,0.0325
481099,000000481099.jpg,640,480,person,2,0.0325
327174,000000327174.jpg,640,480,person,2,0.0324
408049,000000408049.jpg,640,480,person,3,0.0324
444269,000000444269.jpg,640,480,person,2,0.0324
343322,000000343322.jpg,480,640,person,4,0.0323
543678,000000543678.jpg,640,480,person,2,0.0323
31919,000000031919.jpg,612,612,person,4,0.0322
175952,000000175952.jpg,640,480,person,2,0.0322
283290,000000283290.jpg,640,640,person,2,0.0322
420579,000000420579.jpg,640,480,person,2,0.0322
269853,000000269853.jpg,640,480,person,2,0.0321
353091,000000353091.jpg,640,480,person,3,0.0321
365817,000000365817.jpg,640,480,person,3,0.0321
533356,000000533356.jpg,640,480,person,2,0.0321
87998,000000087998.jpg,640,480,person,3,0.032
162363,000000162363.jpg,480,640,person,2,0.032
455355,000000455355.jpg,640,511,person,5,0.032
473326,000000473326.jpg,640,480,person,2,0.032
476349,000000476349.jpg,640,480,person,2,0.032
67090,000000067090.jpg,640,480,person,3,0.0319
207503,000000207503.jpg,640,480,person,3,0.0319
440352,000000440352.jpg,640,480,person,2,0.0319
470300,000000470300.jpg,640,480,person,2,0.0319
496127,000000496127.jpg,640,498,person,2,0.0319
548420,000000548420.jpg,640,480,person,3,0.0319
15733,000000015733.jpg,640,640,person,2,0.0318
182005,000000182005.jpg,640,480,person,2,0.0318
290881,000000290881.jpg,640,501,person,2,0.0318
340588,000000340588.jpg,640,482,person,3,0.0318
486079,000000486079.jpg,640,480,person,2,0.0318
577343,000000577343.jpg,640,494,person,4,0.0318
201076,000000201076.jpg,640,480,person,2,0.0317
59442,000000059442.jpg,640,480,person,2,0.0316
63566,000000063566.jpg,640,480,person,2,0.0316
73665,000000073665.jpg,480,640,person,3,0.0316
107959,000000107959.jpg,640,480,person,3,0.0316
167992,000000167992.jpg,480,640,person,2,0.0316
272153,000000272153.jpg,640,480,person,3,0.0316
326207,000000326207.jpg,640,480,person,3,0.0316
387529,000000387529.jpg,640,480,person,2,0.0316
407689,000000407689.jpg,640,480,person,2,0.0316
482159,000000482159.jpg,640,529,person,2,0.0316
565459,000000565459.jpg,480,640,person,2,0.0316
16238,000000016238.jpg,640,480,person,2,0.0315
218701,000000218701.jpg,612,612,person,2,0.0315
300408,000000300408.jpg,640,480,person,2,0.0315
417700,000000417700.jpg,640,485,person,2,0.0315
496434,000000496434.jpg,640,480,person,3,0.0315
143401,000000143401.jpg,512,640,person,4,0.0314
271666,000000271666.jpg,640,480,person,2,0.0314
365948,000000365948.jpg,640,480,person,3,0.0314
446232,000000446232.jpg,640,480,person,2,0.0314
474190,000000474190.jpg,640,480,person,2,0.0314
488395,000000488395.jpg,640,640,person,2,0.0314
57697,000000057697.jpg,640,480,person,2,0.0313
354185,000000354185.jpg,640,480,person,3,0.0313
496440,000000496440.jpg,640,480,person,2,0.0313
291201,000000291201.jpg,480,640,person,4,0.0312
81602,000000081602.jpg,480,640,person,2,0.0311
236148,000000236148.jpg,640,480,person,3,0.0311
276531,000000276531.jpg,640,502,person,2,0.0311
362745,000000362745.jpg,640,549,person,3,0.0311
400544,000000400544.jpg,480,640,person,2,0.0311
411674,000000411674.jpg,640,480,person,5,0.0311
517570,000000517570.jpg,495,640,person,2,0.0311
555473,000000555473.jpg,640,480,person,2,0.0311
143952,000000143952.jpg,640,480,person,3,0.031
444560,000000444560.jpg,480,640,person,2,0.031
574549,000000574549.jpg,640,480,person,3,0.031
250941,000000250941.jpg,640,480,person,3,0.0309
503834,000000503834.jpg,480,640,person,5,0.0309
114473,000000114473.jpg,500,500,person,2,0.0308
192023,000000192023.jpg,640,480,person,2,0.0308
396221,000000396221.jpg,640,480,person,2,0.0308
534038,000000534038.jpg,512,640,person,3,0.0308
31588,000000031588.jpg,640,480,person,2,0.0307
111944,000000111944.jpg,640,480,person,2,0.0307
143478,000000143478.jpg,640,480,person,2,0.0307
146151,000000146151.jpg,640,494,person,4,0.0307
431139,000000431139.jpg,640,490,person,2,0.0307
229207,000000229207.jpg,612,612,person,2,0.0306
197492,000000197492.jpg,640,563,person,3,0.0305
269751,000000269751.jpg,640,480,person,2,0.0305
212887,000000212887.jpg,640,480,person,3,0.0304
374041,000000374041.jpg,640,480,person,2,0.0304
401550,000000401550.jpg,640,480,person,2,0.0304
473052,000000473052.jpg,640,480,person,3,0.0304
531329,000000531329.jpg,640,480,person,3,0.0304
357542,000000357542.jpg,481,640,person,3,0.0303
465693,000000465693.jpg,640,480,person,2,0.0303
475055,000000475055.jpg,640,480,person,2,0.0303
58868,000000058868.jpg,480,640,person,2,0.0302
69188,000000069188.jpg,640,599,person,2,0.0302
394889,000000394889.jpg,640,480,person,4,0.0302
517464,000000517464.jpg,640,480,person,2,0.0302
168955,000000168955.jpg,640,480,person,2,0.0301
242716,000000242716.jpg,640,480,person,2,0.0301
361924,000000361924.jpg,480,640,person,2,0.0301
500583,000000500583.jpg,640,480,person,2,0.0301
528807,000000528807.jpg,640,480,person,2,0.0301
574722,000000574722.jpg,640,481,person,3,0.0301
27395,000000027395.jpg,640,480,person,2,0.03
354205,000000354205.jpg,640,480,person,5,0.03
519795,000000519795.jpg,640,544,person,2,0.03
548652,000000548652.jpg,485,640,person,3,0.03
