seg_stem,from,to
images__train__s1_lm_e9009ebce064b1a7439c6783,train,test
images__train__s1_lm_23566c8b41d128b2108957fd,train,test
images__train__s1_lm_a42698108cd5b808b81ba428,train,test
images__train__s3_taco_001211,train,test
images__train__s3_taco_001244,train,test
images__train__s1_lm_c1362b3107ccb75b0f889c86,train,test
images__train__s1_lm_ab0fe03ca95ceb95d4954a9e,train,test
images__train__s1_lm_12d3a7003d2f6a6d956b900e,train,test
images__train__s1_lm_2113a8e421f44f7c77723f87,train,test
images__train__s1_lm_9b334c3e2efd2fce0a18d3fc,train,test
images__train__s3_taco_000617,train,test
images__train__s2_f_17_x004_c208_1105_3,train,test
images__train__s1_lm_2ffc0377fcf0d135a0d2698a,train,test
images__train__s3_taco_000122,train,test
images__train__s3_taco_000764,train,test
images__train__s3_taco_001476,train,test
images__train__s3_taco_000299,train,test
images__train__s3_taco_001321,train,test
images__train__s3_taco_001373,train,test
images__train__s3_taco_001310,train,test
images__train__s3_taco_000714,train,test
images__train__s3_taco_000064,train,test
images__train__s1_rf_75ddf6329a39875a463d2406,train,test
images__train__s3_taco_000115,train,test
images__train__s1_rf_60f7640e26549ff7f27b8c2a,train,test
images__train__s3_taco_000685,train,test
images__train__exp26_rfbat_8d2172fa6e36753fa97b5523,train,test
images__train__s1_lm_7f062103594a8590e6a8a3c5,train,test
images__train__exp26_rfbat_9cd44f7b4bba232b03816d92,train,test
images__train__exp26_rfbat_b6c10d1edf0586fe007a31ce,train,test
images__train__exp26_rfbat_49c0b4044e2fd34a03e01324,train,test
images__train__exp26_rfbat_6e383a58734f34655776d7a0,train,test
images__train__exp26_rfbat_bc46bd10c33a5bbc66690edb,train,test
images__train__exp26_rfbat_c1bb2114eccbf1c86898bac1,train,test
images__train__exp26_rfbat_caf507286a028d75cc76af1b,train,test
images__train__exp26_rfbat_e367029075ea1a168a4be166,train,test
images__train__exp26_gen_3c5698ea11ba5a0e6e2a58b0,train,test
images__train__exp26_gen_adc698b9ee3fcbc894e7efa3,train,test
images__train__exp26_gen_e1a9e081d5a81aab38479c73,train,test
images__train__s1_auto_2f466a12dbdaef59730ab982,train,test
images__train__exp26_gen_429bd4b2d65e6deff5ae3c6a,train,test
images__train__exp26_gen_6f1d0d895416e7b86831792b,train,test
images__train__exp26_gen_f55376482517ded390de0fc1,train,test
images__train__exp26_gen_13708d1464ca906f038fbd7f,train,test
images__train__exp26_gen_660b16601ad3b82472d44b26,train,test
images__train__exp26_gen_dea8d367b0a3efc20fb4b400,train,test
images__train__s1_lm_5e3a306b102f777deb1e8eb9,train,test
images__train__exp26_gen_30c8e62f34aee8437b4e666e,train,test
images__train__exp26_gen_ce28fec47074a43168bcf42c,train,test
images__train__exp26_gen_d567c66b7e3d74972add4355,train,test
images__train__exp26_gen_f7cc8f5c75f536b98d030249,train,test
images__train__exp26_gen_945a0fa6edc641cc1e9b8e41,train,test
images__train__exp26_gen_9ed8eb0abaf5b481a461883d,train,test
images__train__exp26_gen_c93bc767cd24351d90166c37,train,test
images__train__exp26_rfbat_b86c9a5a7c59e720f19ff93d,train,test
images__train__exp26_rfbat_e92a13e439df076f1147732c,train,test
images__train__exp26_rfbat_ee9ad001f50c507ef3550f7c,train,test
images__train__exp26_rfbat_ff038953839e27c2835aea7e,train,test
images__train__exp26_rfbat_2b7f3897c03e9adc528cdaf0,train,test
images__train__exp26_rfbat_7817568c820247f6802c6dcd,train,test
images__train__exp26_rfbat_7d82addcc6ff1b4b07450d2c,train,test
images__train__exp26_rfbat_9d924dc1655f98b9fc971fda,train,test
images__train__exp26_rfbat_eaf69ee071e0b44aaaa55160,train,test
images__train__exp26_rfbat_ffcb9ccdcdcdc9f272decb84,train,test
images__train__exp26_rfbat_2c8f63cf87cfc4f8823c316b,train,test
images__train__exp26_rfbat_c1d625b5daff82f61af2998f,train,test
images__train__exp26_rfbat_c2dc46b5e11c5c2efc47d911,train,test
images__train__exp26_rfbat_e4fad8a89f36f8104753c6a3,train,test
images__train__s1_lm_591a56b52e0297461ad90a64,train,test
images__train__s1_auto_bbbd221d89b61858d3fad6d5,train,test
images__train__exp26_rfbat_02b7bca782f5930e3dbdc04e,train,test
images__train__exp26_rfbat_26651840007fb91024d38f8b,train,test
images__train__exp26_rfbat_4b465424dea067c20f313d80,train,test
images__train__exp26_rfbat_506a73b100ebb08705373c58,train,test
images__train__exp26_rfbat_79439367e55eed3d6501d68e,train,test
images__train__exp26_rfbat_de00ded75d7d7b415cd6cbe9,train,test
images__train__exp26_rfbat_385ab02f9304a133c198443f,train,test
images__train__exp26_rfbat_7391177947d6b6f831b45e99,train,test
images__train__exp26_rfbat_0d8e0bb21137df9bd0966ab7,train,test
images__train__exp26_rfbat_0dfe22350facdf5e929a2b76,train,test
images__train__exp26_rfbat_4f59c61d187efbbb0eb5fa37,train,test
images__train__exp26_rfbat_77ab544876692f00de358846,train,test
images__train__exp26_rfbat_8a77ab13b1a908c98037d544,train,test
images__train__exp26_rfbat_941d5c9283cdc53ae9400593,train,test
images__train__exp26_rfbat_a2198ee6345662117f384ed9,train,test
images__train__exp26_rfbat_f66125396dad296afe68e3d2,train,test
images__train__exp26_gen_41d279505b57ba75c0e98116,train,test
images__train__exp26_gen_4e7f3859e48ecab576bd6dc8,train,test
images__train__exp26_gen_e5135e165ac5c26aad1d73d0,train,test
images__train__exp26_rfbat_0756212f82c743f03d1ee413,train,test
images__train__exp26_gen_73486540f59d1dbd82f2e334,train,test
images__train__exp26_gen_8d143d03d40a2fdf517921a4,train,test
images__train__exp26_gen_d07d24e816598ee0d529dd40,train,test
images__train__s1_auto_7ba023e5503c316101cf3b48,train,test
images__train__s1_auto_66fcee770a26ddd36f3e07be,train,test
images__train__exp26_rfbat_84a12a7ea1804e60a04aa2fc,train,test
images__train__exp26_rfbat_d97e051cf9fd1aead2d51a7c,train,test
images__train__s1_auto_3fe5b92924da609cd3f47b30,train,test
images__train__exp26_rfbat_f14b2e0edec70e5673dcc8e4,train,test
images__train__exp26_rfbat_f481079078c4832fa66d5ce7,train,test
images__train__s1_auto_db0b6ca139cffd8b7c7afc5c,train,test
images__train__exp26_rfbat_1799d508a740a11e38989b8c,train,test
images__train__exp26_rfbat_4fa1b89165db096e04a313ef,train,test
images__train__exp26_rfbat_db5f1a650b23140c3c103d36,train,test
images__train__exp26_rfbat_f2bf2a8f965796e64be68edf,train,test
images__train__exp26_rfbat_be9fc143cf72256185cd77fe,train,test
images__train__exp26_gen_3ea203add62682f148b2e50d,train,test
images__train__exp26_gen_40bed254e59fb28fb63370e6,train,test
images__train__exp26_gen_42bf8671760ca42cdd8bd91f,train,test
images__train__exp26_gen_b62e7fd0a967a34d8d844987,train,test
images__train__s1_auto_10be81e3b4c84d11a23c4b42,train,test
images__train__exp26_gen_076d8d6836e611940941064d,train,test
images__train__exp26_gen_4e3eeb3de1bd314221482a86,train,test
images__train__exp26_gen_ec890f2da9e363f8f1c752cf,train,test
images__train__exp26_rfbat_1fd932b80d25a1337772ec26,train,test
images__train__exp26_gen_5f81a7ef9ca926a0a5536b23,train,test
images__train__exp26_gen_c416c15250b2f0bbd8c71032,train,test
images__train__exp26_gen_fe233edb6c7cde8262fca26e,train,test
images__train__exp26_gen_48c0631035edf79e633aa116,train,test
images__train__exp26_gen_851b88272af388e1d1c3f97b,train,test
images__train__exp26_gen_d7d1b94651632d272e64e871,train,test
images__train__s1_auto_e9526c0c0617a16aa0b2c873,train,test
images__train__exp26_rfbat_8d6124f2f91ec40a7e7cbb17,train,test
images__train__exp26_rfbat_0ec770d2e41c8e45cd914aca,train,test
images__train__exp26_rfbat_1a759437aa17faac488b5c2b,train,test
images__train__exp26_rfbat_52accd70e526c3bd17fe72fb,train,test
images__train__exp26_rfbat_6e039cb4d895c5d2d7d5b65b,train,test
images__train__exp26_rfbat_c054d0a8aa77411d7c206faf,train,test
images__train__exp26_rfbat_e582cbb8468e311ad51c9d1b,train,test
images__train__exp26_gen_26c654cb488187015a8e3ba2,train,test
images__train__exp26_gen_5d438617ed73a602ea2a32c8,train,test
images__train__exp26_gen_f609107e684b85e93223f8e1,train,test
images__train__exp26_rfbat_19e2038296b06a081dfd42d2,train,test
images__train__exp26_rfbat_b46510ffe2bed01c6b85f3c5,train,test
images__train__exp26_gen_0c150f915edd53b6d704a156,train,test
images__train__exp26_gen_53c2616caf5caaa8a64d977a,train,test
images__train__exp26_gen_6d9735e75fbac5721481e4ba,train,test
images__train__s1_auto_db75e3c83e669a8cc833d409,train,test
images__train__exp26_rfbat_2f3aae8073c5d37c14250da1,train,test
images__train__exp26_rfbat_3e7e61d77c724da300dd750c,train,test
images__train__exp26_rfbat_1945270790fa48af56b95330,train,test
images__train__exp26_rfbat_6dc7d04ab0422649d7ef2aa8,train,test
images__train__exp26_gen_1b23d1edef9f33e758609bcf,train,test
images__train__exp26_gen_4980d3537b00a95dd8957172,train,test
images__train__exp26_gen_c0432b8f2a29b790754642de,train,test
images__train__s1_auto_8ea2aa40ee121cd4847f95b1,train,test
images__train__exp26_rfbat_3f0c6dac30819239a8663e46,train,test
images__train__exp26_rfbat_5fdc04377eefa55026d79969,train,test
images__train__exp26_gen_0e9b8ecaeeef0629e362cb14,train,test
images__train__exp26_gen_6b66429383a006d93441813e,train,test
images__train__exp26_gen_8cd33cc403dc508b6738f09c,train,test
images__train__exp26_gen_f1f8b89e6d4fdf2560d0bbf2,train,test
images__train__exp26_rfbat_8de4c6cd55e749d75db6dadd,train,test
images__train__exp26_rfbat_d36e71bb27fcf6ecda8524a6,train,test
images__train__exp26_gen_09091a966ffb7bba3c3fe326,train,test
images__train__exp26_gen_630ffbd4401d79ae3b6d065c,train,test
images__train__exp26_gen_6d436400aa54abbcb0e6d881,train,test
images__train__exp26_gen_730619019a0aef98ef855c12,train,test
images__train__exp26_gen_5a1d72c7002d130f324b42ec,train,test
images__train__exp26_gen_88b6b69c1013318fd8323cd7,train,test
images__train__exp26_gen_d64b9e6ad9149e20a2d58ec6,train,test
images__train__exp26_gen_0aa30711d678268db7127416,train,test
images__train__exp26_gen_5315a97058c4548d765020e7,train,test
images__train__exp26_gen_caa28011fffa03aeb57eb82a,train,test
images__train__exp26_rfbat_08192267581c3cf356191fdb,train,test
images__train__exp26_rfbat_e280b9f603462024649aea7d,train,test
images__train__exp26_gen_13e68fce91068b289a6a7ee0,train,test
images__train__exp26_gen_699f3fe75766f5086d8d5961,train,test
images__train__exp26_gen_d79ca6d7b578bb2e62a3c7fb,train,test
images__train__s1_auto_42281250acdd75ee92f63796,train,test
images__train__exp26_rfbat_061f20d0e84259d92360489a,train,test
images__train__exp26_gen_040b7472a81263c0605c936f,train,test
images__train__exp26_gen_77d0207c9e7d8bec9b3853b7,train,test
images__train__exp26_gen_e8601857285165ed71bdde59,train,test
images__train__s3_taco_001426,train,test
images__train__exp26_rfbat_007065a165777d18d5b6cdae,train,test
images__train__exp26_rfbat_3a4c30cdcffeac3011f9e095,train,test
images__train__s1_lm_749439868aa0a781e0c8afa8,train,test
images__train__s2_supp_recybat24_010b204273a8f2bcd692,train,test
images__train__s2_supp_recybat24_04520875069df1817ea8,train,test
images__train__s2_supp_recybat24_11c89e666c64b6f0cc7a,train,test
images__train__s2_supp_recybat24_237f3e49cbb4eec8e0de,train,test
images__train__s2_supp_recybat24_3835012c7280f18051ad,train,test
images__train__s2_supp_recybat24_3ae73b6f9d68f36aadf2,train,test
images__train__s2_supp_recybat24_4da5776dc838feae4a2b,train,test
images__train__s2_supp_recybat24_61ba730b8c8011fe340f,train,test
images__train__s2_supp_recybat24_6cf5aea9f428bbb274c4,train,test
images__train__s2_supp_recybat24_7c9e78875f9c6079edf3,train,test
images__train__s2_supp_recybat24_96351035fa7a95663ecc,train,test
images__train__s2_supp_recybat24_bfdcf07066c7266e2ba0,train,test
images__train__s2_supp_recybat24_c82d2e046890789d2f3e,train,test
images__train__s2_supp_recybat24_e2b6ae1010d295e5ea62,train,test
images__train__s2_supp_recybat24_efedc905b66770a24edb,train,test
images__train__exp26_gen_73f32e8e156dfd987a56d8e5,train,test
images__train__exp26_gen_a6036cf6b9733b1cae8552c5,train,test
images__train__exp26_gen_c3587801cd406d987d7aaeea,train,test
images__train__exp26_gen_e58b87ac78614f76eb03028f,train,test
images__train__exp26_rfbat_82503936189cdfa32a90c1bc,train,test
images__train__exp26_rfbat_c59ce926b0194c0b9e7f3702,train,test
images__train__s1_auto_1b4d774dd978560415b0fb64,train,test
images__train__s1_auto_d20f150d3d1dbc0bb3dbfe2b,train,test
images__train__exp26_gen_170d6851186e7c27cb7deb0f,train,test
images__train__exp26_gen_22e5870aa94057970b21a961,train,test
images__train__exp26_gen_dfaac0c132dc1997e07237ec,train,test
images__train__exp26_gen_13e4008602c8d4b178d1b096,train,test
images__train__exp26_gen_458731bab77dd9bfe5aa56ef,train,test
images__train__exp26_gen_cf1dc3a9a00d2fd95320e6e0,train,test
images__train__s1_auto_a7c0eb3d74db1867bc3df47c,train,test
images__train__exp26_gen_32c390989c00fcac3cadf344,train,test
images__train__exp26_gen_3bfcee50622d7b5ef72c3d24,train,test
images__train__exp26_gen_58bf1d11e3b0a6d82d62d2cc,train,test
images__train__s1_auto_169e237594baea6b901ca45b,train,test
images__train__exp26_gen_1bac3e73fab040d76cbf09a3,train,test
images__train__exp26_gen_54c3d37e956cb2ccc65862cd,train,test
images__train__exp26_gen_7b42630dbc96abc068597cb4,train,test
images__train__s1_auto_1fb67b35e5389d561282dc1c,train,test
images__train__s1_lm_34086c42856c9995259a4cde,train,test
images__train__exp26_gen_00dfff52cde9141230b3405b,train,test
images__train__exp26_gen_9b2a5222451d2a5a26b57da4,train,test
images__train__exp26_gen_9f735e135d65fe2f00bc516c,train,test
images__train__s1_auto_8e0ea83afa01317a305141e8,train,test
images__train__s1_auto_629bfc6cd2ed4f9c7b82f2ec,train,test
images__train__exp26_gen_24b10c5e9d087896f6a7e0db,train,test
images__train__exp26_gen_76749f890ab365f4726a9172,train,test
images__train__exp26_gen_908964f9744627c48812776d,train,test
images__train__exp26_gen_9e2d7159cd2093218c268807,train,test
images__train__s1_auto_bed6bfea3b0ae807881e5fa0,train,test
images__train__exp26_gen_235e6531d078aaaec57ef67a,train,test
images__train__exp26_gen_28124fff70e9c07eb72f81de,train,test
images__train__exp26_gen_5385dac63e72efbae80dbda0,train,test
images__train__exp26_gen_e83f37e42bfbb69c1dac55da,train,test
images__train__s2_supp_recybat24_063d53aa25875e0ee2d4,train,test
images__train__s2_supp_recybat24_126a489fc7c59911eca7,train,test
images__train__s2_supp_recybat24_2c0f1e9c2798e32b2769,train,test
images__train__s2_supp_recybat24_39e84b742fa3e6c84c24,train,test
images__train__s2_supp_recybat24_42928febb6ee003151c0,train,test
images__train__s2_supp_recybat24_43e27c39a998d12a26f1,train,test
images__train__s2_supp_recybat24_453ba8df99c931d414f0,train,test
images__train__s2_supp_recybat24_540029f1dd9972d9d226,train,test
images__train__s2_supp_recybat24_55ac9668552d2ce34d70,train,test
images__train__s2_supp_recybat24_61080414707e4ed308f2,train,test
images__train__s2_supp_recybat24_643ad90068cdfdcb4a20,train,test
images__train__s2_supp_recybat24_68c8565c5218b1314f78,train,test
images__train__s2_supp_recybat24_6db5a8f6a21865aa6023,train,test
images__train__s2_supp_recybat24_716c00c7b3c2028bc042,train,test
images__train__s2_supp_recybat24_74717c0f1f1d9424e825,train,test
images__train__s2_supp_recybat24_78d6645c6050a4e0dfb2,train,test
images__train__s2_supp_recybat24_7e2c3b223e1e9a8bf5b2,train,test
images__train__s2_supp_recybat24_84df95baa3bdc110551e,train,test
images__train__s2_supp_recybat24_8a9596adb672586337c3,train,test
images__train__s2_supp_recybat24_8c7e126189485b4f8920,train,test
images__train__s2_supp_recybat24_9af5513734db506b6ec8,train,test
images__train__s2_supp_recybat24_b258dda1a59caa860eb0,train,test
images__train__s2_supp_recybat24_b674c612ce1a8a21c528,train,test
images__train__s2_supp_recybat24_b86ae682fb0dd3587286,train,test
images__train__s2_supp_recybat24_c16ee78dc784b1309978,train,test
images__train__s2_supp_recybat24_c80dc8d843250b19141f,train,test
images__train__s2_supp_recybat24_caeaaa35d7365915806a,train,test
images__train__s2_supp_recybat24_dd397d7b01e432688422,train,test
images__train__s2_supp_recybat24_e4354cef597ad6af19b3,train,test
images__train__s2_supp_recybat24_e8f5098ede52e5ebd1da,train,test
images__train__exp26_rfbat_4ac3a4f3ac9557b5ab8d5ccf,train,test
images__train__exp26_rfbat_87c99c0fb1f82e366d2065bb,train,test
images__train__exp26_rfbat_16fa1d83945ff228b7a3bf80,train,test
images__train__exp26_rfbat_69930a0b5a9ac1646ac20627,train,test
images__train__s1_auto_cdcca1aef04fca237c1b9605,train,test
images__train__s1_lm_38a17a5ba072e677383a4e5b,train,test
images__train__exp26_rfbat_015eed70876894e08c8c55c4,train,test
images__train__exp26_rfbat_1d141f9f8159e963e06fbbd8,train,test
images__train__exp26_rfbat_a86e61e8ca482cfca3d08f85,train,test
images__train__exp26_rfbat_b9c4750929951a018d8b0f00,train,test
images__train__exp26_rfbat_0d9af93ab3c5183b06b8e1bf,train,test
images__train__exp26_rfbat_27ed8e311d458ffa4303a9b4,train,test
images__train__exp26_rfbat_40fd7bf519ac8803639c5d13,train,test
images__train__exp26_rfbat_c1870f511a935fa84d467dff,train,test
images__train__exp26_rfbat_d044a49e498e8028b82dc733,train,test
images__train__exp26_rfbat_da09f15d3c0dfa6dfe0700a3,train,test
images__train__s1_lm_a9b3863b362349a4e5111021,train,test
images__train__exp26_gen_61fe42dc43abf2a0538a1e4b,train,test
images__train__exp26_gen_b1c445f2e3f6f76c6d4706e5,train,test
images__train__exp26_gen_f0907e541e5da9fe565fb864,train,test
images__train__exp26_gen_0c63642372c7451515943d51,train,test
images__train__exp26_gen_10b75feda3af6102d8c85970,train,test
images__train__exp26_gen_70e78b474e128b5d5b4306d4,train,test
images__train__exp26_rfbat_53eca38c875a7f87611c6ebb,train,test
images__train__exp26_rfbat_996f679c05346f685a9f96be,train,test
images__train__exp26_gen_2bc01e64c9355715e27009ea,train,test
images__train__exp26_gen_7b0b85fc9602d2b153590316,train,test
images__train__exp26_gen_e0481b102373f67190d7f540,train,test
images__train__exp26_rfbat_1e0a705b8e6176e176bcddb8,train,test
images__train__exp26_rfbat_4a8e2551ad9e8ab09181218e,train,test
images__train__exp26_rfbat_6c4f4e32aceebba5621f1dde,train,test
images__train__exp26_rfbat_fcb772dfe2d7f1c00b913e8c,train,test
images__train__s1_lm_76aeaa29d67dd054132d3c44,train,test
images__train__exp26_rfbat_9a01642c2d7faade5bffa957,train,test
images__train__exp26_rfbat_b9f76cc90b59e00a0c204a9f,train,test
images__train__exp26_rfbat_bd23f5ce644e2641d66a06d4,train,test
images__train__exp26_gen_4cf9450e5c10fea17ae974f1,train,test
images__train__exp26_gen_6ce5c4a5c6ac5f18cd4d0d9f,train,test
images__train__exp26_gen_9f4e32d159caebfe7a07803d,train,test
images__train__exp26_gen_a151f2004bf763779c66cdb5,train,test
images__train__exp26_rfbat_43817629eb1099838ffc9464,train,test
images__train__exp26_rfbat_80cba30fd118974de8fc31c9,train,test
images__train__exp26_gen_3c7e98a7529787873983d4d8,train,test
images__train__exp26_gen_8425eb1059e3d4120f57b218,train,test
images__train__exp26_gen_91776f8db182fc76137af764,train,test
images__train__s1_ds_2e1aef8565f94980ece75515,train,test
images__train__exp26_gen_116fda471725fa10767b7e68,train,test
images__train__exp26_gen_1f62a66d9346a3830be6a237,train,test
images__train__exp26_gen_883ee599e9ca7791b27060b0,train,test
images__train__exp26_gen_9b3cdb0c96795f09966b2771,train,test
images__train__s1_auto_6b7cf3e7b8e5f14b9233499c,train,test
images__train__exp26_gen_6ce911f25e792eab42e058d4,train,test
images__train__exp26_gen_8e5d9fcc2c6fa271663edcd9,train,test
images__train__exp26_gen_f49449ead0ea845b11679407,train,test
images__train__exp26_gen_419b8b83c75d9ee7be8b99ca,train,test
images__train__exp26_gen_9cc886721326fc5e1a6c0871,train,test
images__train__exp26_gen_a66d89d1efe3847f338e4231,train,test
images__train__s1_auto_d6bd125f4b5931fd646ec9d3,train,test
images__train__exp26_rfbat_3e65ab37ff10670233734c13,train,test
images__train__exp26_rfbat_8af1491f756d29cdad8a5701,train,test
images__train__exp26_gen_0e1b40b608d3c1deb26ebb1a,train,test
images__train__exp26_gen_6ec0e9d2a76c499f702f5734,train,test
images__train__exp26_gen_9497e029cdbe3ec57ee80858,train,test
images__train__s1_auto_6f3100f437e75ebce138cc55,train,test
images__train__s1_auto_871fde43f66832835a6bca33,train,test
images__train__exp26_rfbat_2fe4adc1b53c356239deb949,train,test
images__train__exp26_rfbat_7ab21a8d3adde6f5b24c14c6,train,test
images__train__s1_lm_4ae8df6696f75f9ac9f8d923,train,test
images__train__exp26_rfbat_26756455a32fff29646a83d5,train,test
images__train__exp26_rfbat_34bacf46b26c7c2569292a6a,train,test
images__train__exp26_rfbat_a81e4f749a28cce648a04bb0,train,test
images__train__exp26_gen_17637cae13ad881528ced1e1,train,test
images__train__exp26_gen_7184a31fb8e2cb48961b2f0c,train,test
images__train__exp26_gen_8f0271187c6a275e3a6dcb00,train,test
images__train__exp26_gen_e3ca18e95ca5024115f1d676,train,test
images__train__s1_auto_3e6a0f08a331555b2a99adfd,train,test
images__train__exp26_rfbat_8c55e8ef52ab89373f8a6d9f,train,test
images__train__exp26_rfbat_c5997f5b594925108aee6c70,train,test
images__train__exp26_gen_0e8c3c69f688680d55dd0ecb,train,test
images__train__exp26_gen_4bbacb229d78b310e98e7dc0,train,test
images__train__exp26_gen_91b07fe77cef935b1fd950ac,train,test
images__train__exp26_gen_1b629f1f0409cb4615f5ad3c,train,test
images__train__exp26_gen_3b96fae5640865eeadeb20b1,train,test
images__train__exp26_gen_76a0b29c69033a4e0ef51323,train,test
images__train__exp26_gen_daeef6f34e0456efc5ebf4a3,train,test
images__train__exp26_gen_5b010b77f2f1ec07649a93aa,train,test
images__train__exp26_gen_73619abed18af19d090d4043,train,test
images__train__exp26_gen_76c08677c569f1636819a52f,train,test
images__train__exp26_gen_2585395469bfbfa73034bc8a,train,test
images__train__exp26_gen_68f21cc429a7b67da9ac7263,train,test
images__train__exp26_gen_8743344e6552d70a97e582c2,train,test
images__train__exp26_gen_303984e53d2eb5ea94d9cf79,train,test
images__train__exp26_gen_975edafa544a7d0ea0a8aa8c,train,test
images__train__exp26_gen_afe853092fae905c116a6701,train,test
images__train__exp26_gen_e1d954a42723fcc3104d91df,train,test
images__train__s1_auto_b95abae718e33f61ffdd3d32,train,test
images__train__s3_taco_000881,train,test
images__train__s1_auto_9120557a50c0e1d7ce5036ca,train,test
images__train__exp26_gen_42827f70419757a8e5917d0b,train,test
images__train__exp26_gen_5e5d48fe6f9379a6ae13de83,train,test
images__train__exp26_gen_f1a3b04dadf2b5f6d8d99d51,train,test
images__train__exp26_rfbat_c42422c26af2a66c1b6f473b,train,test
images__train__exp26_rfbat_f6867b20e7bb1b3f372d09e9,train,test
images__train__exp26_rfbat_38d2b69d3519db0d1b524215,train,test
images__train__exp26_rfbat_777d05369d30ec423d1b0902,train,test
images__train__exp26_rfbat_4a9f9867cff2bc3ee1c6587b,train,test
images__train__exp26_rfbat_990b45561aa83ae63a620b81,train,test
images__train__exp26_rfbat_b61805c87c0400d259463f5f,train,test
images__train__exp26_rfbat_c23a168c9d03e4864c4e2eac,train,test
images__train__exp26_gen_410106db0dc57288b123970d,train,test
images__train__exp26_gen_7b7b191b11527c171e668801,train,test
images__train__exp26_gen_b09bb5d81fe4e65dfed54b6d,train,test
images__train__exp26_gen_051666f85f4abb8955214db5,train,test
images__train__exp26_gen_82e7b90c60da4c2435414119,train,test
images__train__exp26_gen_c2a27ef8510649975a8ad5a8,train,test
images__train__s2_supp_recybat24_06d9e408eeafe3c43e68,train,test
images__train__s2_supp_recybat24_09615a4c6382e4b8e73f,train,test
images__train__s2_supp_recybat24_0eead2f3c189bc29290d,train,test
images__train__s2_supp_recybat24_1d881130fa45305d538e,train,test
images__train__s2_supp_recybat24_2ed2b50a346357c703be,train,test
images__train__s2_supp_recybat24_38cfa4b33af8138833cb,train,test
images__train__s2_supp_recybat24_3aced861dafa587b74fc,train,test
images__train__s2_supp_recybat24_3b4fb1ab74115684d893,train,test
images__train__s2_supp_recybat24_3f0646d4ee0b9489f9c6,train,test
images__train__s2_supp_recybat24_45f7568e3e8e043749ce,train,test
images__train__s2_supp_recybat24_464ec4ac866f364f5df3,train,test
images__train__s2_supp_recybat24_466be801450f593aa980,train,test
images__train__s2_supp_recybat24_5d410f720580efaf0907,train,test
images__train__s2_supp_recybat24_5fcb479f1ed308917251,train,test
images__train__s2_supp_recybat24_5fcdaf8dce8515056a77,train,test
images__train__s2_supp_recybat24_630d2ca1217e3cc9ebc3,train,test
images__train__s2_supp_recybat24_65ed6d2b668a5fd97056,train,test
images__train__s2_supp_recybat24_66fdd424f9049daaaf45,train,test
images__train__s2_supp_recybat24_71803bcb5a6c31332167,train,test
images__train__s2_supp_recybat24_7b1e51cdcd0c37d351f4,train,test
images__train__s2_supp_recybat24_96712c984a165c44bc74,train,test
images__train__s2_supp_recybat24_bdeaa653e71f45ebcb86,train,test
images__train__s2_supp_recybat24_be197ef9c45bb8dacd51,train,test
images__train__s2_supp_recybat24_bf6457b42a34ac22f968,train,test
images__train__s2_supp_recybat24_c1b3d58995b045f5f202,train,test
images__train__s2_supp_recybat24_d09d1db96d351c24aae0,train,test
images__train__s2_supp_recybat24_f03274d377bb60e17d92,train,test
images__train__s2_supp_recybat24_f393a9dcf27754538a36,train,test
images__train__s2_supp_recybat24_f3c4faf8fe92e3712aa3,train,test
images__train__s2_supp_recybat24_f5ec2907cf928fee6318,train,test
images__train__exp26_gen_0cf1e8c5594dc131a016d033,train,test
images__train__exp26_gen_9f969fdf5021326da89bae76,train,test
images__train__exp26_gen_cebb6cb461a5ffd0a8763e63,train,test
images__train__s1_auto_275b5f5ed28a4f61c0fedc0c,train,test
images__train__exp26_rfbat_297efacd5d90249bdaef09cd,train,test
images__train__exp26_rfbat_47be096ea5a9dc0dc3bafb4b,train,test
images__train__exp26_rfbat_d7df108d625e01290261f93a,train,test
images__train__exp26_rfbat_f492fcdc0173b1123cfe73a0,train,test
images__train__exp26_gen_152ff945b7427f0270a4a5cb,train,test
images__train__exp26_gen_7770de79fc1e1a6a12b5909b,train,test
images__train__exp26_gen_9eee7d63f3cf60499162da5e,train,test
images__train__exp26_gen_9cd9106431f1c22f8e28a9b3,train,test
images__train__exp26_gen_c7785009b2545647fe46fe3f,train,test
images__train__exp26_gen_f96a62cab9f977192695b5d1,train,test
images__train__s1_auto_f576680aeb559458f76a614c,train,test
images__train__exp26_gen_63ddea54594d8bc6df6c8d11,train,test
images__train__exp26_gen_67e7409e45838dbdb3073df6,train,test
images__train__exp26_gen_6ebf1e8ce38ca69de5d8a1e4,train,test
images__train__exp26_gen_de9f0fb44efe6f795aa7755b,train,test
images__train__exp26_gen_154d98efa4a915760483cf4f,train,test
images__train__exp26_gen_289f8e733ac75e4c402873e8,train,test
images__train__exp26_gen_956d053c9f64792365d24626,train,test
images__train__exp26_gen_abff7c8651175a10c4324714,train,test
images__train__s1_auto_d045397d8fe18724e92652ca,train,test
images__train__exp26_rfbat_0fc3d111764d62fc52a9bc91,train,test
images__train__exp26_rfbat_10ae00ecc4d46c23cb510771,train,test
images__train__exp26_rfbat_1cc7f4423cf8bff2c1c83425,train,test
images__train__exp26_rfbat_2a52797a10b2faa3955baaf0,train,test
images__train__exp26_rfbat_43a476ac43044889ac9100eb,train,test
images__train__exp26_rfbat_829badb182a358c8a4bcc437,train,test
images__train__exp26_rfbat_bc7fa9a9d437ed31279e0ec2,train,test
images__train__exp26_rfbat_c2ca9ef7015eb865005025cf,train,test
images__train__s1_lm_31525db3a9bb3c09594a1237,train,test
images__train__exp26_gen_30473e3db92790527d15fca6,train,test
images__train__exp26_gen_610928bf3294d0509cc54e83,train,test
images__train__exp26_gen_91cb9e5052a1e78f160e0900,train,test
images__train__exp26_gen_a3b0f4d62eec0a9743e4e0b9,train,test
images__train__s1_auto_0028987b90ed08c5d83524d3,train,test
images__train__s1_lm_10e4b65b9e25209e2a7ee0cc,train,test
images__train__s1_rf_5422995fdc3fbd70b644532b,train,test
images__train__s3_taco_001320,train,test
images__train__exp26_gen_49e337ee098b9e64e86c3368,train,test
images__train__exp26_gen_7985f8ac51338ce5ede0a781,train,test
images__train__exp26_gen_934814d36989f2ffff675521,train,test
images__train__exp26_gen_2ce0b8f50e5ad8b1195d002f,train,test
images__train__exp26_gen_7ad5d4c7e023e8532d791146,train,test
images__train__exp26_gen_c0759604971b8ea3ed1d426e,train,test
images__train__exp26_gen_e30fceeea59b846fd63d1957,train,test
images__train__s1_auto_9ddf53761681b27ecf3ed609,train,test
images__train__exp26_rfbat_22c31b03b724c9f3b3fb1a1e,train,test
images__train__exp26_rfbat_3415250d03b36179583a6097,train,test
images__train__s1_auto_e4fddc822a7689b057d5298f,train,test
images__train__exp26_gen_5534b14038dd90a70674f41f,train,test
images__train__exp26_gen_59c2f2243e5bb5045423419d,train,test
images__train__exp26_gen_b683d62be0e1ada33d72f3bb,train,test
images__train__exp26_gen_60739928dc2f2c93f7a9ccb5,train,test
images__train__exp26_gen_7dcdf819d1a918f5a7185a96,train,test
images__train__exp26_gen_c82e3986514d2b5322eec793,train,test
images__train__exp26_gen_3cd862915b51ec6d3d83b1d1,train,test
images__train__exp26_gen_605af9f7d739498ad3f7d810,train,test
images__train__exp26_gen_d4b7b8342d46af90a98f826b,train,test
images__train__s1_auto_d07db9db8804486bd2f8f24a,train,test
images__train__exp26_rfbat_3ee5fce5ea84a660e27f7165,train,test
images__train__exp26_rfbat_412d7c5026774cd05c48c79c,train,test
images__train__exp26_rfbat_291f2c37018ae033525c750c,train,test
images__train__exp26_rfbat_31d4c19f8f5bfbac3bc62f1f,train,test
images__train__exp26_rfbat_c99cacfd4c7b4890b299657f,train,test
images__train__exp26_rfbat_cd50fec151ca00102b6de672,train,test
images__train__exp26_rfbat_ebffca6e9a245efb9b41990f,train,test
images__train__exp26_rfbat_f281c65291c4911a3fcd9376,train,test
images__train__exp26_rfbat_a56a4b9527c1a55beaf58c15,train,test
images__train__s1_lm_bd5a32972ec54dd5a1236273,train,test
images__train__exp26_rfbat_06f4a45e221814ec0547516e,train,test
images__train__exp26_rfbat_30e2266366351ba081b033a1,train,test
images__train__exp26_rfbat_96eded871e8ae34d03d6fb81,train,test
images__train__exp26_rfbat_ee701cc5de19e4f7c350a9ec,train,test
images__train__exp26_rfbat_7260f08f261f60531e48109f,train,test
images__train__exp26_rfbat_d161e2103511c18cf7727e6a,train,test
images__train__exp26_gen_215cefa490ea218c49d46ba6,train,test
images__train__exp26_gen_31adfb7e790e9d7aa7af86da,train,test
images__train__exp26_gen_d86b2d5224b77927ce228913,train,test
images__train__exp26_rfbat_93c2198ff8c76f9bee2ce8be,train,test
images__train__exp26_rfbat_ac22680c0a9912fc5b30d9a1,train,test
images__train__exp26_gen_4746a45da5b94fca75722a18,train,test
images__train__exp26_gen_b1ed519a228dac1def7312b0,train,test
images__train__exp26_gen_cffb255fa2bdfc2e5750530d,train,test
images__train__s1_auto_ed6e04512460309ea2a36000,train,test
images__train__s1_lm_814395089005335f2b063383,train,test
images__train__exp26_rfbat_3fc8e42ef7bf54a334b37af0,train,test
images__train__exp26_rfbat_7aba77bff2d645ee315ba498,train,test
images__train__s2_f_17_x014_c205_1116_1,train,test
images__train__s2_f_17_x014_c205_1116_4,train,test
images__train__exp26_gen_1d9bf3d5938ab5248b7e934e,train,test
images__train__exp26_gen_2e89232cda39bdf895ce8565,train,test
images__train__exp26_gen_43d8344b20fd234f969e9060,train,test
images__train__s1_auto_84dfde7cc59a453a83dfa3be,train,test
images__train__s1_auto_fe88d55757c93a1a33eab342,train,test
images__train__exp26_gen_66e982a5e76645dd8999e20b,train,test
images__train__exp26_gen_97e2a3dc665c45c1c226cd9e,train,test
images__train__exp26_gen_aa3ba37043e4c94e0c82ef63,train,test
images__train__exp26_gen_ff3ef9aa9fe664510245c757,train,test
images__train__exp26_rfbat_9ee398f03458a5db4f61f778,train,test
images__train__exp26_rfbat_11d7d855baf60e0e237acdf3,train,test
images__train__exp26_rfbat_1472f2af53203999980d4013,train,test
images__train__exp26_rfbat_1d133a876e373d695fd8e6b7,train,test
images__train__exp26_rfbat_36fcd8fa6cd6e6d6fc128235,train,test
images__train__exp26_rfbat_6752111a944c4938e537c06c,train,test
images__train__exp26_rfbat_77b9122507ff64c3d69f12d1,train,test
images__train__exp26_rfbat_8550ac50190e54caeff3c1d4,train,test
images__train__exp26_rfbat_9980687f9a16faffa13ae109,train,test
images__train__exp26_gen_537a1f509d14780ecad53aec,train,test
images__train__exp26_gen_dce2fe7418ab19362e9ea1a6,train,test
images__train__exp26_gen_df87f09a7a2df13226c1313b,train,test
images__train__exp26_gen_ae5953fa28ab19307914200a,train,test
images__train__exp26_gen_b98be8789925778aeec7a9cc,train,test
images__train__exp26_gen_e33ea1548e987196912b43c9,train,test
images__train__s1_auto_9d06e9921d90019660009064,train,test
images__train__exp26_rfbat_4d5247cfba7584d0b99a6d14,train,test
images__train__exp26_rfbat_5a7541e13a79a88a4bd17331,train,test
images__train__exp26_rfbat_9c92c742b62a7c6b409662e2,train,test
images__train__exp26_gen_20d3c4e581405281ff827e75,train,test
images__train__exp26_gen_4d1ffbb8517b0ab3baa71aa6,train,test
images__train__exp26_gen_8d36fd5db663a1e5cdcb8006,train,test
images__train__exp26_rfbat_58eba135fd53a67cfd6bcf16,train,test
images__train__exp26_rfbat_b4f929d810b27e3e25047c92,train,test
images__train__s1_auto_4fe1753940ffa420df218d4a,train,test
images__train__s1_auto_0e67db8aab9c81f09a6fbfc7,train,test
images__train__exp26_rfbat_13a1042f7fb6672c1466670e,train,test
images__train__exp26_rfbat_1fe91a70335354914453572d,train,test
images__train__exp26_rfbat_6996b10791af3e4c7273299a,train,test
images__train__exp26_rfbat_80cf64295fb6f54bc5e97e22,train,test
images__train__exp26_rfbat_5e90cdd19804b8ed91a2b14b,train,test
images__train__s1_lm_386dfdddacb75b379fb558be,train,test
images__train__s1_auto_8ee74f17ae947dbdc03dc820,train,test
images__train__exp26_gen_0de21b329cba3192c758c701,train,test
images__train__exp26_gen_2e996d87ed0695baf312dcaf,train,test
images__train__exp26_gen_a3a549f221dafe901517dd90,train,test
images__train__s1_auto_79f56beb96159f457b19d530,train,test
images__train__exp26_gen_1c7a4bd805adda751cd99d7e,train,test
images__train__exp26_gen_5251c19c1b85a5760c971f87,train,test
images__train__exp26_gen_68f62cecea0ac66dd74b3814,train,test
images__train__exp26_gen_f40b9022005c2d1023cf3102,train,test
images__train__exp26_rfbat_56780d19bf86df9f80d24c84,train,test
images__train__exp26_rfbat_f5b2093de0530a27e90a41ea,train,test
images__train__exp26_rfbat_1a5954665ce2910cfb13faf7,train,test
images__train__exp26_rfbat_8033cbece7977a1418fc03f1,train,test
images__train__exp26_rfbat_ba0f088950c770550a5ef310,train,test
images__train__exp26_rfbat_fe5ad4c9957907ab4931e36d,train,test
images__train__exp26_rfbat_0d83606f5d8dd8e067c865cf,train,test
images__train__exp26_rfbat_55b2f5aa0e1461f67a5ec6b3,train,test
images__train__exp26_gen_5bec6693e7d4e1f16f1af6a6,train,test
images__train__exp26_gen_7391ee6970b6b93250daea48,train,test
images__train__exp26_gen_c99391d082aaabaff3112bc5,train,test
images__train__exp26_gen_b7602e2a57af41891cd22fa8,train,test
images__train__exp26_gen_c10e47e6ca04e1cf126ea248,train,test
images__train__exp26_gen_cae062d6b1ed5f8136750b9f,train,test
images__train__s1_auto_812d1d9fd166e5c1b6619024,train,test
images__train__exp26_rfbat_29f89cb2f4e192332a55fd20,train,test
images__train__exp26_rfbat_8f5bd91e119036ce4b0be4ce,train,test
images__train__exp26_rfbat_b3844c5006b56892e7af9e3b,train,test
images__train__exp26_rfbat_e3404b004c975ad6cbbe0bbe,train,test
images__train__exp26_gen_2fe4189cceeb01786dd78a98,train,test
images__train__exp26_gen_4d97dfdb767508320aec2f42,train,test
images__train__exp26_gen_d7a944292c1e1c7ab98ea852,train,test
images__train__s1_auto_f5919862589ae147e58796c3,train,test
images__train__exp26_rfbat_9d88c9e4b1ba8c557edec7fe,train,test
images__train__exp26_rfbat_afaacd883217e2eb96b61a23,train,test
images__train__exp26_rfbat_c75635e7738c56d9e5c5f6eb,train,test
images__train__exp26_rfbat_08aa5c382a0644138825ea33,train,test
images__train__exp26_rfbat_4f17b906f28687b819224e62,train,test
images__train__exp26_rfbat_0a9fb1aa3013cff0b60c8555,train,test
images__train__exp26_rfbat_0d93585dc7443cc698a045e9,train,test
images__train__exp26_rfbat_15d458e59fddf8a9250893ea,train,test
images__train__exp26_gen_1f9f674b3f90756f5b2d8c9d,train,test
images__train__exp26_gen_4523d2e2f57ff59dd3c7cc80,train,test
images__train__exp26_gen_96ee9250331250ce9b6837b3,train,test
images__train__exp26_rfbat_2717e008d2f8d11f3a69d78a,train,test
images__train__exp26_rfbat_983832ed55591afebc91a563,train,test
images__train__exp26_gen_20229e463fc07354fa34e0c2,train,test
images__train__exp26_gen_3978baa95c748bea71648f8b,train,test
images__train__exp26_gen_69b65e0e7810710288bba730,train,test
images__train__exp26_gen_f3fb5247efd7e96e1162fc9b,train,test
images__train__exp26_rfbat_514153712913d531fc6fe550,train,test
images__train__exp26_rfbat_53b045ad9ab447d922d6c30c,train,test
images__train__exp26_rfbat_5845472ba07fad6b0481716c,train,test
images__train__exp26_rfbat_5e1b21a8c205a36d0edc80f2,train,test
images__train__exp26_rfbat_600bb5f1652f403d8f986e69,train,test
images__train__exp26_rfbat_7a8963eac9cb0f9eb0b3d741,train,test
images__train__exp26_rfbat_4221809ecf14bd54d8ef5056,train,test
images__train__exp26_rfbat_484c961360c24bf275ae5f16,train,test
images__train__exp26_rfbat_d0abfaf5da274ecc4ab16cc7,train,test
images__train__exp26_rfbat_d9372c8141c38f4c51bb8b57,train,test
images__train__exp26_rfbat_e9f8cf498ce66df9c17a1872,train,test
images__train__exp26_rfbat_f3b536687df85c0bc9907506,train,test
images__train__exp26_gen_667613c80cacedd805691d23,train,test
images__train__exp26_gen_79eb7e79c6265d21f84015eb,train,test
images__train__exp26_gen_e8239dd1eca8bb3c64d755a1,train,test
images__train__exp26_gen_3bb83f3b735ea79f54e99004,train,test
images__train__exp26_gen_62ca04570e5ca07593757325,train,test
images__train__exp26_gen_8a0d0f5e7e2af327316bd455,train,test
images__train__s1_auto_03269bc1bcba726f21bba01a,train,test
images__train__exp26_gen_593f2501987349d1eecb6a89,train,test
images__train__exp26_gen_b1fb7b5298b12a59583501f9,train,test
images__train__exp26_gen_bf3f9c777aca4781ea7e43b3,train,test
images__train__s1_auto_eee8d90286ce79ebba82861a,train,test
images__train__exp26_gen_5f520c747c92751e7e0d2ce1,train,test
images__train__exp26_gen_72c9d31f3f4c470b66f9c17f,train,test
images__train__exp26_gen_86c97eb20cde67728fe07024,train,test
images__train__exp26_gen_124ee7993415adce0a0a1482,train,test
images__train__exp26_gen_42be502bec87da07c0eb3a4e,train,test
images__train__exp26_gen_50085d294b94d707f709701a,train,test
images__train__s2_supp_recybat24_073503d55a2eccb5e591,train,test
images__train__s2_supp_recybat24_0d3b0ff8107a53c4bfe0,train,test
images__train__s2_supp_recybat24_0eda6093514c166f76a3,train,test
images__train__s2_supp_recybat24_0fe16839fcb142a31e94,train,test
images__train__s2_supp_recybat24_11464f0adf553cdf6250,train,test
images__train__s2_supp_recybat24_2137981b31febcbd0663,train,test
images__train__s2_supp_recybat24_21e9e651942cf98b4b6f,train,test
images__train__s2_supp_recybat24_248f4984f21462e53dfa,train,test
images__train__s2_supp_recybat24_31a4db486190c3bab553,train,test
images__train__s2_supp_recybat24_3e6307a3adb1f8fda170,train,test
images__train__s2_supp_recybat24_47ca8277b4f00c939b8d,train,test
images__train__s2_supp_recybat24_4d5a908f8a934c219a31,train,test
images__train__s2_supp_recybat24_554e540d44384f7277f0,train,test
images__train__s2_supp_recybat24_57fa5941f8c7ed286993,train,test
images__train__s2_supp_recybat24_67bda0ae9ef61dd99f41,train,test
images__train__s2_supp_recybat24_706a55ec20854968d3a1,train,test
images__train__s2_supp_recybat24_77a06caefb58176585f2,train,test
images__train__s2_supp_recybat24_971f171e0bae1b692ec2,train,test
images__train__s2_supp_recybat24_9b65383d9c407d21e7c2,train,test
images__train__s2_supp_recybat24_ae9f2f6ade99e11da625,train,test
images__train__s2_supp_recybat24_b08f4cbd123ed6f30696,train,test
images__train__s2_supp_recybat24_b446816236073938ad20,train,test
images__train__s2_supp_recybat24_b6843c55da3436509ed3,train,test
images__train__s2_supp_recybat24_b7fec51630325b194983,train,test
images__train__s2_supp_recybat24_be997cfc529e23905b7f,train,test
images__train__s2_supp_recybat24_c99fb1864af7d03e3a15,train,test
images__train__s2_supp_recybat24_d636b64e5f1148a49488,train,test
images__train__s2_supp_recybat24_f49cf6cb59fc6f033833,train,test
images__train__s2_supp_recybat24_f558365757a425887d88,train,test
images__train__s2_supp_recybat24_fd4682fc485191ab9e9b,train,test
images__train__s1_lm_c235676c3b8a9410e2c1e9e4,train,test
images__train__exp26_gen_26270cc4428c469e9c7dddeb,train,test
images__train__exp26_gen_3f6286207f611c4e07294d5d,train,test
images__train__exp26_gen_c2cff05c09195e6f42536e11,train,test
images__train__exp26_gen_e7ceddf9ecd8927903bc89b1,train,test
images__train__exp26_gen_59b87f1700e1aca3049983db,train,test
images__train__exp26_gen_a0168189154816617ce2c9bd,train,test
images__train__exp26_gen_ce8fa798161b46602a0f8152,train,test
images__train__exp26_gen_0e0b2a50c438699ba26a8c5c,train,test
images__train__exp26_gen_1296980a0fda12e22fcd41c9,train,test
images__train__exp26_gen_d7d52936ce229196f9792b78,train,test
images__train__exp26_gen_fd4840d2a2d7d1fe0db016e5,train,test
images__train__exp26_rfbat_21c9bf51770e61e9a1f0786c,train,test
images__train__exp26_rfbat_ea591d544353759a4795983c,train,test
images__train__exp26_rfbat_8c763cabcbe7d9e47aaf891f,train,test
images__train__exp26_rfbat_c55e4aab9ff9abaa17180b91,train,test
images__train__exp26_rfbat_3bd92ec38c55522aa19dc38d,train,test
images__train__exp26_rfbat_424c0eff399d3f8dd32ff444,train,test
images__train__exp26_rfbat_e220a45545fe8bb95e989ca3,train,test
images__train__s1_auto_69e3eb3a64d3bc7604d43678,train,test
images__train__exp26_rfbat_0d7f2aec6aa12fd13a12ca94,train,test
images__train__exp26_rfbat_42fdc57d2f9ec7eca6e904e8,train,test
images__train__exp26_rfbat_979aeee3b82a72fd033070a3,train,test
images__train__exp26_rfbat_f8f7869818a6753651e8847f,train,test
images__train__exp26_gen_13f489dba50f266a73b42464,train,test
images__train__exp26_gen_34c39b6251c7a7a870591c2d,train,test
images__train__exp26_gen_67fdf85d345f679dd42c6101,train,test
images__train__exp26_gen_8fcb0d72a55b0dd5cdafcfd7,train,test
images__train__exp26_rfbat_249206c2922be974ebfcbbb3,train,test
images__train__exp26_rfbat_c559e7b131fe7f7f0e89ed49,train,test
images__train__s1_lm_ccc4a8422ddf684397062a65,train,test
images__train__exp26_rfbat_0e8c9b4fc11194ea7919b633,train,test
images__train__exp26_rfbat_a042f565dc2060d6424a13fa,train,test
images__train__exp26_gen_22c192cd15ff73c547570d19,train,test
images__train__exp26_gen_32fb958a2c8382fff3a30ee4,train,test
images__train__exp26_gen_e11781df9048ede1b6f40694,train,test
images__train__s1_auto_590eea415cfdcfc510156b24,train,test
images__train__exp26_gen_3a08b553c9c37ff29e05e7a0,train,test
images__train__exp26_gen_9caf4816fc57b5c9d88e8338,train,test
images__train__exp26_gen_e5813ec7a0db66bf13092a4f,train,test
images__train__exp26_gen_c1088da5cbfdab15fb2a8926,train,test
images__train__exp26_gen_ea8277846210b9d469682edf,train,test
images__train__exp26_gen_ef3fd2ff5258d5b00e1cb596,train,test
images__train__exp26_gen_3631b26a4736b399e6a62a0c,train,test
images__train__exp26_gen_7fac5f4199891905fc5a4dec,train,test
images__train__exp26_gen_fa70f9ff5edf7ad37d988473,train,test
images__train__exp26_rfbat_8a48405dfb6f087ea9455bb9,train,test
images__train__exp26_rfbat_f7037f57c0a9807e018cd371,train,test
images__train__exp26_gen_5a70c745bfbf59d6e6fbfe4b,train,test
images__train__exp26_gen_84f1c8afab7ddf5ceeef3dfb,train,test
images__train__exp26_gen_b598c68197141c9250c0ad27,train,test
images__train__exp26_gen_16390cdefd17e7a7ab18072c,train,test
images__train__exp26_gen_6a87049af5aa331b8475a247,train,test
images__train__exp26_gen_71d99f632c71899f2d70bca7,train,test
images__train__exp26_gen_14c15e68e939881daafbca2b,train,test
images__train__exp26_gen_2ddc19b6b810af59b53f1241,train,test
images__train__exp26_gen_ae25cc602a1b11d32e6a9ab9,train,test
images__train__s1_auto_09dd8b1f3ecee25065295823,train,test
images__train__exp26_gen_159b1408071fdb1c92c0127f,train,test
images__train__exp26_gen_220207dae5cc46b101838bb1,train,test
images__train__exp26_gen_cdb19c489f520b1c440a557a,train,test
images__train__exp26_rfbat_2016e9161106c86300b55748,train,test
images__train__exp26_rfbat_37b8ba1a2333b9825b6f66b7,train,test
images__train__exp26_rfbat_b3372610f61dd9ddf7e9d57e,train,test
images__train__exp26_rfbat_b731e6251a02f66662abd433,train,test
images__train__exp26_rfbat_e1c162b689e4a76f556c5074,train,test
images__train__exp26_rfbat_34c7e4f33bbdaf3c19f25331,train,test
images__train__exp26_rfbat_7b19ad132d49384914fabff9,train,test
images__train__s1_auto_e19e8ee0a59b19ce569631ce,train,test
images__train__exp26_rfbat_12a990f0d0edf6f6d9b9a5fc,train,test
images__train__exp26_rfbat_33ef96919f4568d0f471f76e,train,test
images__train__exp26_rfbat_5570bb4bf9a8734443ad3a8f,train,test
images__train__exp26_rfbat_7969b066ff6644b60f0533fc,train,test
images__train__exp26_rfbat_a402fd12924718dcbb72cbbb,train,test
images__train__exp26_rfbat_e2f6038402b77bd1a08257ef,train,test
images__train__exp26_rfbat_2f68a1432997baf431b3bbb7,train,test
images__train__exp26_rfbat_adce6aa35bce4a9001d9e8ac,train,test
images__train__exp26_gen_196d29d6e17938b90bdf1cb4,train,test
images__train__exp26_gen_32acc1367a69e5b91f0b731a,train,test
images__train__exp26_gen_97938d2a84d1b278aabcd7cc,train,test
images__train__exp26_gen_e281c8d2f914597c729d6f47,train,test
images__train__s1_auto_4190879cadf8aa6a6af9cd12,train,test
images__train__exp26_rfbat_a50a955d1b32dd873ba829ca,train,test
images__train__exp26_rfbat_e9bddecf65c166c3db49e101,train,test
images__train__exp26_gen_3aab988d6384048bb0589aa6,train,test
images__train__exp26_gen_47c181d21aacf500bf57648a,train,test
images__train__exp26_gen_f1f496370f4bb8896fb0e5d6,train,test
images__train__exp26_rfbat_719e10f5206dc5915ad0e0aa,train,test
images__train__exp26_rfbat_c0b249f88aea00d8672334ab,train,test
images__train__s1_auto_d27a5c9c86bc24485638284e,train,test
images__train__exp26_rfbat_b4fb3bd0b2c83cd50ec54a49,train,test
images__train__exp26_rfbat_d1f371dc2de3e0944d54da7c,train,test
images__train__s1_auto_699d8f370c22e1ca402480a8,train,test
images__train__exp26_rfbat_68928a5f33a92a8540f68bac,train,test
images__train__exp26_gen_201bf4d671c371ed12bee3bb,train,test
images__train__exp26_gen_97acb61f37de68794f0b73ed,train,test
images__train__exp26_gen_d10af8025b2f656c17b075f7,train,test
images__train__exp26_gen_509af8e7ac7161439bee1bc2,train,test
images__train__exp26_gen_83dec4b234a4e835c7b775db,train,test
images__train__exp26_gen_baca2b14f87e1f13d802f9d8,train,test
images__train__exp26_gen_ea9a60768781a18affcd1a58,train,test
images__train__s1_auto_75f9a086859d49a1d4f3c53a,train,test
images__train__exp26_rfbat_46afbb042142f41ee1aebf4f,train,test
images__train__exp26_rfbat_6557d899df0d2ca453e07bdc,train,test
images__train__exp26_rfbat_724dc0431fed9b3768be7823,train,test
images__train__exp26_rfbat_79a9fdd831a9ed7d24469eda,train,test
images__train__exp26_rfbat_c4c4899fc93a468c9c3c3ef8,train,test
images__train__exp26_rfbat_fe7b6836b551af3569523e78,train,test
images__train__exp26_gen_369a090f7e7068a5e4d8aacd,train,test
images__train__exp26_gen_72ed28370fb636078742dfc0,train,test
images__train__exp26_gen_8c0c723be1be27473c4be9c3,train,test
images__train__exp26_gen_ef23d9a9f62e41705dd0aa50,train,test
images__train__s1_auto_1737c7cea6a9e352414bcbaa,train,test
images__train__exp26_gen_124df31a9ab4226db13d860f,train,test
images__train__exp26_gen_29e9964871699acfb9d58b7b,train,test
images__train__exp26_gen_47111c7aa038fcdff7ae2956,train,test
images__train__s1_auto_4606fb885763e30440aa6b9f,train,test
images__train__exp26_gen_5447dc3d0ca8536da066f4a7,train,test
images__train__exp26_gen_c21b927ab921d3bd0bdfdd99,train,test
images__train__exp26_gen_d8eb5996e4374da670dea298,train,test
images__train__s1_lm_de30d40fcb99b130cff0bd20,train,test
images__train__s1_lm_3991abfebc78e842915b7434,train,test
images__train__exp26_gen_4c16c3a568fd450d2b693a84,train,test
images__train__exp26_gen_54b5a94375d39cd9e6925a98,train,test
images__train__exp26_gen_bf17558f09c0b8314423fb40,train,test
images__train__exp26_gen_1afc68b1ae2b16032fa8cffe,train,test
images__train__exp26_gen_5fbce81f79a1dbc9054c5249,train,test
images__train__exp26_gen_f6d4957f93ea991dca44872e,train,test
images__train__exp26_gen_3e3426500bd3ed280ddc5666,train,test
images__train__exp26_gen_4419375823d9232e3644503d,train,test
images__train__exp26_gen_6dd2a8daef676acf02341b22,train,test
images__train__s1_lm_4efc6c45eca806f37672c45a,train,test
images__train__exp26_rfbat_121e8da461ebdc5ffd799db5,train,test
images__train__exp26_rfbat_621ca34eca086af5a51a30d0,train,test
images__train__exp26_rfbat_d5809b8a8fe957a9d4cf9843,train,test
images__train__exp26_rfbat_d7cafede1111b700a8f4b9eb,train,test
images__train__exp26_rfbat_43de926654d410be12a1eedd,train,test
images__train__exp26_rfbat_e8507fa1fddd2332dac8058c,train,test
images__train__s1_lm_1fc46e5d302153356c27ec75,train,test
images__train__exp26_rfbat_4bc56fa8f8113dc62b0feb15,train,test
images__train__exp26_rfbat_57ff8ee6af93978f5cd31b2f,train,test
images__train__exp26_rfbat_8810a9ced955fbfb182075e9,train,test
images__train__exp26_rfbat_0ce66f255c40ec21baed94d7,train,test
images__train__exp26_rfbat_4d4392401b5706eed516b7a3,train,test
images__train__exp26_rfbat_4e1d3162bfbdf96e36789c51,train,test
images__train__exp26_rfbat_717cd40b788fe02568cdea9c,train,test
images__train__exp26_rfbat_7241e6bff8ee46613e721c0c,train,test
images__train__exp26_rfbat_f5e72b8cad09aec9838a5e00,train,test
images__train__exp26_rfbat_4cb425ff425f78572258d4b9,train,test
images__train__exp26_rfbat_7a0bc9809d3366283d96b1fd,train,test
images__train__exp26_rfbat_95af7fc31250f7981dd523f9,train,test
images__train__exp26_rfbat_ecad03643954d4c11c3de857,train,test
images__train__exp26_gen_8a26596c3350e6006431bc7c,train,test
images__train__exp26_gen_bddce629a005665833ab3abf,train,test
images__train__exp26_gen_e66488607f203fd1346c8bbe,train,test
images__train__s1_lm_ce79e7c7aab665792cf36238,train,test
images__train__exp26_gen_2cde45da06fdec860b19a238,train,test
images__train__exp26_gen_61392f3076c5356f57c65a4e,train,test
images__train__exp26_gen_6ef18dcfbf31463ae3ae884b,train,test
images__train__exp26_rfbat_5deca9a1f870220e42f58ffa,train,test
images__train__exp26_gen_0bcce1e273fa4e85712953f8,train,test
images__train__exp26_gen_2c883b43ab31cb3aa0f426a5,train,test
images__train__exp26_gen_6b52a65c1cf4c681ee914d1c,train,test
images__train__exp26_gen_ce1ab6fe9ad05a31e5e8408f,train,test
images__train__exp26_rfbat_21932e6e722d81d36548f0bc,train,test
images__train__exp26_rfbat_f13e10b10cf67dc2405d0555,train,test
images__train__exp26_gen_078103f3e64ba9f323beaa6b,train,test
images__train__exp26_gen_5e2aa04149f726479ec9a138,train,test
images__train__exp26_gen_5e7a8d9d230ed363e4d96365,train,test
images__train__exp26_gen_d2d74538fa8fee0d077bead7,train,test
images__train__s1_auto_3e94e95601b189d55cb3cb75,train,test
images__train__s1_auto_0defce5e3ea9fcb3cd264b10,train,test
images__train__exp26_rfbat_2532cb063e6f8ffac7923283,train,test
images__train__exp26_rfbat_556fc155f43d29cd0fd6003d,train,test
images__train__exp26_rfbat_794dafa28d067a8bc7c5ae6f,train,test
images__train__exp26_rfbat_999e3e0094c7799ad061f494,train,test
images__train__exp26_rfbat_ce8f1a3ab85d163a1f1e6ef0,train,test
images__train__exp26_rfbat_efb2e006e707193fa6cb1b48,train,test
images__train__exp26_rfbat_0d635da8a242cf8283c30ad0,train,test
images__train__exp26_rfbat_22251a1f2ed1730130a7b78e,train,test
images__train__exp26_rfbat_39646ab1243690991ec2b239,train,test
images__train__exp26_rfbat_ee9360f920331d667d295ac9,train,test
images__train__exp26_gen_1b77c2a5a86e90096c1aa72b,train,test
images__train__exp26_gen_65efba8ec8b81de9eba6b930,train,test
images__train__exp26_gen_71178fb9a0d32e926b06455c,train,test
images__train__exp26_gen_c35422f06b9cb87d4e1b7c4a,train,test
images__train__s1_auto_bd27e647caa589104bc9cf82,train,test
images__train__exp26_rfbat_160801f05208b24d8b053099,train,test
images__train__exp26_rfbat_8bb49f76485f7215a0c4469e,train,test
images__train__exp26_rfbat_01fa8ff0acba1f39a16066a3,train,test
images__train__exp26_rfbat_418bcfeab8fc837876fde7bd,train,test
images__train__exp26_rfbat_76be6911a089d6ebcc08bf00,train,test
images__train__exp26_rfbat_9096a268bf9642c7424b9a23,train,test
images__train__exp26_rfbat_a86b070d0b62e233b5cdfd6f,train,test
images__train__exp26_rfbat_c62ef5e25430787e62c19817,train,test
images__train__exp26_gen_3af24b8dbc6c7a2061e84154,train,test
images__train__exp26_gen_a83e305d1333a0283d893e9e,train,test
images__train__exp26_gen_c3ea4e5230e32e18f09fe3b1,train,test
images__train__s1_auto_42ab6771c8ce100b683df33b,train,test
images__train__exp26_gen_3aa0df6e3e0fd86b528f1389,train,test
images__train__exp26_gen_69089876e05e4d7d4232717f,train,test
images__train__exp26_gen_930d10c83ab1cdb9b8715bd9,train,test
images__train__exp26_gen_b458b7bd752be0d3ee0fb175,train,test
images__train__s1_auto_d32d11d7e18121b908d7e382,train,test
images__train__s1_lm_53f59488dc05538c646bebb4,train,test
images__train__exp26_gen_23b3b0c925e070ed8fd81a9b,train,test
images__train__exp26_gen_99c8dbc3122f66e307864590,train,test
images__train__exp26_gen_bdd3aaa091ebcffda0ea17d5,train,test
images__train__exp26_gen_ee487bc714be806e19d9cb1c,train,test
images__train__s1_auto_40c044c1b08444c3dd36f1bd,train,test
images__train__exp26_gen_34bfdd032b1b3925b389c9d9,train,test
images__train__exp26_gen_9308fb892aad4e742a48646c,train,test
images__train__exp26_gen_f4e5db6c21c2debcb4649493,train,test
images__train__exp26_gen_2240ee233ee40d61610e064e,train,test
images__train__exp26_gen_96ad9763982b5326da038374,train,test
images__train__exp26_gen_c3a5fafb8939e7c23b6f2e28,train,test
images__train__s1_auto_c2202c0322702432db8f66da,train,test
images__train__s1_lm_5798aa307c005bcd0340b16f,train,test
images__train__exp26_rfbat_158a0215d128ed2fcb959cba,train,test
images__train__exp26_rfbat_22756a59eb07683c97b4e070,train,test
images__train__exp26_rfbat_2d212a141600db7f80792555,train,test
images__train__exp26_rfbat_2da1e2b9869896864f69853e,train,test
images__train__exp26_rfbat_4e9b51a500b9ef8aaa9b0fe0,train,test
images__train__s1_auto_f49aa51a70694c54698b6670,train,test
images__train__exp26_gen_06777747685c4f883bd58a6d,train,test
images__train__exp26_gen_1bedc40d68bcc3981a469f4a,train,test
images__train__exp26_gen_aba6df78ba40c7e16469b11c,train,test
images__train__s1_auto_f2ecd5c9e529eb4848bd7a7d,train,test
images__train__exp26_gen_4750a4d185e32a4cbd1189b9,train,test
images__train__exp26_gen_b51e88298133e0533800c2c7,train,test
images__train__exp26_gen_f1692e5740c3f61a9d4bb164,train,test
images__train__exp26_gen_fbbf4a794baf9f45da697fd5,train,test
images__train__exp26_rfbat_19b68695ab6d3387dc91bae0,train,test
images__train__exp26_rfbat_1e992515abf4e6af13e89fbf,train,test
images__train__exp26_rfbat_3d1f490e9f4d906cf0602397,train,test
images__train__exp26_rfbat_5b53b1196d8137ba4d06bc4f,train,test
images__train__exp26_rfbat_c65dd594d1c3a020eafbaf87,train,test
images__train__exp26_gen_46a5bb99bf3063782ccff6b4,train,test
images__train__exp26_gen_52ad86f6b951e9a231cc8a46,train,test
images__train__exp26_gen_8d6af82ce2b635562f08ad51,train,test
images__train__exp26_gen_135a47b596dbb86cbade48a6,train,test
images__train__exp26_gen_1a09d4412ccef3fa9fceb89a,train,test
images__train__exp26_gen_408e98f4a6d631a5010792d9,train,test
images__train__exp26_gen_ee8fbfabfc16f13c45ff36cf,train,test
images__train__exp26_rfbat_3d205be9c16f35331b0e0aca,train,test
images__train__exp26_rfbat_8306e76eba02861f3bc3821b,train,test
images__train__exp26_gen_427ec4eb3c0b5c9b3fee39b0,train,test
images__train__exp26_gen_7051bd8a0f2d77fca4d8b1fc,train,test
images__train__exp26_gen_c41eb44f3813951b4d3234f3,train,test
images__train__exp26_gen_f29dbfb1ff6c0ec948d3a90c,train,test
images__train__s1_auto_c6ddadad1142543b4959103b,train,test
images__train__exp26_rfbat_263a904a2f048c191ca401fc,train,test
images__train__exp26_rfbat_3558221f98c2070b3272abd4,train,test
images__train__s1_auto_9389f46bd69827d454ca9272,train,test
images__train__exp26_rfbat_35e03c6f5e7528ef149a391d,train,test
images__train__exp26_rfbat_69810c3daef1e80cd2ec2bfa,train,test
images__train__exp26_gen_1be21beb881b0ecc62f61734,train,test
images__train__exp26_gen_450e1dcdb327192f700f03eb,train,test
images__train__exp26_gen_a686fd177c1fbf8e075fb6f7,train,test
images__train__s1_lm_fb0bc4065449a1f6b7c59610,train,test
images__train__exp26_gen_1d4f89084be7429251a73efb,train,test
images__train__exp26_gen_5226263647f32efb1dbac33d,train,test
images__train__exp26_gen_986cb6a6f7127d24a9b86d29,train,test
images__train__exp26_gen_a0e12522d30f1351f74661a6,train,test
images__train__s3_taco_000939,train,test
images__train__exp26_rfbat_01d936ddb1e8c9111a4a5f23,train,test
images__train__exp26_rfbat_ca1d09aaec8493cef5574e76,train,test
images__train__s1_auto_a11852de6ac4469ee1ab5457,train,test
images__train__s3_taco_001404,train,test
images__train__s1_auto_0064f1afda5e81db3abc5677,train,test
images__train__s1_lm_47c6c7279df1ec8ad1309c45,train,test
images__train__exp26_gen_23627b8404f2e3f8f487a07a,train,test
images__train__exp26_gen_3cddb3361a8e688557968b5e,train,test
images__train__exp26_gen_403145dbdf569901a3b1c4ee,train,test
images__train__exp26_gen_57e6fdb2ddbc4f7af3a84a5e,train,test
images__train__s1_auto_efc8ea5b3d161eb4bfcf2113,train,test
images__train__s1_lm_3efb4267ac82176e42837eca,train,test
images__train__exp26_rfbat_1a07afd4833440a1c51e07d8,train,test
images__train__exp26_rfbat_ec23815ec92e011d7d045c04,train,test
images__train__exp26_gen_51982a5ff3a6d3349026b9b2,train,test
images__train__exp26_gen_64debfd3982f32994fffb6b3,train,test
images__train__exp26_gen_f54bd4c43db5c2bcc7bf4fa9,train,test
images__train__s1_auto_65ab3dc1a6b9f079adb4d232,train,test
images__train__exp26_gen_06da67f73010efa3c6a690cd,train,test
images__train__exp26_gen_72acfd3297dd98120f194f88,train,test
images__train__exp26_gen_9865acdba95d72dd278ec057,train,test
images__train__exp26_gen_375440d8435fd0f0a3e46523,train,test
images__train__exp26_gen_400d80268fbfc747379ba170,train,test
images__train__exp26_gen_99cfd801c3808627b5bbaa65,train,test
images__train__exp26_gen_ae1b33ec563aa835dd688b10,train,test
images__train__exp26_rfbat_1acb84c1bd3cefcc1d039e5a,train,test
images__train__exp26_rfbat_8c3ad17d42e2add4f54c9559,train,test
images__train__exp26_gen_a33a635ca3140a91c36401b7,train,test
images__train__exp26_gen_bed07825dd103b40143fe574,train,test
images__train__exp26_gen_f02fbf9bde8d3d30f42c1110,train,test
images__train__s1_auto_c19d5a36de24d8b361f965fb,train,test
images__train__exp26_rfbat_03074c21086ea2a0e40a8e78,train,test
images__train__exp26_rfbat_99de778e18c8143b165cc0f3,train,test
images__train__exp26_rfbat_a78eb41434a059ec53108d7d,train,test
images__train__exp26_rfbat_e7c6c2d710e6d8fcf0de64f2,train,test
images__train__exp26_rfbat_f2950a9e0390503b46138a6e,train,test
images__train__exp26_rfbat_f5cd09c4c9126ed5a9172ef2,train,test
images__train__s1_auto_f256717e6476ff576ae22b06,train,test
images__train__s1_auto_f7f0f94e0aa04ec68a063ed0,train,test
images__train__s1_auto_048cb6461716d7dba1f995dd,train,test
images__train__exp26_gen_0ce8c6e7eddc486c4674d39d,train,test
images__train__exp26_gen_28ba358aacc53c2b1e6db2d7,train,test
images__train__exp26_gen_c66f00c110b1cf1352bd0559,train,test
images__train__exp26_rfbat_0a831e103b3b3664016fb95a,train,test
images__train__exp26_rfbat_ae024284af274323e3881c82,train,test
images__train__exp26_gen_109c0e0b8bd93a0e35eb2d8e,train,test
images__train__exp26_gen_627253fe772c17a2d2af3a97,train,test
images__train__exp26_gen_95f5773ac7e3ae9f75aacb5c,train,test
images__train__exp26_gen_d72828dad8a2be22e8e7f51f,train,test
images__train__s1_auto_ce2281de75701a74f8c38e75,train,test
images__train__exp26_gen_3d2345e1a84bebb502b7299e,train,test
images__train__exp26_gen_abb3758e654e302a25d140d1,train,test
images__train__exp26_gen_d9ce7a39ff994b96a404e707,train,test
images__train__exp26_rfbat_759d50b702cb3d89a5bbdd50,train,test
images__train__exp26_rfbat_d81755b0e81adc226d12511d,train,test
images__train__exp26_gen_3d9df5b4b3f4fb82b8ccec8a,train,test
images__train__exp26_gen_9d4390c80693e4a338135ba8,train,test
images__train__exp26_gen_b178bad0cafc8e2e9c92aa19,train,test
images__train__exp26_gen_f1b6834f02703656d05dba13,train,test
images__train__s1_auto_6f911708043cd08f390ffd7c,train,test
images__train__exp26_gen_4a43ff668ace928b01d4faba,train,test
images__train__exp26_gen_4d4ec1bc1caf743e93f3bbe5,train,test
images__train__exp26_gen_5f2ab805288fa9785db867d1,train,test
images__train__s1_lm_68cea20d9dccddb0404953be,train,test
images__train__s1_lm_12bc6d98b49057c52adb7719,train,test
images__train__s1_auto_806ad0b5d977d39437455546,train,test
images__train__s1_lm_2927ce2340f69f27ecf75da0,train,test
images__train__s1_lm_6ed6a57ece08abcb090842fd,train,test
images__train__s2_f_17_x003_c014_1027_0,train,test
images__train__s2_f_17_x003_c014_1027_1,train,test
images__train__s1_lm_50fecd7d4bbbdc6ff26cc64a,train,test
images__train__s1_lm_c521080504feae2e2e25c854,train,test
images__train__s1_lm_b0e5ab15ea79cb1b25911b3d,train,test
images__train__s1_lm_3776bce60d66cb75c02fb1a2,train,test
images__train__s2_f_17_x005_c015_1117_0,train,test
images__train__s2_f_17_x005_c015_1117_2,train,test
images__train__s1_lm_1933825fe6745793260661be,train,test
images__train__s1_lm_52f4f4b3d28b8fc059425b3c,train,test
images__train__s1_lm_566ff5f4786a7855f87a1197,train,test
images__train__s1_rf_8444e46abf7ae69cd00c473f,train,test
images__train__s3_taco_000043,train,test
images__train__s1_lm_42be5e5fcaa86ef657bff6e9,train,test
images__train__s1_lm_ea148238058d98799daebef1,train,test
images__train__s1_lm_b4f19c5e6d32806b20bd906c,train,test
images__train__s1_lm_2f9c34f7625d7de34e040228,train,test
images__train__s1_lm_e0de2d5fc636889e11fc27d4,train,test
images__train__s1_lm_23bd1db024370f2f91a467a6,train,test
images__train__s1_lm_bd17411cb767b4ca291e6420,train,test
images__train__s1_lm_153c33bf4f92d17e184e5c6e,train,test
images__train__s1_lm_64d990415988cb4cae0f6289,train,test
images__train__s1_lm_967db7b7ca72e01ebb64f480,train,test
images__train__s1_lm_7fb7b3a1cd700736f207cb77,train,test
images__train__s1_lm_3d2c0f73c01f05857a333d33,train,test
images__train__s1_lm_86a567e0b397520940b2b5cb,train,test
images__train__s1_lm_d0b4a526e19325eeb773c0ff,train,test
images__train__s1_lm_882f5af1982f868b330311bf,train,test
images__train__s1_lm_024d47e835def510afc17935,train,test
images__train__s1_lm_98828992c3b30d04a523207b,train,test
images__train__s1_rf_195ef20fa768635e2c22855b,train,test
images__train__s3_taco_001101,train,test
images__train__s1_lm_edab3ab955faf39346b4ba7b,train,test
images__train__s1_lm_27b85f8da54979206696eac5,train,test
images__train__s1_lm_6237ed3d020b0b2dfc11797b,train,test
images__train__s1_lm_1ea170dec306d44e3033fcef,train,test
images__train__s1_lm_f5c2e197833d6d6ba60431c8,train,test
images__train__s1_lm_c5cb75752d5a37403e546c89,train,test
images__train__s1_lm_14bbbef8e8a481f06c944af8,train,test
images__train__s1_lm_c397dce3d9b60c56865816e0,train,test
images__train__s1_lm_eff4e8709a5decc5a4edcba3,train,test
images__train__s1_lm_1e3707d18f0a4bac94d4d7c3,train,test
images__train__s1_lm_1dcfd924a7dda2b5ff74bd57,train,test
images__train__s2_f_17_x488_c777_0330_1,train,test
images__train__s2_f_17_x488_c777_0330_4,train,test
images__train__s1_lm_c828945c289e0130f4522e96,train,test
images__train__s1_lm_4e1cd16382d9651d419ced24,train,test
images__train__s1_lm_6316a07ae0363ee9ba521edc,train,test
images__train__s1_lm_dc4fc5a711d7f799c8440ef5,train,test
images__train__s3_taco_000010,train,test
images__train__s1_lm_40251d54c66d958bb82f9ff7,train,test
images__train__s2_f_17_x322_c500_0331_2,train,test
images__train__s2_f_17_x322_c500_0331_3,train,test
images__train__s1_lm_f05566a6dfb9337fa02a7378,train,test
images__train__s1_lm_8cdefd40a92faad4495633fe,train,test
images__train__s1_lm_7b71cbe9328c55231536fcec,train,test
images__train__s1_lm_ba56bab8791b525ab960b5e2,train,test
images__train__s1_lm_8024424581f055d0060a5c35,train,test
images__train__s1_lm_c39395f0ff5350b10845cea1,train,test
images__train__s1_lm_73a200362a4a4c80e51e56fe,train,test
images__train__s1_lm_6e2db40162ebbcdaba378f6e,train,test
images__train__s1_lm_34acc9a7c7ddf7209ac59063,train,test
images__train__s1_lm_dfc92a36e51c73cadd069cd9,train,test
images__train__s1_lm_d38dac4c0c30917f21ebb81c,train,test
images__train__s1_lm_abaa10e1c387f336c6433aeb,train,test
images__train__s1_lm_6c785240501700c7ff26524a,train,test
images__train__s1_lm_16a182003dc2d515605e59de,train,test
images__train__s1_lm_4f4b8ce1ff5e10defb45da26,train,test
images__train__s1_lm_5fb167a90fe32f9262813b4e,train,test
images__train__s1_lm_63c243fa8ad3a45f46d0ffa9,train,test
images__train__s3_taco_000605,train,test
images__train__s1_lm_51b60e784affa81003ce87ed,train,test
images__train__s1_lm_0a75a62a83812449de6eb3e8,train,test
images__train__s1_lm_1062f19ebb8686fc36a2155d,train,test
images__train__s1_lm_64b836500ef31e41cb57deff,train,test
images__train__s1_lm_6028e827fa9b61bb649cb681,train,test
images__train__s1_lm_7e35beb2a5bd76cffd18a924,train,test
images__train__s1_lm_4887f1c5ec0837dd76e0ec0c,train,test
images__train__s1_lm_b724daba4af9673513c4f671,train,test
images__train__s1_lm_4f76c4cd199bbf969ee42cf3,train,test
images__train__s1_lm_0b4063e5f02db2ee7b50312a,train,test
images__train__s1_lm_e43fa16203992669f758014c,train,test
images__train__s1_lm_3d7cdd3bdf7572e95f982277,train,test
images__train__s1_lm_0e1d5b937e79d50890f5dc2f,train,test
images__train__s1_lm_1f3d0b3ceb5d8e5352dd4664,train,test
images__train__s1_lm_a4102c62e5668704d7a7eda4,train,test
images__train__s1_lm_de5eec9d21b4cfb574290ec0,train,test
images__train__s1_lm_78bfdfcbb767cae9098e142a,train,test
images__train__s1_lm_2e5be49724b835952b6873a4,train,test
images__train__s1_lm_651552ce92e78254691488b4,train,test
images__train__s1_lm_f39512eb39439b8e6c5b1e18,train,test
images__train__s2_f_17_x021_c320_1126_3,train,test
images__train__s2_f_17_x021_c320_1126_4,train,test
images__train__s1_lm_97a0cc94a40afabd9d6c9eef,train,test
images__train__s1_lm_fd680c0a3b1871f99151d598,train,test
images__train__s1_lm_8c2f77326690dc322ede1241,train,test
images__train__s1_lm_8e01c7413fb9d68f0d5e05ef,train,test
images__train__s1_lm_ccbb929e77fe52bc83e579cd,train,test
images__train__s1_lm_f820af65afacb6ddf260ce8f,train,test
images__train__s1_lm_c3292a417792f9bd6343f8b3,train,test
images__train__s1_lm_b06ab410377097e35655730f,train,test
images__train__s1_lm_60962d75a92c4b7811eb3b50,train,test
images__train__s1_lm_3e4d9dce0817f378c894c73c,train,test
images__train__s1_rf_1bdf4aed3eae2b313ac598f2,train,test
images__train__s3_taco_001493,train,test
images__train__s1_lm_dbf4b8eef1c21adfeee04187,train,test
images__train__s1_lm_b7c9e192369f63ea90add010,train,test
images__train__s1_lm_f9b12a924d4418fe467dfd1d,train,test
images__train__s1_lm_075919daeb500690d06faccf,train,test
images__train__s1_lm_40edd374340958a3deac16b3,train,test
images__train__s1_lm_42522d587142c3b1ca3be1bc,train,test
images__train__s1_rf_0eb16e6ab0084b469f96a06c,train,test
images__train__s3_taco_000039,train,test
images__train__s1_lm_1d944f4270e5410d4e341ae7,train,test
images__train__s1_lm_fcf61779ae3b64897068946b,train,test
images__train__s1_lm_f430ce711afafb9c3d24014c,train,test
images__train__s1_lm_c493775c3dc3badc07026b65,train,test
images__train__s1_lm_c014469eefdabf1d6688c73c,train,test
images__train__s1_lm_f994accaf44121cb0aa0f6c5,train,test
images__train__s1_lm_98bd843c5868bfb8b059228b,train,test
images__train__s1_lm_83fb5d1c436bec36c9c17083,train,test
images__train__s1_lm_d54b0eb0dc5bbc2ad26521ef,train,test
images__train__s1_lm_4afd67caa5479fd9ae9c2c22,train,test
images__train__s1_lm_3520a3b4e8d24f07c133b51d,train,test
images__train__s1_lm_23c4c1b8c95f01fa9752d02c,train,test
images__train__s1_lm_c995dc432de690eb69c94e27,train,test
images__train__s1_lm_e4bb7fc4b7176d0eb9da4f11,train,test
images__train__s1_lm_70f27a57c91de025e04eba9c,train,test
images__train__s2_f_17_x004_c205_1105_2,train,test
images__train__s2_f_17_x004_c205_1105_4,train,test
images__train__s1_lm_0114d898056e59cd2756e6ee,train,test
images__train__s1_lm_a23f9d516be979ef69406209,train,test
images__train__s1_lm_3570fd46f8bb245253e226b5,train,test
images__train__s1_lm_30c137c25e0e14d81254610b,train,test
images__train__s1_lm_b6b087568e4437f145e8cbda,train,test
images__train__s1_lm_5abd8d950cbbc148e971901f,train,test
images__train__s1_lm_f9fdfb0b493860a293419059,train,test
images__train__s1_lm_c56daec767fa6f74d467a413,train,test
images__train__s1_lm_63ef56139764216b663676f5,train,test
images__train__s1_lm_a49354166de10c4ecfdaf015,train,test
images__train__s1_lm_98ddc34c7d7db8c0d3538927,train,test
images__train__s1_lm_13ad5ab1e575bfa022fc9f69,train,test
images__train__s1_lm_2b61ef09b1881fd569391f29,train,test
images__train__s1_lm_953c10162e3ca0385a63fbd1,train,test
images__train__s2_f_17_x002_c190_1201_2,train,test
images__train__s2_f_17_x002_c190_1201_3,train,test
images__train__s1_lm_0cbf7b3283b2bbb7aaeed519,train,test
images__train__s2_f_17_x006_c015_1022_0,train,test
images__train__s2_f_17_x006_c015_1022_1,train,test
images__train__s1_lm_4b1a32659f4b8221d4f1e61f,train,test
images__train__s1_lm_05bcd9d93f0198ed07e8d8f3,train,test
images__train__s2_f_17_x251_c777_0330_0,train,test
images__train__s2_f_17_x251_c777_0330_1,train,test
images__train__s1_lm_90615982df057344d8922f29,train,test
images__train__s1_lm_6cbde64549a9d552d97adda2,train,test
images__train__s1_lm_52f8abadfe886ae06ac8fa4b,train,test
images__train__s1_lm_171d4f86867f92af7a971dd8,train,test
images__train__s1_lm_7f0b5c89ce1fbb2ad927f60d,train,test
images__train__s1_lm_01dfef3891ad609966686d91,train,test
images__train__s1_lm_7b4e5a96ce637acc2330671c,train,test
images__train__s1_lm_aa11a19014d72fe974522399,train,test
images__train__s1_lm_01642351903f90275b212b19,train,test
images__train__s1_lm_8b9f9bb2ad4302bbe45ae85f,train,test
images__train__s1_lm_af4dd52e9180d45f4dc300e6,train,test
images__train__s2_f_17_x022_c329_1116_5_2,train,test
images__train__s2_f_17_x022_c329_1116_5_3,train,test
images__train__s1_lm_5715f991659c3bcc81644dfd,train,test
images__train__s1_lm_019a74004e43ea4604583707,train,test
images__train__s2_f_17_x092_c500_0331_0,train,test
images__train__s2_f_17_x092_c500_0331_2,train,test
images__train__s1_lm_188fed114c2c5d251da46a04,train,test
images__train__s1_lm_94a6091439848d1e75448ac5,train,test
images__train__s1_lm_8939c8f545e7ee5fca9da0c0,train,test
images__train__s1_lm_1390eaa8c9f3643dd60b5ed5,train,test
images__train__s1_lm_59d4e32b4443061e6dff8c61,train,test
images__train__s1_lm_6d0d8ea212dde70ab2c8fb28,train,test
images__train__s1_lm_e14799a83b6afa9cef262cc8,train,test
images__train__s1_lm_59bde776f0b5d8a2792ea897,train,test
images__train__s1_lm_96301a61af436b63c5c6ad3d,train,test
images__train__s1_lm_e57e0409744fde5a343bdc63,train,test
images__train__s1_lm_ccbe22a3d8a207832a8077c6,train,test
images__train__s1_lm_21a6861ae08d25db8a1f417f,train,test
images__train__s2_f_17_x135_c509_0111_2,train,test
images__train__s2_f_17_x135_c509_0111_4,train,test
images__train__s1_lm_beb081aa1ddbd42522ce94ed,train,test
images__train__s1_lm_e4eb7dea5ffb74ece215df0f,train,test
images__train__s1_lm_8cb42d9421a836941bc523be,train,test
images__train__s1_lm_675c621cc9a478568ae9d197,train,test
images__train__s1_lm_55bb07c376d9cdcfab683aa5,train,test
images__train__s2_f_17_x009_c190_1201_0,train,test
images__train__s2_f_17_x009_c190_1201_1,train,test
images__train__s1_lm_2a573bb9a23da90062c52c6b,train,test
images__train__s1_lm_d66dca0e755dcb060e42e6c1,train,test
images__train__s1_rf_e7b8e5170a8792e2313428ec,train,test
images__train__s3_taco_001044,train,test
images__train__s2_f_17_x325_c500_0331_2,train,test
images__train__s2_f_17_x325_c500_0331_3,train,test
images__train__s1_lm_0f32100ae7cac14e8d176c3b,train,test
images__train__s1_lm_179c627f75bec611e49a4caa,train,test
images__train__s1_lm_1d6ebb16be7b4f886c6bd56e,train,test
images__train__s1_lm_c41fd0bf8fc06f7f68a134b6,train,test
images__train__s1_lm_114b5a9b1131e722ceae339d,train,test
images__train__s1_lm_7fd34f75620ffa4fa54ab31d,train,val
images__train__s1_lm_afc7f61776a8b14d05e5e935,train,val
images__train__s1_lm_d0488a3fa3676ce302501eb2,train,val
images__train__s1_lm_6877531945aab2bcfd35d7b7,train,val
images__train__s1_lm_f07b891b7f749112af857db6,train,val
images__train__s1_lm_67de270b87f34da5be2523c2,train,val
images__train__s1_lm_9ee4fe7124f7dd342033ca2f,train,val
images__train__s1_lm_47fc43d59b71aae2dd427ee4,train,val
images__train__s1_lm_9e0581aadbad7499fbee3d4c,train,val
images__train__s1_lm_c4ac7d80e5b92810e5b9333b,train,val
images__train__s1_lm_7222618905600363db0c076e,train,val
images__train__s1_lm_0b6a273576c8f8be108e4932,train,val
images__train__s1_lm_632ef781e1b139798ebc2010,train,val
images__train__s1_lm_1938869bf160b93aafca2666,train,val
images__train__s1_lm_77eae584e301986344cf04f6,train,val
images__train__s3_taco_000958,train,val
images__train__s3_taco_000155,train,val
images__train__s3_taco_001435,train,val
images__train__s3_taco_000121,train,val
images__train__s1_lm_ee2f5f2deb41c8c74cf207c6,train,val
images__train__s1_lm_7a951a5b65613936c2e72dcb,train,val
images__train__s1_lm_b54b3b3fec6e83b23a1dcd43,train,val
images__train__s3_taco_001327,train,val
images__train__s1_lm_e91bc5a34b761156e32facd4,train,val
images__train__s1_rf_5e026834da2d6247008d9918,train,val
images__train__s3_taco_001494,train,val
images__train__s3_taco_000757,train,val
images__train__s3_taco_000815,train,val
images__train__s2_f_17_x004_c193_1105_0,train,val
images__train__s2_f_17_x004_c193_1105_1,train,val
images__train__s2_f_17_x004_c193_1105_2,train,val
images__train__exp26_gen_02d869103c7862a65cf77d57,train,val
images__train__exp26_gen_11ab151edf84874cadbf68d3,train,val
images__train__exp26_gen_7cb01b8c10d193ffa86cb5c0,train,val
images__train__exp26_gen_d51b33e0e8a0e2ec6a0b07fc,train,val
images__train__exp26_rfbat_02b61029f3ed14e944d93cdb,train,val
images__train__exp26_rfbat_a1d7998ba2534407d72a0424,train,val
images__train__exp26_rfbat_c98a1361256ecbc37c284629,train,val
images__train__exp26_rfbat_397c243d5889ccf93ee62445,train,val
images__train__exp26_rfbat_f5c91e92318c4993db88a677,train,val
images__train__exp26_gen_20c3dc419034a059afaee66d,train,val
images__train__exp26_gen_7a34382880645929e02f1950,train,val
images__train__exp26_gen_7ad2e630dc51f953bff89824,train,val
images__train__exp26_gen_f277038c59f049ac3be7856f,train,val
images__train__exp26_gen_1ec911a6d7ad4a4b607a54a1,train,val
images__train__exp26_gen_5887c86e35486f5c3f61310e,train,val
images__train__exp26_gen_a5ad17771d87a37756bd1b5b,train,val
images__train__exp26_gen_fdc4bcb2fe6f954e581c6c45,train,val
images__train__s2_supp_recybat24_09658b4aec0f0b2a5127,train,val
images__train__s2_supp_recybat24_0a234149d140c1c7271e,train,val
images__train__s2_supp_recybat24_0ccfdecde5af02071848,train,val
images__train__s2_supp_recybat24_0f4bc1ab571e451a78b6,train,val
images__train__s2_supp_recybat24_151a13cbf22f9265dca7,train,val
images__train__s2_supp_recybat24_188bd8742e1efcb98f02,train,val
images__train__s2_supp_recybat24_22a2439b12757e8e13d7,train,val
images__train__s2_supp_recybat24_22a9b138599801df3d6f,train,val
images__train__s2_supp_recybat24_34713e2eba8a2bf1f075,train,val
images__train__s2_supp_recybat24_3819303206c2042438af,train,val
images__train__s2_supp_recybat24_43066d5692191acc1074,train,val
images__train__s2_supp_recybat24_461c57ad811b751d287c,train,val
images__train__s2_supp_recybat24_4de9e6e495da10e136ab,train,val
images__train__s2_supp_recybat24_5cabcf7c94083526a010,train,val
images__train__s2_supp_recybat24_5f6aedbdd0a3b54f5333,train,val
images__train__s2_supp_recybat24_6a4fe3faff9d360f2c73,train,val
images__train__s2_supp_recybat24_70b7e5d17d4b5b0ab4ee,train,val
images__train__s2_supp_recybat24_776d64d7e0ba0523757d,train,val
images__train__s2_supp_recybat24_77e07cc55024154c2ff3,train,val
images__train__s2_supp_recybat24_87151c1485526c3f692c,train,val
images__train__s2_supp_recybat24_b5cf2dff3adbd3177b24,train,val
images__train__s2_supp_recybat24_bf908e7aab03e570868b,train,val
images__train__s2_supp_recybat24_c31a02c06f11055ba359,train,val
images__train__s2_supp_recybat24_c44fd240cc92871717a8,train,val
images__train__s2_supp_recybat24_cbe5d91b269ed6f882be,train,val
images__train__s2_supp_recybat24_dfb1b0c0e356ca364698,train,val
images__train__s2_supp_recybat24_eb99188c1de5bb23437f,train,val
images__train__s2_supp_recybat24_ec3d17501dfd9d7d9dd0,train,val
images__train__s2_supp_recybat24_f09a35bd0cdd82dfb871,train,val
images__train__s2_supp_recybat24_fb1e303ed409f87fa7e9,train,val
images__train__exp26_rfbat_cc198069fd737bd41e25da08,train,val
images__train__s1_auto_147dc6888ac14ddbce524088,train,val
images__train__exp26_gen_1ec30cf4a9daf8bf03c1e70a,train,val
images__train__exp26_gen_89a6da643ac5052c6dc5e544,train,val
images__train__exp26_gen_dc6dff0d10b4e16090923e1d,train,val
images__train__s1_auto_fd32b6219f0c705a299fdea0,train,val
images__train__exp26_gen_12bdcbfdfeeff98b6ce52ae9,train,val
images__train__exp26_gen_39ca175e7cb1ea4c941f3003,train,val
images__train__exp26_gen_46df07d75285b6420b677c66,train,val
images__train__s1_auto_8b3ee273a3b313f4771049d7,train,val
images__train__exp26_rfbat_18fa02e31bd0305b6a50af2e,train,val
images__train__exp26_rfbat_9c6fe874f2eed0ca082f9e30,train,val
images__train__exp26_rfbat_2c8bcd9b64a9e9bdc2061423,train,val
images__train__exp26_rfbat_63d800ccbe113d7340acb169,train,val
images__train__s1_auto_2fc814e82ead5909050d3680,train,val
images__train__s1_auto_fdecca9227b18d2e45a2aea2,train,val
images__train__exp26_gen_5046b910f1af4db21f6d315c,train,val
images__train__exp26_gen_b3132130224bfe2114c31d9c,train,val
images__train__exp26_gen_f3a31233163c0e6267c51531,train,val
images__train__exp26_rfbat_670bf0b6291eb7d011da055f,train,val
images__train__exp26_rfbat_b722ca16d234c5afd92ec1d2,train,val
images__train__exp26_rfbat_85ce587a19875555d1ebd4a9,train,val
images__train__exp26_rfbat_f5fdc9a8e8b04b8ccd768d97,train,val
images__train__s1_auto_334466b4324a8c80f3204ef4,train,val
images__train__s2_supp_recybat24_01dc795a474530ffe102,train,val
images__train__s2_supp_recybat24_0712cac6bd1f62a32b56,train,val
images__train__s2_supp_recybat24_1194636179c1d7016260,train,val
images__train__s2_supp_recybat24_15e50bcd6eb4dfb1f5af,train,val
images__train__s2_supp_recybat24_29b105129ca49cd363bc,train,val
images__train__s2_supp_recybat24_29da8d59d7aa655c9a87,train,val
images__train__s2_supp_recybat24_2dd2a0a2b0dd1cccac87,train,val
images__train__s2_supp_recybat24_30ab964cb786b4ccd15b,train,val
images__train__s2_supp_recybat24_345b2c9c62145508b99c,train,val
images__train__s2_supp_recybat24_373f2aaf3149606528a2,train,val
images__train__s2_supp_recybat24_3a862e1cd452bff920c9,train,val
images__train__s2_supp_recybat24_473de986786a64b5b685,train,val
images__train__s2_supp_recybat24_47e9cf7aee2bcec0ff69,train,val
images__train__s2_supp_recybat24_494e0e3097c643b546b0,train,val
images__train__s2_supp_recybat24_515540727d2096a708b7,train,val
images__train__s2_supp_recybat24_5831df1e5e7bc9e25e3a,train,val
images__train__s2_supp_recybat24_5e61b77a17f52f2715c4,train,val
images__train__s2_supp_recybat24_63d32a186a6154bcf48c,train,val
images__train__s2_supp_recybat24_64849196d186b086901f,train,val
images__train__s2_supp_recybat24_6793338c8b1ebfc506bd,train,val
images__train__s2_supp_recybat24_8b0522a4311dac7fbb0f,train,val
images__train__s2_supp_recybat24_a4adf67850b62fc26e15,train,val
images__train__s2_supp_recybat24_b0dca67325ba186b7745,train,val
images__train__s2_supp_recybat24_b16998f2c22e4b3fd832,train,val
images__train__s2_supp_recybat24_b77e4ccd5616a8f56103,train,val
images__train__s2_supp_recybat24_bd39c87f038d8c5266e2,train,val
images__train__s2_supp_recybat24_bd579ccbd4971dd4295b,train,val
images__train__s2_supp_recybat24_dfcd0581e1e424040b83,train,val
images__train__s2_supp_recybat24_e3034d91e7ed414fe964,train,val
images__train__s2_supp_recybat24_ef3d1cc5ce7b448fb76a,train,val
images__train__exp26_rfbat_9cc67f6a6e8adf35d6352d46,train,val
images__train__exp26_gen_520d6f9f6fd7d7249e634fcc,train,val
images__train__exp26_gen_6d98b1ba2fa5a19eba02d23f,train,val
images__train__exp26_gen_f55ad5fe1d933ff6120f98f9,train,val
images__train__s1_auto_351db74682fc65608b9c85d2,train,val
images__train__exp26_gen_1b181f4a3417a8b0dab12222,train,val
images__train__exp26_gen_4ba9b56b8c0a7b3e65652960,train,val
images__train__exp26_gen_4f3fb4f1b585923f68dca342,train,val
images__train__exp26_gen_5cf984228e40d10d091f7b41,train,val
images__train__exp26_gen_e227ca55ff6a69c35bb2b152,train,val
images__train__exp26_gen_efb87f7eeaa58bb655225577,train,val
images__train__exp26_gen_f4b1e7dc76a869e88e174233,train,val
images__train__exp26_gen_2f069b979ef2d108abac7a8e,train,val
images__train__exp26_gen_498b0c6b777d0458fc804819,train,val
images__train__exp26_gen_77acd4b7e818907eb6caf847,train,val
images__train__s1_auto_0a8e8cc22599dbdebff54c66,train,val
images__train__exp26_rfbat_d8c6890e759b4020ffd7933f,train,val
images__train__exp26_rfbat_2eef7ea0a5ed09d9c1401000,train,val
images__train__exp26_rfbat_a1b16cf7334ee9b28b159a0e,train,val
images__train__exp26_rfbat_ade36b015a68d4816b7d88b7,train,val
images__train__exp26_gen_36cbf1f19bbfbc9ccb1dfd6d,train,val
images__train__exp26_gen_7a8b3d953ac5c0819955b333,train,val
images__train__exp26_gen_b9f37d2b05d0b48c3aee8f57,train,val
images__train__exp26_rfbat_1ec5ae04663547e162165fc2,train,val
images__train__exp26_rfbat_d0198780190a4744ae8a1c6a,train,val
images__train__exp26_gen_04a6225dc2d1e353465e5893,train,val
images__train__exp26_gen_1b4bbc9f3816216bcbb4e27c,train,val
images__train__exp26_gen_7cb1f4404fdb1d3c49897d24,train,val
images__train__exp26_gen_f26084a0734f50812d22aaca,train,val
images__train__exp26_rfbat_61209d8c2acf2224b8184cdd,train,val
images__train__exp26_rfbat_6e684e4a737eb321b525a212,train,val
images__train__exp26_gen_58ec69bd239cae2ef6d165f6,train,val
images__train__exp26_gen_7f5e48d72367407c5dfb1cab,train,val
images__train__exp26_gen_8536b83241defb4e532650de,train,val
images__train__s1_auto_5bace179bdf6645cf637c6e3,train,val
images__train__exp26_rfbat_60be2a4eb4ca5837df126441,train,val
images__train__exp26_rfbat_f0ddfd20e36812f1380beae1,train,val
images__train__s3_taco_000060,train,val
images__train__exp26_gen_26b64ee3c4e9fed7196b3a6b,train,val
images__train__exp26_gen_6bef4ab95782ca1717f1584a,train,val
images__train__exp26_gen_acc7dbcd3872a62f943b09b0,train,val
images__train__exp26_rfbat_0b85ebed5b0056741ec80f26,train,val
images__train__exp26_rfbat_1a65b0f844981032dc8ff87c,train,val
images__train__exp26_rfbat_321a7ea713b14ee747b3345e,train,val
images__train__exp26_rfbat_453ddb49ea7ee16951340395,train,val
images__train__exp26_rfbat_8766757a035eededd38818ca,train,val
images__train__exp26_rfbat_e0580e4af5df2ed5729957a6,train,val
images__train__exp26_gen_1c0e14ea4d61cd93c58b594b,train,val
images__train__exp26_gen_3f4006e34fe977dd9c9f97b4,train,val
images__train__exp26_gen_da71a75c74d7e0edb49d72c5,train,val
images__train__s1_auto_e91e6a2dafe553ee25398241,train,val
images__train__exp26_rfbat_e85bbe315adb67ede39b301e,train,val
images__train__s1_auto_f15a41993238d854bf238045,train,val
images__train__exp26_gen_402f88b835ca0cbde6242523,train,val
images__train__exp26_gen_ce8f616842e1d76504361af7,train,val
images__train__exp26_gen_f4566fa3df0d4eb8e1660457,train,val
images__train__exp26_rfbat_541b8ee99ed547568b12a6cc,train,val
images__train__exp26_rfbat_a140e06e718ffd3f55f9a5e6,train,val
images__train__exp26_rfbat_3848a7f43648bc74fd9cc81c,train,val
images__train__exp26_rfbat_e5e8f7f01652259dd6efd85d,train,val
images__train__s1_auto_f2ed5245214526c0559a6be4,train,val
images__train__exp26_rfbat_223604a1d1157315ef6f390b,train,val
images__train__exp26_rfbat_313338efabaa33bd6585e5fc,train,val
images__train__exp26_rfbat_660c449eeaf9f0f0c623b5b6,train,val
images__train__exp26_rfbat_7eeeb14ae84a1a70f9c62f32,train,val
images__train__exp26_rfbat_98b3fa5898af47b8b39f1d3e,train,val
images__train__exp26_rfbat_a7c2412fd133d1c6f2977022,train,val
images__train__exp26_gen_637ca82f9a0ece370feb121f,train,val
images__train__exp26_gen_7ad5b19c9fbd890f48212a65,train,val
images__train__exp26_gen_871a0370ed890690f647593b,train,val
images__train__s1_auto_5692818f784fb74df362650d,train,val
images__train__exp26_rfbat_3987035170908a2780e3eaac,train,val
images__train__exp26_rfbat_5108f57d79fa835c56193893,train,val
images__train__exp26_rfbat_73d2e2463cdf9ce0d30b7247,train,val
images__train__exp26_rfbat_9274e706c4edfc1b9d9838d5,train,val
images__train__exp26_rfbat_00351bbd250717e59fbb34be,train,val
images__train__exp26_rfbat_8c566e52ff32a7ad95383f74,train,val
images__train__exp26_rfbat_01e7bfab3cf2c1df0670b41f,train,val
images__train__exp26_rfbat_1f9742a8db30eebda8829cd2,train,val
images__train__s1_auto_e83394d502b1285cef31514b,train,val
images__train__exp26_rfbat_34ea3ef1fffdc6002b00bbd3,train,val
images__train__exp26_rfbat_76563ae242595bbbc83ed7ca,train,val
images__train__exp26_rfbat_47462dd62e26f7eaa4b0a0f6,train,val
images__train__exp26_rfbat_b3094b83f65107266fe5cc9f,train,val
images__train__exp26_gen_66d97318b800475d8769337b,train,val
images__train__exp26_gen_91c783d28c023085907a808b,train,val
images__train__exp26_gen_9484b3cf9110a4b0912d61dd,train,val
images__train__exp26_gen_2adae3a0bd1c6c63563c4734,train,val
images__train__exp26_gen_8b7655821061a292fa4f1579,train,val
images__train__exp26_gen_bb04c7801a3f91005af3753a,train,val
images__train__exp26_gen_174056a1b41e42a248ccc2c4,train,val
images__train__exp26_gen_80a0a669072b38c8b00fa958,train,val
images__train__exp26_gen_a677cc7d7954ba923217be71,train,val
images__train__exp26_gen_0fa748cc05aef5da5f323a33,train,val
images__train__exp26_gen_4a78593397a2ec4480a074d5,train,val
images__train__exp26_gen_78622a47deed89d90b6a4676,train,val
images__train__exp26_gen_a0213e61c11c20f297d4de89,train,val
images__train__s1_auto_b8bd59c6e5dc096755c359e1,train,val
images__train__s1_auto_a340e1c39cffc7c7e74a9252,train,val
images__train__s1_auto_944a9bb93c2a5aaccd0842de,train,val
images__train__exp26_gen_80a49d5658eab0209a2e75ae,train,val
images__train__exp26_gen_a3a967af181d65643b7a9462,train,val
images__train__exp26_gen_a7a00d739aca8b1e12d90b04,train,val
images__train__s1_auto_1338f971fcfd589f74f3a0e0,train,val
images__train__exp26_gen_55862d06b1ad2f836e827ea3,train,val
images__train__exp26_gen_aa536615af761aace2d7742a,train,val
images__train__exp26_gen_da8fde1447f3b00621ba8076,train,val
images__train__s1_auto_98e18d8d66b31bb40f05e5c4,train,val
images__train__exp26_rfbat_009a2038695a10f8b5411031,train,val
images__train__exp26_rfbat_0700d4c3020cc9088bc6e73d,train,val
images__train__exp26_rfbat_cad588b345745e65917b1096,train,val
images__train__exp26_rfbat_ed8582d369b9be88b1a0bdbd,train,val
images__train__s1_auto_563036c29da71b2d070cc79d,train,val
images__train__exp26_gen_512b432316a08ca229c17589,train,val
images__train__exp26_gen_6b41cfdb69bacbfc497fe3c5,train,val
images__train__exp26_gen_d9434d2ff5035403f4b7475c,train,val
images__train__exp26_gen_f5ddfb118cf33c44e151ae87,train,val
images__train__s1_auto_918bb36d114f4baa81adf605,train,val
images__train__exp26_gen_6e10ccfeaedf69eca9815546,train,val
images__train__exp26_gen_87a3c5ff198a53834ec2649f,train,val
images__train__exp26_gen_9ad4787174595296a54912d5,train,val
images__train__s1_auto_5b0223727912b9f485c90c7e,train,val
images__train__s1_auto_124b3b227651329acc084cf3,train,val
images__train__exp26_rfbat_13a00279ad5e4394955a00d5,train,val
images__train__exp26_rfbat_fc330e008b0c3095f7b3bbfa,train,val
images__train__exp26_rfbat_16142dd72c552e5b96df3441,train,val
images__train__exp26_rfbat_5237a32423a70365fd7e053e,train,val
images__train__exp26_rfbat_bcafdb514dfd2335f0286cdb,train,val
images__train__exp26_rfbat_e9e45270c4d11481aaca68f0,train,val
images__train__exp26_rfbat_f81a5bed6d85821c6eb6d444,train,val
images__train__exp26_gen_081105c8cf0c6127f404b0da,train,val
images__train__exp26_gen_90bb27af02d8695977f991de,train,val
images__train__exp26_gen_94c9592d5c2f3328d754616c,train,val
images__train__exp26_gen_0e99ffa55bbaa70512a4dbdf,train,val
images__train__exp26_gen_778f1d60ecc32e02f581b9d0,train,val
images__train__exp26_gen_7c755a1d246f18dd48ecc1a9,train,val
images__train__exp26_rfbat_c47440e0cf94b9619e836ff8,train,val
images__train__exp26_rfbat_2c62f9ba3935e4e979f815be,train,val
images__train__exp26_rfbat_758316523535b0c081fa703e,train,val
images__train__exp26_gen_0a7ac192fb9694161d2ec2a6,train,val
images__train__exp26_gen_68d2a68e111dbd3f10ce3874,train,val
images__train__exp26_gen_89daf9a2a65f69378a4112e6,train,val
images__train__exp26_rfbat_24313297574dfa1206c16c02,train,val
images__train__exp26_rfbat_d831fa56e22e29c503adf078,train,val
images__train__exp26_rfbat_e494a7ae526330696058f3ef,train,val
images__train__exp26_rfbat_ea1e93c664e587e241d3f32e,train,val
images__train__exp26_rfbat_5fcfb0217d47304d028fbba0,train,val
images__train__exp26_rfbat_8b3b6b64b0cfe1f35eef18ff,train,val
images__train__exp26_rfbat_ec6b9ac2ea94d561a94269b0,train,val
images__train__exp26_rfbat_fcc56f056c137abb314ad452,train,val
images__train__exp26_gen_83a7c83037b08451d22e92e5,train,val
images__train__exp26_gen_91ca4422f54cbd1741c966f7,train,val
images__train__exp26_gen_b1639535f497c3167d916b78,train,val
images__train__s1_auto_64e509687271dae6d8601a6c,train,val
images__train__exp26_gen_2566776c01ee2935cb51b538,train,val
images__train__exp26_gen_b016a9b24317821891a71a96,train,val
images__train__exp26_gen_ffb4895acadd20685c562d83,train,val
images__train__s1_auto_6c956d344e0d806d50836184,train,val
images__train__s3_taco_000408,train,val
images__train__exp26_gen_281ac547add1fc56d3490e8d,train,val
images__train__exp26_gen_5dad531d88275ef9c4d136c9,train,val
images__train__exp26_gen_af00725f30d66f41a885f6fb,train,val
images__train__s1_auto_8b5ea87ea76e662f0ced963d,train,val
images__train__exp26_rfbat_0c88ceae7bd52875da879077,train,val
images__train__exp26_rfbat_67be21bc896e157f61e9950b,train,val
images__train__exp26_rfbat_78ada088b7db67fa53c5bf52,train,val
images__train__exp26_rfbat_9222675cc26e217a91945031,train,val
images__train__exp26_rfbat_9b9cd85a04bb5f409378e9dd,train,val
images__train__exp26_rfbat_ab7b3d1625c8b9012fc39d34,train,val
images__train__exp26_rfbat_152995e3f63f4032224ab0f2,train,val
images__train__exp26_rfbat_a80aa3d125dbcf58a9cc917f,train,val
images__train__exp26_rfbat_42b83a17e7a65a4b5dfe576e,train,val
images__train__exp26_rfbat_6dec5a79b080a24481136e6d,train,val
images__train__exp26_rfbat_1399e0a069793fe74b1a1c22,train,val
images__train__exp26_rfbat_323897f1bf23877692d01b1e,train,val
images__train__exp26_gen_7f66fa60b91c1774de0b848d,train,val
images__train__exp26_gen_92587f1f04e895662d64a638,train,val
images__train__exp26_gen_efca089a894ef556d7b5a74e,train,val
images__train__exp26_gen_4c183b7c0dfa014e1fa840cf,train,val
images__train__exp26_gen_a3d4688f4b5ba66bd4c21b17,train,val
images__train__exp26_gen_f26fa11b32bf7141a4194364,train,val
images__train__s1_auto_827190ac07fd0e7640c83271,train,val
images__train__exp26_rfbat_159236240bfa0fb41ed6ded2,train,val
images__train__exp26_rfbat_b2caf2e0f19fa0542172ae13,train,val
images__train__exp26_gen_149acb059a687e60da1a6697,train,val
images__train__exp26_gen_3015288ddd459913f4445c21,train,val
images__train__exp26_gen_3f99ac57733c2a62652bc2f2,train,val
images__train__exp26_gen_488c4ffcfebdb6321842b5ba,train,val
images__train__exp26_gen_61d085c33a1645c0b0009627,train,val
images__train__exp26_gen_81fe9319f13cc017d80d060d,train,val
images__train__s1_auto_0e6ce66a481e223eed989eb4,train,val
images__train__exp26_gen_6154e97218a8ee0ae16a9bb6,train,val
images__train__exp26_gen_8e72afefa74279eff0cec433,train,val
images__train__exp26_gen_91582c957953257308908909,train,val
images__train__exp26_gen_6937ffa287b0cb068830e53e,train,val
images__train__exp26_gen_b51803260cf5b2ac690c7a7c,train,val
images__train__exp26_gen_c3e664e5d48ead3e49fdef12,train,val
images__train__exp26_gen_ce7b3dce9ac926b89efed579,train,val
images__train__s1_auto_4107315bb5f544800c18ec19,train,val
images__train__exp26_gen_712c8b697a60d4816bddd5ac,train,val
images__train__exp26_gen_87f6eb421223b32823aebb4d,train,val
images__train__exp26_gen_c237ad57e6f24a43d56ad818,train,val
images__train__s3_taco_000652,train,val
images__train__exp26_gen_84e420ffaee591e7626e07f3,train,val
images__train__exp26_gen_8ce669b0dffb9908d0f7e44f,train,val
images__train__exp26_gen_fab1d4d96a0679e332a1ce97,train,val
images__train__s1_auto_323d7a7eaee21c79706d55c7,train,val
images__train__s1_auto_9d3a26900e11aaa8fa857b67,train,val
images__train__exp26_rfbat_6a98cb0c529101ab113d2271,train,val
images__train__exp26_rfbat_a871b530c71371ee8c1b3d87,train,val
images__train__exp26_rfbat_66d2a13795d333e31eb8ce11,train,val
images__train__exp26_rfbat_0bc89116192fbf896e081251,train,val
images__train__exp26_rfbat_43ba734a6a1ea8254e6ca1cf,train,val
images__train__exp26_gen_0e566b7dcc9b032ec9fada2b,train,val
images__train__exp26_gen_c353f442e5fbc20dd9b4a730,train,val
images__train__exp26_gen_f74a2a6c9cc85079b2562201,train,val
images__train__s1_auto_9a894e3a43d7290bc8632b01,train,val
images__train__exp26_rfbat_0e87f880ee31e43e64b6d634,train,val
images__train__exp26_rfbat_1fcd37c18864830413e7b30c,train,val
images__train__exp26_rfbat_3b4adda62b8a1e978180a96c,train,val
images__train__exp26_rfbat_41f8a09e0a06151f71d568ef,train,val
images__train__exp26_rfbat_46d42b30019f5d279189250e,train,val
images__train__exp26_rfbat_bbcf10418bc9d985318cc37d,train,val
images__train__exp26_rfbat_7b8c45dde29b81842483b0a1,train,val
images__train__exp26_rfbat_b11cfcab0101eb04256431ed,train,val
images__train__exp26_rfbat_abdafe9837612c355665aa11,train,val
images__train__exp26_rfbat_af8b0477d08956b67575c8d3,train,val
images__train__exp26_rfbat_e0be75af86d1ef97e8ba411b,train,val
images__train__exp26_rfbat_e9b9d267fe95d1270f11e48e,train,val
images__train__s1_auto_6a6ae17deafa8110e6d77f2f,train,val
images__train__exp26_gen_32f3a5631de1a3b06f66752d,train,val
images__train__exp26_gen_a5bddeeba7efbd70bfdaeaf2,train,val
images__train__exp26_gen_ad84470a7ae9e680b08d0ebe,train,val
images__train__exp26_gen_ae05987fc336195fcaae66ee,train,val
images__train__exp26_gen_3e5923397f3f559793f9e70c,train,val
images__train__exp26_gen_ad0da2089e6b30a939777011,train,val
images__train__exp26_gen_eb7996cd258788176202c122,train,val
images__train__exp26_rfbat_31747c7c949b11ac7734784c,train,val
images__train__exp26_rfbat_cdd978308123056afced6a80,train,val
images__train__exp26_gen_413b75a62ae58079e15c5480,train,val
images__train__exp26_gen_8e7c40c2041c475c98207cdc,train,val
images__train__exp26_gen_90cdfa17be7719e083ce5057,train,val
images__train__exp26_gen_bf126897a6abc89397ad45ff,train,val
images__train__exp26_rfbat_4c9e69fa65fa62f3998c220e,train,val
images__train__exp26_rfbat_9c33a0fd1cb750820cb838fe,train,val
images__train__exp26_rfbat_dace0b8797a13a25a5e755ec,train,val
images__train__exp26_rfbat_dca101292505ea8e6aeac78f,train,val
images__train__exp26_gen_04fce3187673a47b3e4b8add,train,val
images__train__exp26_gen_46cb5b997c3dda07e4637e3c,train,val
images__train__exp26_gen_6f24a96f7565fb45afd5c3bb,train,val
images__train__exp26_rfbat_014d834a2caff3cb8cbe8c40,train,val
images__train__exp26_rfbat_d0da819ac56ac0c5eabb3414,train,val
images__train__exp26_rfbat_60b31f74e5c88d9310d97b1c,train,val
images__train__exp26_rfbat_95bd96f690388c904ed87f25,train,val
images__train__exp26_rfbat_f3b27e96dccd66049f7d5011,train,val
images__train__exp26_gen_2346791eec69f92e21a82bf3,train,val
images__train__exp26_gen_3d04aff5f42a2837693683fd,train,val
images__train__exp26_gen_e946e71bba2e761757155d37,train,val
images__train__s1_auto_d2f3416a7bbf0556e41f8a61,train,val
images__train__exp26_gen_68e5e2486640e53a633ceeee,train,val
images__train__exp26_gen_7d87c2128f8a889714dda794,train,val
images__train__exp26_gen_e647a9fbdaaff1da674d4126,train,val
images__train__s1_auto_6da67aa90e0cf41bbc556d4d,train,val
images__train__exp26_gen_5af980f863679815ac6d348e,train,val
images__train__exp26_gen_752daf05b57517fcdf6c2cfd,train,val
images__train__exp26_gen_891b7d541fafabf40cdbf377,train,val
images__train__exp26_gen_1d6ae33633f79e0fc55b079d,train,val
images__train__exp26_gen_554aeaff06262b64e3e96594,train,val
images__train__exp26_gen_acb7cde79d528222ed002eb4,train,val
images__train__exp26_gen_deb3b9944de5ad8b2885384c,train,val
images__train__s1_auto_3f0bb4c5dc27d96ae432af6e,train,val
images__train__exp26_rfbat_110a75a43b78e31794faa6f1,train,val
images__train__s1_auto_f7dafb26a529f0d174da0a6d,train,val
images__train__exp26_rfbat_00f6165aacf7cfea2c5fcfa5,train,val
images__train__exp26_rfbat_141a3ceb35c858174b975e02,train,val
images__train__exp26_rfbat_1ffb60b20001936d88d740cc,train,val
images__train__exp26_rfbat_bba11a8e83c7044a0bbf9427,train,val
images__train__exp26_rfbat_ed1026590253fd77dbaabeca,train,val
images__train__exp26_rfbat_03e343094ef9072e9b92a2c8,train,val
images__train__exp26_rfbat_24de8fccce8dcd573c1e2cc8,train,val
images__train__exp26_rfbat_4f9b26b4e22155d82d7b5e13,train,val
images__train__exp26_rfbat_5e6250b55fb7f1776bf84aab,train,val
images__train__exp26_rfbat_7dcf9b82234298fab6ae5e7d,train,val
images__train__exp26_rfbat_8a01a75f4b804705e77e56f4,train,val
images__train__exp26_gen_313db883675292992978d2c2,train,val
images__train__exp26_gen_4cac1dde21af56c2864130ba,train,val
images__train__exp26_gen_5f75e43ff97931517a6e6506,train,val
images__train__exp26_gen_75b2921ac599730f696b87c9,train,val
images__train__exp26_gen_584e37e396aec6afab61e2cc,train,val
images__train__exp26_gen_661efd086e0cff555565adb9,train,val
images__train__exp26_gen_8965b00033dd6c9fc7d6868d,train,val
images__train__exp26_gen_ccf5a1d27243fc935ca745ce,train,val
images__train__exp26_rfbat_750f698303228f43cc947aca,train,val
images__train__exp26_rfbat_dad607ddd037076202dd3de8,train,val
images__train__s1_auto_f1cf47186ecda0a0de20c62d,train,val
images__train__exp26_gen_4776fe6549871b81a700aa4c,train,val
images__train__exp26_gen_900da8affa0155d5b5387224,train,val
images__train__exp26_gen_9736626b70836cddaf4af6bc,train,val
images__train__exp26_gen_e68e1a247c5d07eef803f568,train,val
images__train__s1_auto_470468438a4898cfd0146c97,train,val
images__train__exp26_gen_7c9d83ed6ef9f7dee361852a,train,val
images__train__exp26_gen_d88d4d2220fa310cf73ac805,train,val
images__train__exp26_gen_e01df7423d488b7c3e1b6127,train,val
images__train__exp26_gen_f19c87aa33300a1c39c5fe1b,train,val
images__train__exp26_gen_70bf166fa11cd9b7ab9d76d7,train,val
images__train__exp26_gen_74e1dc61553c68320ae9b256,train,val
images__train__exp26_gen_860227bab0884228c5d6f8dc,train,val
images__train__exp26_rfbat_e240be0131b29b9423b928be,train,val
images__train__exp26_gen_1a92505071c62146ab14313c,train,val
images__train__exp26_gen_876a8e9b7d3cf5453f051965,train,val
images__train__exp26_gen_ae532ce4ceff81b4a22bf528,train,val
images__train__exp26_gen_71e338816f5ea487546160aa,train,val
images__train__exp26_gen_87187e9e7fc4d326753d9707,train,val
images__train__exp26_gen_c4c6a5c66bcacc247a0e1b11,train,val
images__train__exp26_gen_ca90ef196850f1a6988b5efc,train,val
images__train__exp26_gen_3d03a6b51c164296f9438911,train,val
images__train__exp26_gen_c5e0920d545afc445abaf016,train,val
images__train__exp26_gen_ef4bea58994bd08e94e061b0,train,val
images__train__exp26_gen_faad496e13e5ff7ee53132be,train,val
images__train__s1_auto_c368f18cb98e01421bbe8c8a,train,val
images__train__exp26_gen_1745448b9fad1c871f67383a,train,val
images__train__exp26_gen_3e3d7138d57a17e80b80eada,train,val
images__train__exp26_gen_c7e5f48c589b6f8c4b59fd82,train,val
images__train__exp26_gen_fcd9b7442b830df0af41ca64,train,val
images__train__s1_auto_cf6ea2dc9571db1c2c3fdf40,train,val
images__train__exp26_rfbat_5bfef895b2ba2f7986fbb4be,train,val
images__train__exp26_rfbat_901b40e14217064a5e4cdc3e,train,val
images__train__exp26_rfbat_c96cac7adc9ac506901cfd5e,train,val
images__train__exp26_rfbat_d16d296e4c08405b791d41db,train,val
images__train__exp26_rfbat_6c1a2714185e2de3b52a04c4,train,val
images__train__exp26_rfbat_feecb130bf9c7a4cca30b25e,train,val
images__train__exp26_gen_13194d7b1c70e7eeacaf7eec,train,val
images__train__exp26_gen_c5435c9d5da7fa414fdfd87d,train,val
images__train__exp26_gen_e16d51b219ad8de333376e1b,train,val
images__train__exp26_rfbat_20cfe40815dd3ab134d58742,train,val
images__train__exp26_rfbat_cccc93a25f5693240ba58226,train,val
images__train__s1_auto_60026d1d2199c58e4c388986,train,val
images__train__exp26_rfbat_51a8093eaa6fc1c112f9a8e1,train,val
images__train__exp26_rfbat_f7404e8583e40847c904476b,train,val
images__train__s1_auto_ae1dd0d6fc0cd03b00ebe315,train,val
images__train__exp26_rfbat_0c8f99b2e852f967a66acc32,train,val
images__train__exp26_rfbat_13c6ca5fca94ad8904674486,train,val
images__train__exp26_rfbat_67e4f280500f4adcd523f489,train,val
images__train__exp26_rfbat_fc83b49d19c0b90591133a76,train,val
images__train__exp26_rfbat_fd8967a4a8cdcf589a33d8c4,train,val
images__train__exp26_gen_3276fd0c95dbfbcc45fab3df,train,val
images__train__exp26_gen_8bd8e04143b0af5b9cd24587,train,val
images__train__exp26_gen_a8dcca292fae2632d71bafbb,train,val
images__train__exp26_rfbat_2c08d20d216bec7d5b62b503,train,val
images__train__exp26_rfbat_82e666feaf61166aeb289e55,train,val
images__train__exp26_rfbat_26c525dc38a8f55d1cb86329,train,val
images__train__exp26_rfbat_3ddf52cefcc155799ad9d23c,train,val
images__train__exp26_rfbat_9c3102fbd52a5d963ba5325e,train,val
images__train__exp26_rfbat_e6c5743220982e79a56e18f9,train,val
images__train__exp26_rfbat_f2779554572c22f4a6ec4ad1,train,val
images__train__s1_auto_28411259b4c2f5071102e541,train,val
images__train__exp26_gen_1c005494360c027a061bd497,train,val
images__train__exp26_gen_56dd424fe680566eb394e5f6,train,val
images__train__exp26_gen_b961b68db8fdc2593875c4ee,train,val
images__train__exp26_rfbat_0df0f0e0e7e4cbcaa8c01bbe,train,val
images__train__exp26_rfbat_0ef04ce171dca52503f3d285,train,val
images__train__exp26_rfbat_6171e410b8c9fcc53d775b41,train,val
images__train__exp26_rfbat_74eb5d25574585a9538b9ae6,train,val
images__train__exp26_rfbat_a81d371b4b538861254fb62e,train,val
images__train__exp26_rfbat_d9d3106d4235d12da458fd13,train,val
images__train__exp26_rfbat_61e52d757d412973a485c14a,train,val
images__train__exp26_rfbat_fc36816901ad053af65a0be4,train,val
images__train__exp26_rfbat_044ee2bc01dfb7cd16cb0027,train,val
images__train__exp26_rfbat_208b16f0e359fe77af884c97,train,val
images__train__exp26_rfbat_69911d7cff3f8f1c4b484efd,train,val
images__train__exp26_rfbat_9ed229dfdac47a4af3ee3424,train,val
images__train__exp26_rfbat_c440a5ce2eb8a6aebaa20581,train,val
images__train__exp26_rfbat_dcbab521cc3f6c8cb2e10871,train,val
images__train__exp26_rfbat_6ea443791ad867bf137043a5,train,val
images__train__exp26_rfbat_ab7a73bd85070bb440a9facf,train,val
images__train__exp26_rfbat_62d9ccb8abea75767d57d393,train,val
images__train__exp26_rfbat_d4d742321a6632d45549b0a5,train,val
images__train__exp26_rfbat_ee3766e438f010ac208da10d,train,val
images__train__exp26_gen_38ff6906730118bd65ffda98,train,val
images__train__exp26_gen_9bbe561403da91750148a858,train,val
images__train__exp26_gen_ad8ca3f96328a9852c52c867,train,val
images__train__exp26_gen_559433b968205c6078d01d1c,train,val
images__train__exp26_gen_cd73b9971a03d44efde8009c,train,val
images__train__exp26_gen_e8152cdc7941ba2f42bc293f,train,val
images__train__exp26_gen_034e5d12d8e5300f7887a6c8,train,val
images__train__exp26_gen_654b50b32092f73620d1175f,train,val
images__train__exp26_gen_c60328dfac4a4e7e7cd16117,train,val
images__train__s1_auto_0d5c44b589a50bb15e945a23,train,val
images__train__exp26_gen_30264c43958513292df672c3,train,val
images__train__exp26_gen_7f4c5329ed2dbd7d88f37ba1,train,val
images__train__exp26_gen_f40e970b8852358075203229,train,val
images__train__s1_auto_cdb50787d4f7a9318ce4bd12,train,val
images__train__s1_auto_f254caf30d68e273309637ed,train,val
images__train__exp26_gen_4487f6b098ed46a483af1213,train,val
images__train__exp26_gen_7f3c09692d0c0ca90f649f07,train,val
images__train__exp26_gen_a8bec41f94b040f468d3d3e7,train,val
images__train__exp26_rfbat_41e475b91c7f23eca27f5b84,train,val
images__train__exp26_rfbat_d9f4b297eafe4da151523e00,train,val
images__train__exp26_rfbat_822447267d782a54eeb851b3,train,val
images__train__exp26_rfbat_c69a1bf2e11eeac043a7ba13,train,val
images__train__exp26_gen_3b087f9eda2dba2924554b45,train,val
images__train__exp26_gen_77693107224ac53f435b496b,train,val
images__train__exp26_gen_cf8bfa27aba4d2e582317e96,train,val
images__train__s1_auto_b246248357f37f929a96e757,train,val
images__train__exp26_rfbat_2c1ff85d624d6a3f127b77a3,train,val
images__train__exp26_rfbat_393d258e2eb5a7ed62f9f0a7,train,val
images__train__exp26_rfbat_ae13ef8b382301708c30c1f6,train,val
images__train__exp26_rfbat_d27c0f1634447d76239f6d0f,train,val
images__train__exp26_rfbat_e92ab71fb44e02d48c2d8bcd,train,val
images__train__exp26_rfbat_fb8d7c00767e52d5f35918b4,train,val
images__train__exp26_rfbat_4e2ca2e0fc514e615d5efdc6,train,val
images__train__exp26_rfbat_94b6f4083df779497ced15a6,train,val
images__train__exp26_rfbat_b6610b3284d456c3d4bb3f78,train,val
images__train__exp26_rfbat_6a7ff7c656a160ef80ecaf21,train,val
images__train__exp26_rfbat_7131123eb29e8ab61216e8fc,train,val
images__train__exp26_rfbat_722fec901a5990e9555ab964,train,val
images__train__exp26_rfbat_7934454f3c9a41a56461919d,train,val
images__train__s1_auto_25dc2431983e43e88e5694f4,train,val
images__train__exp26_gen_4674480ab51584d1c418bf31,train,val
images__train__exp26_gen_95537d874ff180b4e5c474d0,train,val
images__train__exp26_gen_b25eb1c5d8816c27728f1878,train,val
images__train__exp26_gen_641f2770d1cc7ccfecc32916,train,val
images__train__exp26_gen_6b068db3b552649a0b8e134b,train,val
images__train__exp26_gen_c51fdee5b603f277c9b454e7,train,val
images__train__exp26_rfbat_65d42e0a8679fbcdc259f258,train,val
images__train__exp26_rfbat_ec6293ea7ae5ab3a5f72fb44,train,val
images__train__exp26_rfbat_29dc4759a29fdcc16ec1b103,train,val
images__train__exp26_rfbat_810107e494f24f389b134674,train,val
images__train__exp26_rfbat_9c65a602a2b87ffa7a3388bf,train,val
images__train__exp26_rfbat_fd8461439d6eb81744432d45,train,val
images__train__exp26_gen_4713c378daadba79332a59f9,train,val
images__train__exp26_gen_b95407e9978365ad2bc3f837,train,val
images__train__exp26_gen_bf3f7f6bf710b991979032b4,train,val
images__train__s1_auto_37c5a6617479b55b18cc2937,train,val
images__train__exp26_rfbat_7486e8a94a2f8436854ae5ae,train,val
images__train__exp26_rfbat_f75953f58ff8509ac09e7323,train,val
images__train__s1_auto_9df62dbd6656e9cb5a477a3a,train,val
images__train__exp26_gen_5f0e01e8dcd48651a29845cd,train,val
images__train__exp26_gen_7f545d977be0aafddce45ae5,train,val
images__train__exp26_gen_9cd52e82b33f0b3f0106f579,train,val
images__train__exp26_gen_e04149c4e0df75111df9f89f,train,val
images__train__s1_auto_edf94716d127d543cc78559f,train,val
images__train__s1_auto_14c515d47a913e477b904d46,train,val
images__train__s1_auto_c4de14e0bfdb1fab3916eb21,train,val
images__train__exp26_rfbat_87302b6d105357fd00d3334d,train,val
images__train__exp26_rfbat_ba6afcdcac681d63c72da3a2,train,val
images__train__exp26_rfbat_d18485200ada65b9f9eb5cff,train,val
images__train__exp26_rfbat_d6bcdb4413c7c0ce7f11227e,train,val
images__train__exp26_rfbat_e070a2443c57230c4b972681,train,val
images__train__exp26_rfbat_fdc6038eed70ec02c8649bba,train,val
images__train__exp26_gen_2e492881ff9e2c638817eb99,train,val
images__train__exp26_gen_534244c7b6af34798a1b533b,train,val
images__train__exp26_gen_69e9e0347044d8f32c20f524,train,val
images__train__exp26_gen_a5d5c789b555573b19546dcb,train,val
images__train__exp26_rfbat_085c00db8df977f58c53389a,train,val
images__train__exp26_rfbat_09d4501e21875a95b9b844df,train,val
images__train__exp26_rfbat_7a4755cf98af9dee9f04f328,train,val
images__train__exp26_rfbat_b095af1d401763a51e68876c,train,val
images__train__s1_auto_b3f68ae26eea36d072d06a9d,train,val
images__train__exp26_rfbat_18b58eb9866ba79865c54219,train,val
images__train__exp26_rfbat_74c653b554f171ce94039177,train,val
images__train__exp26_rfbat_cda8b5525deb80adc9a79e8c,train,val
images__train__exp26_rfbat_ebff7e73d5bed5bfbbc68689,train,val
images__train__exp26_rfbat_393b354a267b95f8000546d6,train,val
images__train__exp26_rfbat_e4dfa7d2f3a7f37fb4a2daf3,train,val
images__train__s1_auto_3e8575b62be1229111f6e188,train,val
images__train__exp26_rfbat_63db512add31c3dbcb672a0c,train,val
images__train__exp26_rfbat_e809bbdf3e8e43aff1a6dcee,train,val
images__train__exp26_gen_6e5dd870f6eaf0c92c674b4f,train,val
images__train__exp26_gen_70c67cd3ca249d196be018ae,train,val
images__train__exp26_gen_9e67cfe2908ffa2f6c50c919,train,val
images__train__exp26_gen_0a64bad9220979314f6956c8,train,val
images__train__exp26_gen_7991e230ef51bcb80029592d,train,val
images__train__exp26_gen_86a32028ef6eb07029427a1d,train,val
images__train__exp26_rfbat_0a89fbb7dce8546ece8f76a8,train,val
images__train__exp26_rfbat_9e13ef8813df6e5d04333028,train,val
images__train__s1_auto_63346011d7d6174d1769157f,train,val
images__train__exp26_gen_b9c16073ce58c260f250b5c0,train,val
images__train__exp26_gen_e4488c208ae57d927a3e9fce,train,val
images__train__exp26_gen_e4adb13402535642b12fcd1b,train,val
images__train__s1_auto_b5647e487ac6115d936bea58,train,val
images__train__exp26_gen_a2cf788b6399a4057118be56,train,val
images__train__exp26_gen_d87ed749aee7a458035f81d9,train,val
images__train__exp26_gen_e588e348187e61f3e8535b4c,train,val
images__train__exp26_rfbat_5827c4505227a143e373bc40,train,val
images__train__exp26_rfbat_863df77efc99b8e89a17b386,train,val
images__train__s1_auto_8fd0e290259140e6b1a63027,train,val
images__train__exp26_gen_7f2eb1f70c8f19f18433fe15,train,val
images__train__exp26_gen_86b5ab3febf3a06ac329dc79,train,val
images__train__exp26_gen_a196988cc159377aaf441280,train,val
images__train__exp26_gen_e3de68c71dbdcc6ec3f9a1ba,train,val
images__train__exp26_gen_17f63e8ef3e54a594ab36f9d,train,val
images__train__exp26_gen_88c47377aa5b6bc618a75bf7,train,val
images__train__exp26_gen_d33f23607e90c84adc69a537,train,val
images__train__s1_auto_fde4f1ab8459fc56745fdb3f,train,val
images__train__s1_auto_2fbe9e9d30e444fb3205173a,train,val
images__train__exp26_gen_48b63b837ff1dfb5a3999a9c,train,val
images__train__exp26_gen_66fb812532eba91512fc8877,train,val
images__train__exp26_gen_9b69544bdf16d90a889628ce,train,val
images__train__exp26_gen_b579680643930371fb720ddb,train,val
images__train__s1_auto_439fefb250395db4958a83c6,train,val
images__train__s1_auto_01f53223e65ae6e649759fed,train,val
images__train__exp26_gen_6d69e1ae29ee9fdaf76034e3,train,val
images__train__exp26_gen_9ba7025dd1d2cec5e122ddb5,train,val
images__train__exp26_gen_d49356f3e02eb73a2b35fa7f,train,val
images__train__s1_auto_3082a21856111c55e957e91f,train,val
images__train__exp26_gen_1fa89731767146882518765f,train,val
images__train__exp26_gen_4a262fa5cdef65d701b32805,train,val
images__train__exp26_gen_696ab925286b7345893eb624,train,val
images__train__exp26_gen_95257eaa2afdabb6e1425e14,train,val
images__train__exp26_gen_97d1d0b94c4464903d2f9c69,train,val
images__train__exp26_gen_9a0d10b0182ca1fed5f79412,train,val
images__train__exp26_gen_aaa5d94eaef2448d4dacca6f,train,val
images__train__exp26_gen_ed139e37e05a20d739d2c3f8,train,val
images__train__s1_auto_1febc11b3500e0def42121ba,train,val
images__train__s1_auto_e8d8cfa0aff32a7174ea82d3,train,val
images__train__exp26_gen_098070fda06194569ec3b42f,train,val
images__train__exp26_gen_63b9919e3b972370da8248e4,train,val
images__train__exp26_gen_a13bf233b4019f0a0c2c0771,train,val
images__train__exp26_gen_031c89708efc5d58ca17179c,train,val
images__train__exp26_gen_4aee6e44811b4150b3db3fcc,train,val
images__train__exp26_gen_82f7d666d2d78054428be9ce,train,val
images__train__exp26_rfbat_9063cef7903dc8443e7deb21,train,val
images__train__exp26_rfbat_d0cec3f561475eaaeb0a2972,train,val
images__train__exp26_rfbat_f0971c4f5df5865f190faab1,train,val
images__train__exp26_rfbat_fa35e38d326e05b168753458,train,val
images__train__exp26_rfbat_22ad40e20dc2a5070393f008,train,val
images__train__exp26_rfbat_bacc7a823f7cd235fb98fd56,train,val
images__train__exp26_gen_7c01c247544c375bf33a843a,train,val
images__train__exp26_gen_a03229c14cbdd0c5c2edec2f,train,val
images__train__exp26_gen_d0213ace1e55ba1d71419fa1,train,val
images__train__s1_auto_adad1887901850f600c51d6d,train,val
images__train__exp26_gen_0fbf90278d5fc3ea0cedb7d2,train,val
images__train__exp26_gen_645d5eea23bdc80c330270bc,train,val
images__train__exp26_gen_7806f8156f6bde7e21ba181e,train,val
images__train__s1_auto_7e72d8e75cb2a29910a4b6b4,train,val
images__train__exp26_gen_3cf2ceab125fc9462ef32477,train,val
images__train__exp26_gen_921df30b62bf67acda9bf559,train,val
images__train__exp26_gen_d3cc2a362857c6ce3e68d077,train,val
images__train__exp26_gen_2b9fb195fda954e8e65fcc18,train,val
images__train__exp26_gen_608b3aa1c080155c8de6f2ae,train,val
images__train__exp26_gen_79d475f10d9c72d3ce43c3fe,train,val
images__train__exp26_gen_e907e96a71dd8a79f17cc802,train,val
images__train__exp26_gen_10ba3443124e02ca1cd57516,train,val
images__train__exp26_gen_46e8363aa9aa20fce1fbbc12,train,val
images__train__exp26_gen_cb1dc4bae2a879ab1d07c4dd,train,val
images__train__exp26_gen_e862934e0a8646732229ff59,train,val
images__train__s3_taco_000050,train,val
images__train__exp26_rfbat_06f6556a3838696c4caeb5da,train,val
images__train__exp26_rfbat_98d9e5ccc55b40464eadc6a6,train,val
images__train__s1_auto_28ac108c3ded4e6410663934,train,val
images__train__exp26_rfbat_24aa87d49b6d1a194807f142,train,val
images__train__exp26_rfbat_86a6a510a311a23fe28b0c0a,train,val
images__train__exp26_gen_59d5a369156ef19369163d56,train,val
images__train__exp26_gen_92d7913a227ee9c77f8e47f1,train,val
images__train__exp26_gen_dc75cef8d683265695c6d3a5,train,val
images__train__s1_auto_b3a57c1ad67a99b66c062ca5,train,val
images__train__exp26_rfbat_819cf39f8c09e53d4c309914,train,val
images__train__exp26_rfbat_88a3ed367342648ff2590883,train,val
images__train__exp26_rfbat_b3ce1d10051487dcf5a6a15c,train,val
images__train__exp26_rfbat_e013a616f91ef7fd5996f3ca,train,val
images__train__exp26_gen_21279cffadea9c4198a50627,train,val
images__train__exp26_gen_30357f17f08ae7d82e8bb69b,train,val
images__train__exp26_gen_394f745c1a3fb259c4913e1c,train,val
images__train__exp26_gen_4bd308e286ed98f02ecb7562,train,val
images__train__exp26_gen_39cf552f3d18a24bdfcc24d6,train,val
images__train__exp26_gen_4ddf4e17ae3f8640cf1b4fc3,train,val
images__train__exp26_gen_e419b3128a84c956c6750281,train,val
images__train__exp26_rfbat_8f54e50deb4eb96755f13974,train,val
images__train__exp26_rfbat_afbfafa2f12abf3e9c587417,train,val
images__train__exp26_rfbat_744e46f4564be8700c9b50fb,train,val
images__train__exp26_rfbat_97ae7cace5edf0f2e863e8a4,train,val
images__train__exp26_gen_44da3265207790b41b5e0345,train,val
images__train__exp26_gen_a5590dc1b76f0132955c311e,train,val
images__train__exp26_gen_cdf8d6e2f91af4ff1785c11b,train,val
images__train__s1_auto_1a6edd0e4fc46ea439649737,train,val
images__train__exp26_gen_8aedaeadbc76974bae4655b3,train,val
images__train__exp26_gen_8c118e6e6b680897ebca5e7b,train,val
images__train__exp26_gen_8ea271a6e4bf282d9301f98d,train,val
images__train__exp26_gen_9082eba0ce6c856bffa9c667,train,val
images__train__s1_auto_d5b0aec7185dffac98f4109a,train,val
images__train__exp26_rfbat_0c34371bba79b00f5c9adb13,train,val
images__train__exp26_rfbat_279ed4ce7e7c7e7fcc0c4799,train,val
images__train__exp26_rfbat_5df72dc2c67e42aa4b070c6a,train,val
images__train__exp26_rfbat_e79cffb662620406540d7ad3,train,val
images__train__s1_auto_3fa6d4c6af1bc3b21a6d1c0b,train,val
images__train__s1_auto_3a2679d845c8e15ea4be8572,train,val
images__train__exp26_rfbat_06d8af254c52d49932db24c5,train,val
images__train__exp26_rfbat_c32b1c1960e54ffcfa0057ad,train,val
images__train__s1_auto_33bf4d455f8ccacfc5ab7227,train,val
images__train__exp26_gen_01cd52115bdfa84802d1f3a9,train,val
images__train__exp26_gen_114faf55a1d49644d74ab743,train,val
images__train__exp26_gen_e956f56e148951f437b8cc96,train,val
images__train__exp26_rfbat_dc53e54ea91aa1da46a3821e,train,val
images__train__exp26_gen_0ab17cf175f9e332cceaa40b,train,val
images__train__exp26_gen_4235ed7fe85b9910bb035809,train,val
images__train__exp26_gen_c12454866a27da141ddbaf65,train,val
images__train__s1_auto_5c7ce63f4861217a919e790b,train,val
images__train__exp26_rfbat_afeb38d15a55144d31fb8386,train,val
images__train__exp26_rfbat_fef762f80118807f10be0a1d,train,val
images__train__exp26_gen_0042818c0882f6ccdded1f24,train,val
images__train__exp26_gen_adc9fa14a2598404a8365212,train,val
images__train__exp26_gen_e80747801eeff658851d74f3,train,val
images__train__s1_auto_b392201c91af6e423b1c6650,train,val
images__train__exp26_gen_0afca974a38c901a57c98145,train,val
images__train__exp26_gen_76e6058a569e5e100312c57d,train,val
images__train__exp26_gen_b908317fc2f19cd0961fea8e,train,val
images__train__exp26_rfbat_9ed6a8bd63f0f47a8bdc5bff,train,val
images__train__exp26_rfbat_e38b0ce472e78a2b05323ac0,train,val
images__train__s1_auto_545e7f06963b2f9ba53ca825,train,val
images__train__exp26_rfbat_44bdb8f8adff0786f9507e25,train,val
images__train__exp26_rfbat_4ac13bbb8b9212b684dc9ca5,train,val
images__train__exp26_rfbat_4d33a15ee82018abab240135,train,val
images__train__exp26_rfbat_8e312f17ad54c170dc102497,train,val
images__train__exp26_rfbat_c81e6a5f60015b75e555ced8,train,val
images__train__exp26_gen_41440356bd9f2a5ceaa0879f,train,val
images__train__exp26_gen_601d5d2afffd266c0835c92d,train,val
images__train__exp26_gen_c1afc490ace17cb477e2fea9,train,val
images__train__s1_auto_a0b5e54e38161a48db36c455,train,val
images__train__exp26_rfbat_4fd820010ce5be361b9f781b,train,val
images__train__exp26_rfbat_f923c7da6623355daa6d5663,train,val
images__train__exp26_gen_40ee0b8f3a10e8d7e57d6679,train,val
images__train__exp26_gen_8e482c0f49da1d62c931e7ca,train,val
images__train__exp26_gen_b7900cf83ba2079c4fdde50a,train,val
images__train__exp26_gen_f09545c347234036c0e3a568,train,val
images__train__exp26_rfbat_01a341d2552e49fa3616bd02,train,val
images__train__exp26_rfbat_ec225bb88355db1171c04018,train,val
images__train__exp26_gen_00c98a089d84761bdd3b73da,train,val
images__train__exp26_gen_839450b1bca4df6b759bf7f6,train,val
images__train__exp26_gen_8d1c775b2ef86b9b2c0bf8a6,train,val
images__train__exp26_gen_b289f624aa67b85935da78af,train,val
images__train__s1_auto_59249b820dad067eb8289cb0,train,val
images__train__exp26_gen_13323fd5e0e07be29eebd9e4,train,val
images__train__exp26_gen_896778476e7823f51c9e0ed5,train,val
images__train__exp26_gen_fe6e484fd8f66dce06086389,train,val
images__train__exp26_gen_0ca78c2eb6bf3e1d030f8e32,train,val
images__train__exp26_gen_b49a01883893d0c713f02ae3,train,val
images__train__exp26_gen_ca5c50e15ea8ccdb93c0866c,train,val
images__train__s1_auto_d7f93f74b578da060631efed,train,val
images__train__exp26_rfbat_229471e418a17a0927b48953,train,val
images__train__s1_auto_5a34ba42c12d87492ca0b178,train,val
images__train__exp26_gen_2bacb75ab85e47784ef9c782,train,val
images__train__exp26_gen_67b2c14340bbc63ab0ee4dee,train,val
images__train__exp26_gen_a0eb9759a6a35154493dbfaf,train,val
images__train__s1_auto_659365bbae06851b0f65a37c,train,val
images__train__exp26_gen_03a7742f96807159cf6805f4,train,val
images__train__exp26_gen_5a87985f8f7d066ff23f394f,train,val
images__train__exp26_gen_5f915155c8d3426ccb27e493,train,val
images__train__exp26_gen_bc66cd47db669f38f5b979f8,train,val
images__train__exp26_gen_82a5673625f7234491793e27,train,val
images__train__exp26_gen_903c08f7979c7c152f27ed5e,train,val
images__train__exp26_gen_b4bd832e77a0fc75b9d96b64,train,val
images__train__exp26_rfbat_6ebcfe65a8c8623d666fe166,train,val
images__train__exp26_rfbat_9d7157b31bb91e4be0ce1414,train,val
images__train__exp26_rfbat_275f12970aa94505b19b0a2f,train,val
images__train__exp26_rfbat_6a05a55df8a536992769cc31,train,val
images__train__exp26_rfbat_812c49e086d6de93adda2f27,train,val
images__train__exp26_rfbat_3c5502e937f13ffe71127ce8,train,val
images__train__exp26_rfbat_7e9ea4896640f95b8145ade0,train,val
images__train__exp26_rfbat_81ace886c9e138de615ad0ed,train,val
images__train__exp26_rfbat_afac930da8e92c5a4d8b8be3,train,val
images__train__exp26_rfbat_e1f3aee1be5e1019479bf311,train,val
images__train__exp26_rfbat_e515b169ed1edbd19be6e4ab,train,val
images__train__exp26_rfbat_020911ee1244be2d0b830687,train,val
images__train__exp26_rfbat_2b686c83668c2085802b4106,train,val
images__train__exp26_rfbat_56e49d4269d82b993c4052bb,train,val
images__train__exp26_rfbat_d06bb1641acdb6ae5cdcc672,train,val
images__train__exp26_rfbat_93d004ea2333515b812bc5f7,train,val
images__train__exp26_rfbat_f683e376c5c925e59eb8194f,train,val
images__train__s1_auto_c294c040f7f2eeca62e51689,train,val
images__train__exp26_gen_508ae0252fa56fc944b65f6a,train,val
images__train__exp26_gen_6ac5079cadfb9dc60e3e9712,train,val
images__train__exp26_gen_a3d9cc971ddac387a0713fbf,train,val
images__train__exp26_gen_af5a62ab55c827b9f52cac40,train,val
images__train__exp26_gen_4e6f15d49dd7c1bcb47b84c1,train,val
images__train__exp26_gen_573793b66e585fcd685b3e53,train,val
images__train__exp26_gen_d1e4df26205306a8907e10cc,train,val
images__train__exp26_gen_fb3214f3902ba9fc29457477,train,val
images__train__exp26_gen_3a9131d5831aad3c7733641c,train,val
images__train__exp26_gen_a62df77eca5bcaa2cfce7688,train,val
images__train__exp26_gen_f59e92964ae155e940b877e1,train,val
images__train__exp26_rfbat_7bfc084d18369205f26cf1ae,train,val
images__train__exp26_rfbat_a9d5bfa2e770b19c77ccada3,train,val
images__train__exp26_rfbat_2bdbbda1892239ed9485bff7,train,val
images__train__exp26_rfbat_a5799ccba0c97e87c838e8e2,train,val
images__train__exp26_rfbat_a9a5639f75c38c98f383576c,train,val
images__train__s1_auto_4a9ffd587a52370be7e3c80d,train,val
images__train__exp26_gen_4958398f02848add932aa28b,train,val
images__train__exp26_gen_69450ef056c963dcd3e595e8,train,val
images__train__exp26_gen_6b781646ab22f3db6efe1b36,train,val
images__train__exp26_gen_e380c44aa928c9027f5d3013,train,val
images__train__s1_auto_85eda26ae35a50aafd352568,train,val
images__train__exp26_rfbat_226f709f1ac0c6bc27f98d7c,train,val
images__train__exp26_rfbat_443eba147b22bcae58183859,train,val
images__train__exp26_rfbat_a9d32e23f4f2ff7123ea3291,train,val
images__train__exp26_rfbat_c90fe9e15d620c733fb992b8,train,val
images__train__exp26_rfbat_d26fcb23e05d221a2c8616c1,train,val
images__train__exp26_rfbat_da124b819aac6260bb87592a,train,val
images__train__exp26_rfbat_132eacc397b961550e103685,train,val
images__train__exp26_rfbat_37003798b815ab9ddcedaeb2,train,val
images__train__exp26_rfbat_825222a27c05589fdbfaac3b,train,val
images__train__exp26_rfbat_e107cf412dba592eb9fe60b3,train,val
images__train__exp26_gen_5608af755a7df3ba6da526c3,train,val
images__train__exp26_gen_67f5aa2397dcafd7065d9c52,train,val
images__train__exp26_gen_c9ab3ce7949a30219a1d4242,train,val
images__train__s1_auto_142eaad587c73f0909a5c7f8,train,val
images__train__exp26_rfbat_58288948ee690e3a2c0b66f6,train,val
images__train__exp26_rfbat_6c7b927a9f0829459d9a0854,train,val
images__train__exp26_rfbat_772abc6f35fd26b403094e73,train,val
images__train__exp26_rfbat_e32f5a7f919028c7ac467917,train,val
images__train__exp26_gen_90ff852c0bfc4c173c8229fe,train,val
images__train__exp26_gen_a57b7d3092277d6e3d9d2fcc,train,val
images__train__exp26_gen_f805b333067033784e09301f,train,val
images__train__exp26_gen_fde9a102dd4ed48fb5b130b7,train,val
images__train__s1_auto_972f77b139e209b1e1e1be4c,train,val
images__train__exp26_gen_0c2939fe917240c1c60372c7,train,val
images__train__exp26_gen_29bf86d8467db4cd6b1b96ab,train,val
images__train__exp26_gen_d564e5fae2b918ff8fcb7417,train,val
images__train__exp26_rfbat_698a960411e57aff81f924fb,train,val
images__train__exp26_rfbat_74a138c305f9f18786138fa9,train,val
images__train__exp26_gen_a3ae3043803a53d7d138ab12,train,val
images__train__exp26_gen_dd74233484742bc35840386b,train,val
images__train__exp26_gen_dda5f9716c3e3c2248a48f24,train,val
images__train__s1_auto_099ed159faf1f20fb55357d6,train,val
images__train__exp26_rfbat_049c61efa19275d1ce92786c,train,val
images__train__exp26_gen_190e2c6114cc26409e2be781,train,val
images__train__exp26_gen_93b06693d218987a811325dc,train,val
images__train__exp26_gen_ae68b4ab18a536dc3b6c680d,train,val
images__train__exp26_gen_f33e5397bec5ddb5686499e7,train,val
images__train__s1_auto_4d61753344b313b53cb64efd,train,val
images__train__exp26_gen_1e57d39dc9984c9a54d22be4,train,val
images__train__exp26_gen_1fec0553aeed4c644d51355b,train,val
images__train__exp26_gen_5185d1cac21903ca9f48ccbc,train,val
images__train__exp26_gen_a0c5ffe5512cf2cd83066f21,train,val
images__train__exp26_rfbat_1be831a9295d5ef815d6edaf,train,val
images__train__exp26_rfbat_3dc62c8c47787432e36d1797,train,val
images__train__exp26_rfbat_938b5fb6aa1f63e5713307bc,train,val
images__train__exp26_rfbat_c2c41ce9e36e53c986b86b95,train,val
images__train__exp26_rfbat_d1b57c37d52abab579a9f984,train,val
images__train__exp26_rfbat_e8749e9811b2b14902e65f89,train,val
images__train__exp26_gen_09755ad9b763fbef85454988,train,val
images__train__exp26_gen_83bf00ec0196ca535bd4fa3a,train,val
images__train__exp26_gen_997a9a22b9eddeec1d190c50,train,val
images__train__exp26_rfbat_0e043683269d1b83ddbd619e,train,val
images__train__exp26_rfbat_392a4b8cf58fb0abf6ba9a83,train,val
images__train__exp26_rfbat_d3b6bd29e6340fa3433d5227,train,val
images__train__exp26_rfbat_e5303004ecfaf4b293e87087,train,val
images__train__exp26_gen_1a737c46f18314a4fbfd5ba8,train,val
images__train__exp26_gen_45cc58b73525ae9eac333005,train,val
images__train__exp26_gen_4dc6c7c5df71fd60c0c6a019,train,val
images__train__exp26_gen_6b29e0f9440830f0673781ac,train,val
images__train__exp26_rfbat_1ae56903bcad6bcbdaa9195f,train,val
images__train__exp26_rfbat_475b85d0b3c78b4c28f7671a,train,val
images__train__exp26_rfbat_221a0abe987eed5f12953352,train,val
images__train__exp26_rfbat_4ae78226028240fe9ab2d3d4,train,val
images__train__exp26_rfbat_4cbbbbb01e5a9ab68ec4822d,train,val
images__train__exp26_rfbat_d0471075de7b9ae4047b9892,train,val
images__train__exp26_rfbat_fd4d0ce7a86e312a0b01b620,train,val
images__train__exp26_gen_84abad373293dbc8230b234f,train,val
images__train__exp26_gen_a795fbb79a73307cda406687,train,val
images__train__exp26_gen_ddd20d8cb11362403ef83490,train,val
images__train__exp26_gen_f83eb69718306854b04dd67f,train,val
images__train__exp26_rfbat_06379a9f3a672e56408f5bc6,train,val
images__train__exp26_rfbat_36e757cdde33e80e22b1e2af,train,val
images__train__exp26_rfbat_0d6874e7655c559310499de3,train,val
images__train__exp26_rfbat_4df7a44cdd7756a6bc94384d,train,val
images__train__exp26_rfbat_804cb57baef5350e8972ef4e,train,val
images__train__exp26_rfbat_81a44049c518e58e31520335,train,val
images__train__exp26_rfbat_8bd3d6ae6268e05fdd3e28cb,train,val
images__train__exp26_rfbat_f0635e0fe437c78b4e7bdbaf,train,val
images__train__exp26_gen_467a2f47d563608bbfe417bc,train,val
images__train__exp26_gen_bd2a94bfd864b3aeb9e60363,train,val
images__train__exp26_gen_daf8501a978fd922995c2b34,train,val
images__train__exp26_rfbat_135cf9a162490bc62d11b302,train,val
images__train__exp26_rfbat_6c9675d64705f5f4d56a8bf7,train,val
images__train__exp26_rfbat_9088f85e8d25f300f703352c,train,val
images__train__exp26_rfbat_e86d3a4ef1c764c4cb27573c,train,val
images__train__exp26_rfbat_ef4990e96c21f9c5e1d34f67,train,val
images__train__exp26_rfbat_f92aa7d070a9776e6d9e0bc0,train,val
images__train__s1_auto_ce584ee114b62a881df4b00c,train,val
images__train__exp26_rfbat_0014b2532fba13d65865cdab,train,val
images__train__exp26_rfbat_b17a7530205eea44f5b4ff22,train,val
images__train__exp26_rfbat_ef89bce946a91cecf8ed828d,train,val
images__train__s1_auto_56616b55fc39f0f4b074250e,train,val
images__train__exp26_rfbat_9750cf4f4d78a355b9613cea,train,val
images__train__exp26_rfbat_fab01f4b278c08627ddf535d,train,val
images__train__s1_auto_ae9c60f533b40da344b7e403,train,val
images__train__exp26_rfbat_5c20790392675fc2256c741e,train,val
images__train__exp26_rfbat_d537eb54a637dacff02e8612,train,val
images__train__exp26_rfbat_305464c0025cbfe37188561c,train,val
images__train__exp26_rfbat_e7f6c2b746df80691c4562f2,train,val
images__train__exp26_rfbat_f3c5ec457654ff8a94f263e6,train,val
images__train__exp26_gen_1730bc4d806a187a20b614d7,train,val
images__train__exp26_gen_681233c46bb05c9c66417979,train,val
images__train__exp26_gen_e18e7b8886ab81be8424defc,train,val
images__train__exp26_gen_efcb2c8c17e1c99c3707bbf7,train,val
images__train__exp26_gen_049ccd2f9ed71bb9c0148f6a,train,val
images__train__exp26_gen_89d5d0f1d5e2621be557c1b5,train,val
images__train__exp26_gen_f3b2d950a9a1257c2ba36af1,train,val
images__train__s1_auto_2a8a39cf423df9cba3344b25,train,val
images__train__exp26_gen_304d3145ce31da523b78f7e2,train,val
images__train__exp26_gen_bed40a6a5312b694df832ca4,train,val
images__train__exp26_gen_f76aa4e3dbe74e688ccb1adc,train,val
images__train__exp26_gen_509c2d62116ff3ec74b6d45d,train,val
images__train__exp26_gen_b6579f7bd43950f08e7fd1e2,train,val
images__train__exp26_gen_fdbc3f81812995bb592f4620,train,val
images__train__exp26_rfbat_46174b12ac93b3ada0e5e10d,train,val
images__train__exp26_rfbat_b8f1021bbba84fbec4c03f58,train,val
images__train__s1_auto_1fa26fa80d2f50c8f0408ed1,train,val
images__train__exp26_rfbat_6fb6c5f6701cf5ec7f03238e,train,val
images__train__exp26_rfbat_f4a35c627ccb258296525e36,train,val
images__train__exp26_gen_146c48685080d1cbf05e5d27,train,val
images__train__exp26_gen_5ca20c02d52c5f55b992e0bf,train,val
images__train__exp26_gen_86324aede71a5a9f719fb5c3,train,val
images__train__exp26_gen_cb22a3de6810be9bbca54833,train,val
images__train__s1_auto_c05c3cc74bb63bc4ee324e77,train,val
images__train__exp26_gen_8dcaf78c3479059d2faeeb1e,train,val
images__train__exp26_gen_90f13ff91ce6c2c71728ba35,train,val
images__train__exp26_gen_d836f41bca6b34da02700d7d,train,val
images__train__s1_auto_db5679ec20a3b2400dc5e3a4,train,val
images__train__exp26_gen_5b1ae2ff76c18315ccfc36f0,train,val
images__train__exp26_gen_5f69fffc4551d4b91d2252a1,train,val
images__train__exp26_gen_d3f17ab5ebbcfff0d6f7cb33,train,val
images__train__s1_auto_5c0018c4b8b81863e9ca023a,train,val
images__train__exp26_gen_09d52859ef877e5a06ac2acd,train,val
images__train__exp26_gen_45e56f42272669bd1568f136,train,val
images__train__exp26_gen_d89f15b0da5eea767563dba1,train,val
images__train__exp26_rfbat_8331f9fcf160fe8138b3be8a,train,val
images__train__exp26_rfbat_cd7d7776af08ed0003dfc187,train,val
images__train__exp26_gen_3543e96f75fd1fdf8024a2e8,train,val
images__train__exp26_gen_388ce0dcd23d8c51a1f18fd8,train,val
images__train__exp26_gen_b7a9ff6732c2edefb739f724,train,val
images__train__exp26_rfbat_21759514bf0d9e2756e43d31,train,val
images__train__exp26_rfbat_b4395c3d86f9f0e4def7a01b,train,val
images__train__exp26_rfbat_c6406e4e6bef44220d5b30d8,train,val
images__train__exp26_rfbat_e4ba6c40a3ecb48afb136f46,train,val
images__train__exp26_rfbat_87f12f1d1b91eb0a1b16e21c,train,val
images__train__exp26_rfbat_e1b4d1dbb6127d08c2c5f54d,train,val
images__train__s1_auto_0eaa0fb6a634a24f1c7eee1a,train,val
images__train__exp26_gen_181a515a4c4453b72e1ed043,train,val
images__train__exp26_gen_87e4501064278017afd9a24d,train,val
images__train__exp26_gen_fc11f1fd8bb0769abbe17bed,train,val
images__train__s1_auto_b0bd75c60c1ab5dadbdfa759,train,val
images__train__exp26_rfbat_3c789bb09d3597546eebbf6d,train,val
images__train__exp26_rfbat_dd73b7b92ebd1cd5113b3ca9,train,val
images__train__exp26_rfbat_2db16f5cbb4a0b211aeb29b4,train,val
images__train__exp26_rfbat_e1a7ed071033e9f9ce7a87f3,train,val
images__train__exp26_gen_0c8e7cf7d00cb92ea94326d0,train,val
images__train__exp26_gen_17be6284ec35fb5f1b82ccad,train,val
images__train__exp26_gen_ac6c82dbf276ae38ce683ee2,train,val
images__train__s3_taco_000292,train,val
images__train__exp26_gen_4a07743a0e3a1a78aed06817,train,val
images__train__exp26_gen_aaa235300c75d64b2d1fe388,train,val
images__train__exp26_gen_bf56abca2c906acb9c2900bb,train,val
images__train__s1_auto_55d0df593b47745ca5d248ee,train,val
images__train__exp26_rfbat_0c6a0b429ed59b6210e4a224,train,val
images__train__exp26_rfbat_35eaf6721c02afbc4feafe3b,train,val
images__train__exp26_rfbat_80c7d33df456d65bf0887db2,train,val
images__train__exp26_rfbat_b59978cb9a0d082458773eb3,train,val
images__train__exp26_gen_939ccbefd1e6a303fba6bd58,train,val
images__train__exp26_gen_be3e8c332eb80d43256d531c,train,val
images__train__exp26_gen_e12013de40dced13399d682b,train,val
images__train__exp26_gen_33e58b7c3b9c6238a51c6b40,train,val
images__train__exp26_gen_40bafe92aaa2855c0adcca39,train,val
images__train__exp26_gen_c1fd00b168463f51f8f92be1,train,val
images__train__exp26_gen_30426fc81a676aaf2fae1290,train,val
images__train__exp26_gen_bffba3ed3b6249a0aeb09124,train,val
images__train__exp26_gen_fddaa73d34b38366c607b0a3,train,val
images__train__exp26_rfbat_04c1d1cb61eec3a1a570c01a,train,val
images__train__exp26_rfbat_04ead654b8eeacdab9bde43c,train,val
images__train__exp26_rfbat_0b73772c82748824d3c9e3c1,train,val
images__train__exp26_rfbat_7f689084875baafa6791202e,train,val
images__train__exp26_rfbat_d1dc581acaefd1a31a937710,train,val
images__train__exp26_rfbat_ec08f8ab4f8084417e47fc68,train,val
images__train__exp26_rfbat_1da12e1103d9b2a253e3012f,train,val
images__train__exp26_rfbat_a0cb92536ce400f59d5c30dc,train,val
images__train__s1_auto_a475409eede086595e38c81b,train,val
images__train__exp26_rfbat_5c17d8a46f4320979d8d9484,train,val
images__train__exp26_rfbat_890e94c36e6069c102bb663d,train,val
images__train__exp26_rfbat_ede55e5b9c38691f1486b674,train,val
images__train__exp26_gen_585c0d77614b01b6137fd4c1,train,val
images__train__exp26_gen_636aeb3dffad00e12514b3eb,train,val
images__train__exp26_gen_a1ae52756bda6c5aae00fb2e,train,val
images__train__exp26_gen_0287704fa8f5f07347a50fe1,train,val
images__train__exp26_gen_1f2d3b381487bd3c78c26bf9,train,val
images__train__exp26_gen_6b9ae010bac0956b60f32eda,train,val
images__train__exp26_gen_d3d929f1b177b77d76be537a,train,val
images__train__s1_auto_16c604bd858093bbb73ad35f,train,val
images__train__exp26_gen_1b3bd39442bce8cef5bae99c,train,val
images__train__exp26_gen_651c9e800f56e85ed8f9c0f7,train,val
images__train__exp26_gen_d31188d4c9688bd73e94c26c,train,val
images__train__s1_auto_97a47344d357415fc5f025f1,train,val
images__train__exp26_rfbat_60900a2cb38612dd9910ac01,train,val
images__train__exp26_rfbat_b64420dfa68c3744dc065cbc,train,val
images__train__s2_supp_recybat24_0064ea9fc8c317b1390a,train,val
images__train__s2_supp_recybat24_0c9c0c81aee0b36eae8e,train,val
images__train__s2_supp_recybat24_155ea43b5c5031257960,train,val
images__train__s2_supp_recybat24_1b67248f5d6008433a43,train,val
images__train__s2_supp_recybat24_4d2842c2f2f308193278,train,val
images__train__s2_supp_recybat24_5609c9111c72c29eaf7c,train,val
images__train__s2_supp_recybat24_5d7c18f479feb1b0b3ac,train,val
images__train__s2_supp_recybat24_663c197d18dd4536c966,train,val
images__train__s2_supp_recybat24_705b52c46352a131af8e,train,val
images__train__s2_supp_recybat24_773be1ab2fb21b2eb669,train,val
images__train__s2_supp_recybat24_774466f4e15636b609a9,train,val
images__train__s2_supp_recybat24_7d91b3ad122943210155,train,val
images__train__s2_supp_recybat24_81b36e83cfb0ac4b1eb7,train,val
images__train__s2_supp_recybat24_8b022408c1997d8b8c5f,train,val
images__train__s2_supp_recybat24_8c37debc73959ba51266,train,val
images__train__s2_supp_recybat24_914f095b59379db0c67e,train,val
images__train__s2_supp_recybat24_91c19c4bde2b8fe7264a,train,val
images__train__s2_supp_recybat24_9404e153ca18344b62b9,train,val
images__train__s2_supp_recybat24_99212c995ea56df27262,train,val
images__train__s2_supp_recybat24_a9ad23d88242484c4877,train,val
images__train__s2_supp_recybat24_ab016601f011db2d8ab6,train,val
images__train__s2_supp_recybat24_ae0196f9fba87078853c,train,val
images__train__s2_supp_recybat24_aef7039664b1a99cbfba,train,val
images__train__s2_supp_recybat24_b659428ff7d95b720f92,train,val
images__train__s2_supp_recybat24_c6c1e57baae815471118,train,val
images__train__s2_supp_recybat24_caac0a9a60c33fe35874,train,val
images__train__s2_supp_recybat24_d4149f80679c4e21f89b,train,val
images__train__s2_supp_recybat24_df572d2db29392d61c61,train,val
images__train__s2_supp_recybat24_e88ae3c64cd7a8713f97,train,val
images__train__s2_supp_recybat24_eecf517230c9e3819eca,train,val
images__train__exp26_gen_1718a048346e6853774efefc,train,val
images__train__exp26_gen_23fd2f1d7cfbaa0739c5743a,train,val
images__train__exp26_gen_8cea1b8161410b5c0f2bd509,train,val
images__train__exp26_rfbat_178ba8bb5b3c5fc1387412c3,train,val
images__train__exp26_rfbat_4a41d3c3c00e774af478d8ee,train,val
images__train__s1_auto_ad024eec6d23dead1f38396c,train,val
images__train__exp26_rfbat_11b8ca6eefac88e2aa269658,train,val
images__train__exp26_rfbat_376e56b5e3aa476c20c7ddd7,train,val
images__train__exp26_rfbat_ba64bc1a24704944ddfffc38,train,val
images__train__exp26_rfbat_c3d097954c25eadada9c815d,train,val
images__train__exp26_rfbat_e90aeace120aeb25d465f709,train,val
images__train__s1_auto_2ceb988318589eb8e871fdfc,train,val
images__train__exp26_gen_65580f8dfe86931700d3b8fd,train,val
images__train__exp26_gen_6995c0968e25142f3b16aa42,train,val
images__train__exp26_gen_9e8965e89b0205fc85b88ff9,train,val
images__train__exp26_gen_c1ae945388efbeb1f8a947bf,train,val
images__train__exp26_gen_0c34b9944c5746952a5e4c4a,train,val
images__train__exp26_gen_456a319a116dfe2f64c14294,train,val
images__train__exp26_gen_832e343335d8077d08ce9742,train,val
images__train__exp26_rfbat_66d7d3570871fa8420d37f4f,train,val
images__train__exp26_rfbat_e3a9856e535c57d6d75dd298,train,val
images__train__s1_auto_4ae83a6cd1be7fa9d2f059b6,train,val
images__train__s1_auto_a117a8be15febb2c42d01790,train,val
images__train__exp26_rfbat_2abe120c93a7960261c80f80,train,val
images__train__exp26_rfbat_4302e9dd98bae120bd79e0b6,train,val
images__train__exp26_rfbat_49c3dbeecd9b0c58fd8fd2f3,train,val
images__train__exp26_rfbat_90ae78a546043a38ecc2d57b,train,val
images__train__exp26_rfbat_c7c57a2da3dd40e7a29f36ab,train,val
images__train__exp26_rfbat_da9c33278a554cfe7ea125c4,train,val
images__train__exp26_rfbat_f91f5ae0ade033741954fddb,train,val
images__train__s1_auto_67ad9fa575a7c22e17909a57,train,val
images__train__exp26_rfbat_5ef7c16f1752b39cc1223e73,train,val
images__train__exp26_rfbat_0ef0cac42821b33949f8309f,train,val
images__train__exp26_gen_5fc7ec6cc8b04441b124e800,train,val
images__train__exp26_gen_6d0dce159488500baeaf8005,train,val
images__train__exp26_gen_f582469522897f4bbf50877b,train,val
images__train__s1_auto_af38d8a8a6b36036040d3802,train,val
images__train__exp26_rfbat_8129fcac5561d01871bf0c0a,train,val
images__train__exp26_rfbat_93fa0515c3ab171b616abfcf,train,val
images__train__s1_auto_6965369e9afe99a63f881cdb,train,val
images__train__exp26_gen_0ddac0e8cff7a61138092319,train,val
images__train__exp26_gen_5bdef930be4b6477e57f11ae,train,val
images__train__exp26_gen_bfd5975c57106d32a93de8cb,train,val
images__train__exp26_rfbat_92894e437114df12fa01f626,train,val
images__train__exp26_rfbat_f0cd2be0cd917b61dc9cc5d8,train,val
images__train__s1_rf_92894e437114df12fa01f626,train,val
images__train__exp26_gen_09d87afc9a1656acadaf5b74,train,val
images__train__exp26_gen_2f8ab9df473845b9deadf186,train,val
images__train__exp26_gen_8218ded2ce402c17608b499b,train,val
images__train__exp26_gen_c7090ef9cfd068e6a4fcaa0c,train,val
images__train__exp26_rfbat_59c7078df50cc62aaecd83d6,train,val
images__train__exp26_rfbat_dccdc59d14639999e13f9a02,train,val
images__train__exp26_rfbat_06a7095879aadbde8bcb3f5d,train,val
images__train__exp26_rfbat_96e7cb97d52ccc2e7759b969,train,val
images__train__exp26_rfbat_e5a252a99dc1956368b16b20,train,val
images__train__exp26_rfbat_f88ea6952e90416edc574fc0,train,val
images__train__exp26_rfbat_6463b260bcf92d908601e0e2,train,val
images__train__exp26_rfbat_abbfe0d8858cf98edaa30180,train,val
images__train__exp26_rfbat_c735dc096f1f96d3b4dd69ca,train,val
images__train__exp26_rfbat_ec532d22cad71628e70809d3,train,val
images__train__exp26_rfbat_7ac438f7a0a4c031bfbf1a58,train,val
images__train__exp26_gen_8250761be416ee9ef8f85515,train,val
images__train__exp26_gen_a45a678258ab903114d829f1,train,val
images__train__exp26_gen_a6bce9540d6b79e3bd0ba835,train,val
images__train__exp26_gen_f8f87e07f6587c9c64c82f61,train,val
images__train__s1_auto_f55407d39d3289c5f3a4c1b3,train,val
images__train__exp26_gen_076b94b272676576e6ec89be,train,val
images__train__exp26_gen_8788775a7d2a0124c3816d13,train,val
images__train__exp26_gen_af9f9b1aba4ed7917dd152ca,train,val
images__train__exp26_rfbat_77fff22988f431901727a7f6,train,val
images__train__exp26_rfbat_8369b3c458a7b204d7fdc1d2,train,val
images__train__s1_auto_9e1b761fa98b4c03317266b7,train,val
images__train__s1_auto_ddd926a6a2491b2f955c4aee,train,val
images__train__exp26_gen_04f2df4bceea783e2f1a00c2,train,val
images__train__exp26_gen_977d93780f6c288f18c56ab6,train,val
images__train__exp26_gen_f9725220a239f5bd90e01ee5,train,val
images__train__s1_auto_21bc39cd08f01e48ed12ccb7,train,val
images__train__exp26_rfbat_0d34739575a4c3819e0eee74,train,val
images__train__exp26_rfbat_147373d09511d8719a6a4ccf,train,val
images__train__exp26_rfbat_399eed148375857d483a2150,train,val
images__train__exp26_rfbat_3e46f3a56dc6f87366c54d14,train,val
images__train__exp26_gen_cae8ffa0cddb6af8a8e1d09e,train,val
images__train__exp26_gen_cfd2df962e95b0a4c5b09b74,train,val
images__train__exp26_gen_e7cff98ea220bb4a26b8b6bf,train,val
images__train__exp26_gen_22d76eddb0728856f64a961c,train,val
images__train__exp26_gen_653d01ca2622f11a532d6d91,train,val
images__train__exp26_gen_e16fdbb8e57307e6eaf50d08,train,val
images__train__exp26_rfbat_0b9cd22d7e603b563e406d58,train,val
images__train__exp26_rfbat_0d62ee98969638ef2f8f8b94,train,val
images__train__exp26_rfbat_11d9bdc95e7a17202b3438bb,train,val
images__train__exp26_rfbat_eeaf976b65e81a5132dc8950,train,val
images__train__exp26_rfbat_ef2802a62dc8321f58d0b479,train,val
images__train__exp26_rfbat_f2753487b8b978d586f7c0d3,train,val
images__train__exp26_rfbat_d88bea6625b1bc8d936bd0fd,train,val
images__train__exp26_rfbat_e7649d5f75f84cbfafc8aafb,train,val
images__train__exp26_gen_9139676039e53d9948dff2bd,train,val
images__train__exp26_gen_91fd7ffbdeff0abe9015264c,train,val
images__train__exp26_gen_9b6ceea66ba6e7dc188729d8,train,val
images__train__exp26_gen_c13e7b56c1df42ca84d8d291,train,val
images__train__s1_auto_fbc3a7b7370b7abf04357e4f,train,val
images__train__exp26_gen_1064e9df0b9d32b0f8f3ba15,train,val
images__train__exp26_gen_42cca0925a95b015cbab0557,train,val
images__train__exp26_gen_f5102e5f62a8bb1b08635e10,train,val
images__train__exp26_gen_3277681e7073784be9c63275,train,val
images__train__exp26_gen_347c9592d0981f15b80584f8,train,val
images__train__exp26_gen_fb86ff7a9685ace8e3f34b7f,train,val
images__train__exp26_gen_3d330230da8571a4ecd5f6e8,train,val
images__train__exp26_gen_412ac6826c7d5e073bd962f5,train,val
images__train__exp26_gen_b184cb2f80b65bf0d947d4ea,train,val
images__train__s1_auto_f576074c0cb6b7a78ac0a273,train,val
images__train__exp26_gen_4e76f7b28125e19eed35b314,train,val
images__train__exp26_gen_5ac8c07e854efcff308f47de,train,val
images__train__exp26_gen_9c867916002ecbb4cec25573,train,val
images__train__exp26_gen_b8aa8b41d7a7a0f3eeb4fb1b,train,val
images__train__exp26_rfbat_97de73c5e1f55d6d92d423c8,train,val
images__train__exp26_rfbat_b3fd7723b6681da7e5971612,train,val
images__train__exp26_gen_515af84e939aeb6433b2c302,train,val
images__train__exp26_gen_988237998c4c5296e3a925c6,train,val
images__train__exp26_gen_abed8ea2325af8ce145e0dde,train,val
images__train__exp26_gen_bcfc8419a0e1696226462ca9,train,val
images__train__s1_auto_79bda05479df604dc0a45a05,train,val
images__train__exp26_gen_22edca8557ec770dc9d5440c,train,val
images__train__exp26_gen_3ffefcd35a3467e68d1e6d8a,train,val
images__train__exp26_gen_c5aab5944b3e322ed9e927ef,train,val
images__train__exp26_gen_fc860ac935330969ae675741,train,val
images__train__s1_auto_06f36ff32f9aadfe41811b31,train,val
images__train__exp26_gen_0cc647ae85e0f5bc217c51ad,train,val
images__train__exp26_gen_2df7cd5c620211d01faeaa1e,train,val
images__train__exp26_gen_7a0b1a3651e33351fbf9d983,train,val
images__train__exp26_rfbat_0fe6c35aad512fae2c1bc8e9,train,val
images__train__exp26_rfbat_f20aeb571468a067e9df527e,train,val
images__train__exp26_rfbat_1ab77c3fbe3697a2d1b70ee1,train,val
images__train__exp26_rfbat_3957257b810413b2ce770d21,train,val
images__train__exp26_rfbat_446462e2690d7e33dcf1fa29,train,val
images__train__exp26_rfbat_c2b31fc44b67af4f07a67eb3,train,val
images__train__exp26_gen_1aeaed0351358fcd3907f88f,train,val
images__train__exp26_gen_79b4289dafa8023aae6eb975,train,val
images__train__exp26_gen_821bb8f052f6534dde6c984f,train,val
images__train__exp26_gen_ddbb4d619d0680c9245c1a7b,train,val
images__train__exp26_rfbat_69feb1956e6abdd0b69a7f4d,train,val
images__train__exp26_rfbat_adb37f353c0c20ade135065a,train,val
images__train__exp26_rfbat_bc04da0105e1d0178250f8e1,train,val
images__train__exp26_gen_68bbeb351025432265a67270,train,val
images__train__exp26_gen_6fe20c8ce306b77929786a79,train,val
images__train__exp26_gen_79ce3b946cd4da364a37b4c7,train,val
images__train__s1_auto_dd289eb1b3256e19c3dd2bbc,train,val
images__train__exp26_rfbat_b96216983aa41250974fa998,train,val
images__train__exp26_rfbat_d2c5fc41febb892a60ab9b13,train,val
images__train__s1_auto_866f7e64d7f65eef14d1fd17,train,val
images__train__exp26_rfbat_0ea6a6c49a3f7087117b4e9f,train,val
images__train__exp26_rfbat_b0c3969c7e4f20b9a8fff4f6,train,val
images__train__exp26_rfbat_374524e0defbf4fc0481d4fa,train,val
images__train__exp26_rfbat_7b2fb6da1662b4b068baf243,train,val
images__train__s1_auto_3cc0acce4662e517ba9b6666,train,val
images__train__exp26_rfbat_5c9f14f85adbf1b378fd8510,train,val
images__train__exp26_rfbat_f9852b4aa3459f5b247edc1c,train,val
images__train__exp26_rfbat_0a78ca820bde36073151bef5,train,val
images__train__exp26_rfbat_ae974bd4593c2372a09a4dde,train,val
images__train__exp26_rfbat_a89ecf228ac5e38b4d4d8b70,train,val
images__train__exp26_rfbat_9226df0fa65ca046e601896a,train,val
images__train__s1_auto_cd9d5c32332ac8ffa112c958,train,val
images__train__exp26_rfbat_2fcfaa293392fece80db6986,train,val
images__train__exp26_rfbat_94bb832a875cec64c583f0fd,train,val
images__train__exp26_rfbat_9a39281f05801e8c531633e7,train,val
images__train__exp26_rfbat_a2f55b42355f9e95272ce4c3,train,val
images__train__exp26_rfbat_c30a1f78b50d840a4ee05f1d,train,val
images__train__s1_auto_0296e87df91afc1253966794,train,val
images__train__s1_auto_254dcb56f78f061a8fa3e9ec,train,val
images__train__s1_auto_2f2a8b6e619744de46e3a112,train,val
images__train__exp26_gen_0dce2302d05e14a5975affa2,train,val
images__train__exp26_gen_3efb009fe3bae02d7c9cec0d,train,val
images__train__exp26_gen_b5e8e93a98b7ff1d75244c28,train,val
images__train__exp26_gen_dd17e16c9e52cdfa9122c6e3,train,val
images__train__exp26_rfbat_0aade7b3d9cc271d03481afc,train,val
images__train__exp26_rfbat_3632013515d9942156f936ae,train,val
images__train__exp26_gen_3ac82fd991e6ca067f0712a7,train,val
images__train__exp26_gen_4b05e062d041ede72bb88214,train,val
images__train__exp26_gen_7efe30b83e3748606f49754e,train,val
images__train__exp26_rfbat_0116c74791a5a41f8b9c8f84,train,val
images__train__exp26_rfbat_bf2c526d15a02200784db9c8,train,val
images__train__exp26_rfbat_51cc097f37841c5bb00aeea2,train,val
images__train__exp26_rfbat_e0fda561803361eb251c59eb,train,val
images__train__exp26_gen_43a589d81d2e6c7966ffa0d9,train,val
images__train__exp26_gen_8a80688e6e9481609100205b,train,val
images__train__exp26_gen_f3a2a19beed1f1e5a6ffb6b3,train,val
images__train__exp26_gen_0e0cebc6aaef948cec20eb9a,train,val
images__train__exp26_gen_41d49961948238247a61dda0,train,val
images__train__exp26_gen_5ab9e47fe942ed1325cf541c,train,val
images__train__exp26_gen_b05227dcf2643f024a6b7cbd,train,val
images__train__s1_auto_4a7407dc1372eda2ba380554,train,val
images__train__exp26_gen_1e4ec24985e06e4bcecf15b0,train,val
images__train__exp26_gen_897d5fa13b2a9d8ee5ba6e7c,train,val
images__train__exp26_gen_b043e6538ec50a01d697f478,train,val
images__train__exp26_gen_f2f207572d177b91efc58cc9,train,val
images__train__s1_auto_ff33ee2ba0557ebc1e8a58ba,train,val
images__train__exp26_rfbat_458da8c0ba0fdfb4ebdc440c,train,val
images__train__exp26_gen_9f5e29541d21b714c74e6cd3,train,val
images__train__exp26_gen_cf16b888c334f42f4719f140,train,val
images__train__exp26_gen_e6ac1f1e9cbbbfd526cd5317,train,val
images__train__exp26_gen_c2f4d719bd28efdecea93b97,train,val
images__train__exp26_gen_d05ac2b1a2ae845972baed4b,train,val
images__train__exp26_gen_ff43331de17c5f32eea33c2f,train,val
images__train__exp26_gen_1e4a3d4741447a2bb10c6339,train,val
images__train__exp26_gen_2720d1f09a56d209a6ac64d5,train,val
images__train__exp26_gen_a0dc59a76e53c8bcccd9ca9c,train,val
images__train__exp26_rfbat_b6f33f2be812468c5421b5ed,train,val
images__train__exp26_gen_27d74c4e9dc47cfd07606ffd,train,val
images__train__exp26_gen_5545af52e1a48e93a05a2248,train,val
images__train__exp26_gen_f9a5c415288855223db25e6e,train,val
images__train__s1_auto_551e54068ebc2bee23e58e09,train,val
images__train__exp26_gen_44b1ce1d38e61fcb786fc408,train,val
images__train__exp26_gen_5d4dcc3967dc6a36b65185f4,train,val
images__train__exp26_gen_a44f1a0c4855bccdc9d8bad2,train,val
images__train__s1_auto_de640087d7b0abb9f4b4a0a8,train,val
images__train__exp26_rfbat_057fa17c214483cb181d994d,train,val
images__train__exp26_rfbat_1aface22e8b321329e8d50c2,train,val
images__train__exp26_rfbat_c51906629c2f6c61232106d7,train,val
images__train__exp26_rfbat_fa84c655944c7e7000d23a0f,train,val
images__train__exp26_rfbat_2001806ac895f5f87e806c62,train,val
images__train__exp26_rfbat_bb3d02298ceeff1cef487f56,train,val
images__train__exp26_gen_6e266913ba64570ef4bc37ba,train,val
images__train__exp26_gen_a07867d53915c6579529a3f5,train,val
images__train__exp26_gen_b247eea7a84fe2e0112d5d81,train,val
images__train__exp26_gen_e74885b96680a394774a1823,train,val
images__train__s1_auto_d7c0ca02f5884c8c42f52742,train,val
images__train__s1_auto_0a16a3d0e55ffcba2eefd188,train,val
images__train__s2_supp_cigwaste_00fa9a503624b29d36f0,train,val
images__train__s2_supp_cigwaste_0202587161d1eaca9188,train,val
images__train__s2_supp_cigwaste_0261f5151dba4a59e9ba,train,val
images__train__s2_supp_cigwaste_052b6d418e1b847287db,train,val
images__train__s2_supp_cigwaste_06b4799d3b2bc065263c,train,val
images__train__s2_supp_cigwaste_07a0a7f09ddec2b83104,train,val
images__train__s2_supp_cigwaste_08bceea7a9d5abb81103,train,val
images__train__s2_supp_cigwaste_0c892981a05ccd42e9de,train,val
images__train__s2_supp_cigwaste_0cd9435f2d3ed172de24,train,val
images__train__s2_supp_cigwaste_0cde6f8371ea2b8b8710,train,val
images__train__s2_supp_cigwaste_0cfdf0a34b2249b0bfba,train,val
images__train__s2_supp_cigwaste_16f160b58cc38ea7e0e3,train,val
images__train__s2_supp_cigwaste_18f7e53b9e74b81f80ff,train,val
images__train__s2_supp_cigwaste_1b751fdbae8c04972666,train,val
images__train__s2_supp_cigwaste_1b8f7b6f5b82fc3207fd,train,val
images__train__s2_supp_cigwaste_1f222776877f0cfb7b6e,train,val
images__train__s2_supp_cigwaste_1fd099d3cbdafbef8de9,train,val
images__train__s2_supp_cigwaste_29060872063b1f9a88d1,train,val
images__train__s2_supp_cigwaste_2ac4c763248a61cbe7aa,train,val
images__train__s2_supp_cigwaste_2ad7c5b549519778eb49,train,val
images__train__s2_supp_cigwaste_2f435a1a6fb9449bcba2,train,val
images__train__s2_supp_cigwaste_3038e666ee3e388e500b,train,val
images__train__s2_supp_cigwaste_326e156b9fbebd1e0ec9,train,val
images__train__s2_supp_cigwaste_34ce39283b61ed1ab666,train,val
images__train__s2_supp_cigwaste_34f60af053eb567e82d7,train,val
images__train__s2_supp_cigwaste_3eef540fc0860d6b6317,train,val
images__train__s2_supp_cigwaste_3f8b844e3e15e809d188,train,val
images__train__s2_supp_cigwaste_42da573e9255f82a9a74,train,val
images__train__s2_supp_cigwaste_44bf5b1e9cfcbd3ca699,train,val
images__train__s2_supp_cigwaste_464719f6cdf1d4526e70,train,val
images__train__s2_supp_cigwaste_475e1c6fbf08ecb4d7fa,train,val
images__train__s2_supp_cigwaste_47d4d3e57e8837ae5974,train,val
images__train__s2_supp_cigwaste_49820c3593b4c606c2a5,train,val
images__train__s2_supp_cigwaste_4b7c6cc7296707896cbf,train,val
images__train__s2_supp_cigwaste_4dd0487662b8ca8ad99c,train,val
images__train__s2_supp_cigwaste_535b5d1876dd420a488e,train,val
images__train__s2_supp_cigwaste_53c147d76e2541fd7443,train,val
images__train__s2_supp_cigwaste_54d482e73baf7fb9a7f2,train,val
images__train__s2_supp_cigwaste_66a7c9f62dc1305e136f,train,val
images__train__s2_supp_cigwaste_6b79b0a8a92084738c0f,train,val
images__train__s2_supp_cigwaste_6cbe4758fcbedd69f8f2,train,val
images__train__s2_supp_cigwaste_6d1f44abac949f0ee626,train,val
images__train__s2_supp_cigwaste_71551d8ac14e4d6335b3,train,val
images__train__s2_supp_cigwaste_72a172f678c45523cf73,train,val
images__train__s2_supp_cigwaste_73357de78b31aba12c53,train,val
images__train__s2_supp_cigwaste_733df2631ce653c5295a,train,val
images__train__s2_supp_cigwaste_73f799a4e9fd819aa580,train,val
images__train__s2_supp_cigwaste_74ae5b8448d095f58487,train,val
images__train__s2_supp_cigwaste_75107e5c37a5c489055e,train,val
images__train__s2_supp_cigwaste_774fb2eb1e787d7f8b2d,train,val
images__train__s2_supp_cigwaste_78342e9999d7140bca4d,train,val
images__train__s2_supp_cigwaste_7a6ebd74313b8396e4c7,train,val
images__train__s2_supp_cigwaste_810a78b2342c238cf636,train,val
images__train__s2_supp_cigwaste_83a77310ef7c85d15704,train,val
images__train__s2_supp_cigwaste_83d35bb1157f3088eaa5,train,val
images__train__s2_supp_cigwaste_88a906199d814d227eff,train,val
images__train__s2_supp_cigwaste_8c1dafa01502de6bec82,train,val
images__train__s2_supp_cigwaste_8d2ff1dfbf06eb89e2a6,train,val
images__train__s2_supp_cigwaste_8d3444e9a600a480fb78,train,val
images__train__s2_supp_cigwaste_93257d551f88db6b55f6,train,val
images__train__s2_supp_cigwaste_94ab0d1fb9cca4c83675,train,val
images__train__s2_supp_cigwaste_95b0899b9d86671d73dc,train,val
images__train__s2_supp_cigwaste_96841a64816fac7b7740,train,val
images__train__s2_supp_cigwaste_9686f296e2a76acbbcb3,train,val
images__train__s2_supp_cigwaste_96a2b6e50a79fccc6aab,train,val
images__train__s2_supp_cigwaste_970c87df434676ff4964,train,val
images__train__s2_supp_cigwaste_9bf3572fab447e7b5e57,train,val
images__train__s2_supp_cigwaste_9f61e8a608fb01871b71,train,val
images__train__s2_supp_cigwaste_a2a7771d001e2c675e80,train,val
images__train__s2_supp_cigwaste_a339e5991a2feb3c2f4f,train,val
images__train__s2_supp_cigwaste_a84bab2735a775e5faed,train,val
images__train__s2_supp_cigwaste_addac0b567d809e9f693,train,val
images__train__s2_supp_cigwaste_b10a078678dee4d01840,train,val
images__train__s2_supp_cigwaste_b29d01f926525fecd4df,train,val
images__train__s2_supp_cigwaste_b8a8ccb8bf60983265ce,train,val
images__train__s2_supp_cigwaste_ba621812445551f3a1e3,train,val
images__train__s2_supp_cigwaste_bb68e845f038805e2903,train,val
images__train__s2_supp_cigwaste_bfe788319608ccdf150a,train,val
images__train__s2_supp_cigwaste_c44ae29856f02a425797,train,val
images__train__s2_supp_cigwaste_c6eb9d71b938f32b0b11,train,val
images__train__s2_supp_cigwaste_c7e919a5c741f2b31faf,train,val
images__train__s2_supp_cigwaste_c8747cad6c531db3580d,train,val
images__train__s2_supp_cigwaste_cfaafc4621d4fe313e5b,train,val
images__train__s2_supp_cigwaste_d45437ba9c0eead251e7,train,val
images__train__s2_supp_cigwaste_d51f67e66b023b57cf69,train,val
images__train__s2_supp_cigwaste_d59aedabaa50539f1409,train,val
images__train__s2_supp_cigwaste_d849d0b9a4132ae11bb9,train,val
images__train__s2_supp_cigwaste_dadbc65a729c048ac28c,train,val
images__train__s2_supp_cigwaste_dcac2a73188c30e11655,train,val
images__train__s2_supp_cigwaste_dd7afdca5806348ec942,train,val
images__train__s2_supp_cigwaste_e39a7b7734d6f3e08e28,train,val
images__train__s2_supp_cigwaste_e8f2ede76aedfc8bcc09,train,val
images__train__s2_supp_cigwaste_eddf3cca324f78f1ab30,train,val
images__train__s2_supp_cigwaste_f35a827d1fa381ad1245,train,val
images__train__s2_supp_cigwaste_f43f6c2fe66481da41bd,train,val
images__train__s2_supp_cigwaste_f4d33a15e64b4106ce27,train,val
images__train__s2_supp_cigwaste_f4f95d56353457fc9947,train,val
images__train__s2_supp_cigwaste_fb42a03e89deba0b8797,train,val
images__train__s2_supp_cigwaste_fcb3a2ac7593802d3681,train,val
images__train__s2_supp_cigwaste_fdb13f50a54c6c4a585e,train,val
images__train__exp26_gen_189b653c858972248499ebcc,train,val
images__train__exp26_gen_2c8d797130675d65ec185f44,train,val
images__train__exp26_gen_ba2c5601be478ab0caef1348,train,val
images__train__exp26_gen_e13ffa824197c063435f5448,train,val
images__train__exp26_gen_3883d4595d37e8a567efb628,train,val
images__train__exp26_gen_62975e67473040272ebb4a00,train,val
images__train__exp26_gen_adc3dd6db4ff89acb466318c,train,val
images__train__s1_auto_a99bba1b57f9e8c1a94f4b65,train,val
images__train__exp26_rfbat_5a3a774f655a82b4b265d9a0,train,val
images__train__exp26_rfbat_8cfc6ce92b6290f7d29ce517,train,val
images__train__exp26_gen_12b36c9a858e4ce18c929350,train,val
images__train__exp26_gen_23d20ba49e06e4c0a8330589,train,val
images__train__exp26_gen_26c045c34b048d50d8933385,train,val
images__train__exp26_gen_0be978f4d9db0db0a46423c1,train,val
images__train__exp26_gen_1bccdb63b664b0d4db07430b,train,val
images__train__exp26_gen_7cf88ced826839b752c2f4dd,train,val
images__train__exp26_gen_818cc321052c5cbd9a6d6a6b,train,val
images__train__exp26_gen_0db47db00ab673252fa54f2e,train,val
images__train__exp26_gen_81ee7934b31cb8bf994382fb,train,val
images__train__exp26_gen_da357fd22891dca0966751d9,train,val
images__train__exp26_rfbat_371f08bf3b4966927710f43d,train,val
images__train__exp26_rfbat_57680d8110e704745028f9a1,train,val
images__train__exp26_rfbat_01992766a8d504501f4a680d,train,val
images__train__exp26_rfbat_1611b706d64897bc564ca654,train,val
images__train__exp26_rfbat_5f19f5b03d4fe68b4559d09a,train,val
images__train__exp26_rfbat_bc2f9416fdbb280c20e0ee1c,train,val
images__train__s1_rf_bc2f9416fdbb280c20e0ee1c,train,val
images__train__exp26_gen_23944d5ee1ad7b612f7cf445,train,val
images__train__exp26_gen_5c9b941c382d14d05153ebd0,train,val
images__train__exp26_gen_a5855bdf9d84d610a3cc4f66,train,val
images__train__exp26_gen_b78ca2072b322484675bd963,train,val
images__train__exp26_gen_22d70de35dfcd1b6c36b0d22,train,val
images__train__exp26_gen_2b7283fad219520277eb5319,train,val
images__train__exp26_gen_82dd7b7dc9dac7dbc6779544,train,val
images__train__exp26_gen_0502c42141b281f03cd5794d,train,val
images__train__exp26_gen_4ccd595c18aef99c6b2b4db6,train,val
images__train__exp26_gen_b4aa3a02650e668d33de4d3e,train,val
images__train__s1_auto_eddda9f6b609ec2a3487bd98,train,val
images__train__s2_supp_recybat24_1d29a5257f63f5995f86,train,val
images__train__s2_supp_recybat24_2623882509daa1e394d1,train,val
images__train__s2_supp_recybat24_2f16dca27d91a0c87df2,train,val
images__train__s2_supp_recybat24_3119fe28115b940c0e6d,train,val
images__train__s2_supp_recybat24_47566f3bf89aef7b749c,train,val
images__train__s2_supp_recybat24_4a21cfa9e88d866088ec,train,val
images__train__s2_supp_recybat24_4cb1df4e2563b5c69741,train,val
images__train__s2_supp_recybat24_55733c3ab4c4d50db787,train,val
images__train__s2_supp_recybat24_55c385696ff8285798e9,train,val
images__train__s2_supp_recybat24_562a73b13ccc65afe614,train,val
images__train__s2_supp_recybat24_58917e660fdc17fa1088,train,val
images__train__s2_supp_recybat24_6b0b373fe311df98cfe1,train,val
images__train__s2_supp_recybat24_73b513e8c1f25a187b43,train,val
images__train__s2_supp_recybat24_7f500a6ea3b5ecc3f5a4,train,val
images__train__s2_supp_recybat24_80d0a282f66a6ca6c60f,train,val
images__train__s2_supp_recybat24_811ea1302d256f39894c,train,val
images__train__s2_supp_recybat24_8646dd6d394b3abe582d,train,val
images__train__s2_supp_recybat24_86bf846aecfdbbf29d0f,train,val
images__train__s2_supp_recybat24_95048a87d568f028433b,train,val
images__train__s2_supp_recybat24_adb78ad939a254ffbea9,train,val
images__train__s2_supp_recybat24_b4c1acbdf29d2ff07be4,train,val
images__train__s2_supp_recybat24_b51d0040083bff8f1b10,train,val
images__train__s2_supp_recybat24_b602467a659c4edb34a7,train,val
images__train__s2_supp_recybat24_c21bdc3223d427b84383,train,val
images__train__s2_supp_recybat24_c5a88247a564a6443e37,train,val
images__train__s2_supp_recybat24_cd1e035f2e7184c15612,train,val
images__train__s2_supp_recybat24_d1155933242638cdf7fc,train,val
images__train__s2_supp_recybat24_db977bfdc9dd5acab5d1,train,val
images__train__s2_supp_recybat24_e2a0b2668ba1986f1cf4,train,val
images__train__s2_supp_recybat24_eba1fd22abb08b2cf481,train,val
images__train__exp26_rfbat_ab2bd43c5957809f07b47d77,train,val
images__train__exp26_rfbat_c35815aada21976604e9132d,train,val
images__train__exp26_rfbat_2d10bbdfd2d6f756fc0c6228,train,val
images__train__exp26_rfbat_4dca73ddec534f3eba9b5056,train,val
images__train__exp26_rfbat_9ac219b02c6d8d7415c97683,train,val
images__train__exp26_rfbat_fdd99f40e4f13bcb86ce5eb9,train,val
images__train__exp26_rfbat_d5414b0bd11388c2ed851e28,train,val
images__train__exp26_rfbat_e99bb261c4417bc3b409bc60,train,val
images__train__s1_auto_3124f1aa0068de3d3077c349,train,val
images__train__exp26_rfbat_09ef8184f31e8c3b7b1747bb,train,val
images__train__exp26_rfbat_23645f60aafcd09b52d6a4d7,train,val
images__train__exp26_rfbat_72a914fb7e30651846680093,train,val
images__train__exp26_rfbat_88a192a11cb5f8da70cba486,train,val
images__train__exp26_rfbat_f73d44a565bf7f4bef151bb2,train,val
images__train__exp26_rfbat_0cb790201119706a4bd0eb98,train,val
images__train__s1_auto_b6be8f309e58690b6558e616,train,val
images__train__s1_auto_a45f9a8c0b76ed7072d74f61,train,val
images__train__s1_auto_0f7dcd04949274d31f43d3fa,train,val
images__train__s1_auto_0a7900afe0e468db54fb395d,train,val
images__train__exp26_rfbat_3501e1cd831e096c230e6cb6,train,val
images__train__exp26_rfbat_d34f5135b49466f950e36b22,train,val
images__train__exp26_rfbat_17952227daad0fa1311973b4,train,val
images__train__exp26_rfbat_46245acd399f2b6a365e27cf,train,val
images__train__s1_auto_8882e5e72e277b217388c482,train,val
images__train__exp26_rfbat_a9abc7a866aabafabba44eb6,train,val
images__train__exp26_rfbat_2ee5e6cf5f49c808226d004a,train,val
images__train__exp26_rfbat_1231664feb88983dd1b61f20,train,val
images__train__exp26_rfbat_2095467bbdf6036c2ce7a42a,train,val
images__train__exp26_rfbat_4d4a2fa1f50f44734fa1e473,train,val
images__train__exp26_rfbat_66a352919d749c8151ab7f01,train,val
images__train__exp26_rfbat_bfd63e5cb9619bbecbd8071b,train,val
images__train__exp26_rfbat_ec235594f158cec13100f259,train,val
images__train__s1_auto_8c8fed7ea2117b01c4974a17,train,val
images__train__exp26_rfbat_570e13b8433368c3810acc53,train,val
images__train__exp26_rfbat_c0c0a5a0b9787ea27e556002,train,val
images__train__s1_auto_45f6141787bfab9aee409155,train,val
images__train__exp26_rfbat_bde8e852f75e54cb13f2d726,train,val
images__train__exp26_rfbat_d5f7ab7cd84469d78674f826,train,val
images__train__exp26_rfbat_aaf6463c1b053e1f1e02f040,train,val
images__train__s1_auto_4a8cf856ad0d3a7ab6f2e425,train,val
images__train__s2_supp_recybat24_008a197ef681daf8353b,train,val
images__train__s2_supp_recybat24_124cf61e005cad22283c,train,val
images__train__s2_supp_recybat24_19412a3c3bac0e456c27,train,val
images__train__s2_supp_recybat24_1e2b66d49d19acfa796e,train,val
images__train__s2_supp_recybat24_259588fe230fd482cb06,train,val
images__train__s2_supp_recybat24_2e922a4e74d8c22579da,train,val
images__train__s2_supp_recybat24_33657b9890518ee3598b,train,val
images__train__s2_supp_recybat24_3d5e1e24725c44cc4b0a,train,val
images__train__s2_supp_recybat24_3e385b72d616cd18ac33,train,val
images__train__s2_supp_recybat24_4e15498de963810d17cc,train,val
images__train__s2_supp_recybat24_4f95f556786fce118c32,train,val
images__train__s2_supp_recybat24_51d49048f2a1af52790e,train,val
images__train__s2_supp_recybat24_683aaa0862ec23294732,train,val
images__train__s2_supp_recybat24_698bafbb45330d99da2c,train,val
images__train__s2_supp_recybat24_79d79549b439e67a4c46,train,val
images__train__s2_supp_recybat24_8eef0dc2d445e65b1022,train,val
images__train__s2_supp_recybat24_93e3233037a4aae02ef5,train,val
images__train__s2_supp_recybat24_9cad6d8f7d51c9c68608,train,val
images__train__s2_supp_recybat24_9e34589e2b52ae20addc,train,val
images__train__s2_supp_recybat24_a34eba528d8a79c00e96,train,val
images__train__s2_supp_recybat24_aadac74cfd04668fd60d,train,val
images__train__s2_supp_recybat24_bc9341064dc0143b2044,train,val
images__train__s2_supp_recybat24_be36b91e3222beb7b115,train,val
images__train__s2_supp_recybat24_be8493643a529d70a87a,train,val
images__train__s2_supp_recybat24_ca66f55ff245a3cf7b74,train,val
images__train__s2_supp_recybat24_d1225c5eafce6347921c,train,val
images__train__s2_supp_recybat24_e211f51b259805495cfb,train,val
images__train__s2_supp_recybat24_e24078d5a39fc5b19bb4,train,val
images__train__s2_supp_recybat24_ef21eb806e58d10a432d,train,val
images__train__s2_supp_recybat24_f69f955b44943758bae1,train,val
images__train__exp26_rfbat_02912a971b2c5cf01b7ae6b1,train,val
images__train__exp26_rfbat_0511b5e6c56864375bb256cf,train,val
images__train__exp26_rfbat_0966a6e20ea721583b5cc12d,train,val
images__train__exp26_rfbat_e4bece73d1f85fdc0597cd78,train,val
images__train__exp26_rfbat_9abe97627cdee4c78818d72a,train,val
images__train__exp26_rfbat_f49f8da11cbe39a5812497dc,train,val
images__train__exp26_rfbat_c58c36c2ff5abf494faca31f,train,val
images__train__exp26_rfbat_ea5ef1fcb3c304961c8fd320,train,val
images__train__s1_auto_4e9f376381120267e6836ee9,train,val
images__train__exp26_rfbat_779fa37b89bda2a069363cf4,train,val
images__train__exp26_rfbat_f23d5e906fa0589f27e32bec,train,val
images__train__exp26_rfbat_15c5d4a50fd51be3d1cdccd3,train,val
images__train__exp26_rfbat_84f16b2d2cef82d017b62396,train,val
images__train__exp26_rfbat_0b67ddbb4a5d0ad085743392,train,val
images__train__exp26_rfbat_2600465852a07701b0956111,train,val
images__train__exp26_rfbat_9e940dcba1a8127883be054d,train,val
images__train__exp26_rfbat_ace465d899db39064aa3b621,train,val
images__train__exp26_rfbat_0b780adbab8b86f49b854733,train,val
images__train__exp26_rfbat_f5b9c5f5d58a0f5a023fbda2,train,val
images__train__exp26_rfbat_18ec3dbb5eac3a9fc723621e,train,val
images__train__exp26_rfbat_6edbd0437203259d1bf4d828,train,val
images__train__exp26_rfbat_80c9bb998651b8df45c27568,train,val
images__train__exp26_rfbat_9a4fa22e8c7640fc263dbb2a,train,val
images__train__exp26_rfbat_0be0180640686cc614a56f31,train,val
images__train__exp26_rfbat_264fc683cc1ce32aa8fe6880,train,val
images__train__exp26_rfbat_92c105347cc1b8610e370768,train,val
images__train__exp26_rfbat_ea8229f4e49edd4968bebd91,train,val
images__train__exp26_rfbat_12bec6d2b5c545ce8d32dc1f,train,val
images__train__exp26_rfbat_1d6e50e5230988ff0594bee6,train,val
images__train__exp26_rfbat_863f483adb6235038b909b17,train,val
images__train__exp26_rfbat_b13d5d995b788344ee20991b,train,val
images__train__exp26_rfbat_0eabb894c206e7c8aaf42d3c,train,val
images__train__exp26_rfbat_b79cbc9fc5686d0ff38471e5,train,val
images__train__exp26_rfbat_48268e1690d0d56fb07441ba,train,val
images__train__s1_auto_8eef67836b0ab7950c7682c0,train,val
images__train__exp26_rfbat_1db0a2436b1796c7f4cb36e0,train,val
images__train__exp26_rfbat_81b847df46522ea4351f94e2,train,val
images__train__exp26_rfbat_86743c8c11e3b733d8edc99a,train,val
images__train__exp26_rfbat_96695f88debc736055e37fde,train,val
images__train__exp26_rfbat_d077212ddb6a986cf14132e9,train,val
images__train__exp26_rfbat_8ec81f274e961a66a2a190ad,train,val
images__train__exp26_rfbat_cc15d9d4d4ef9632ce21dfca,train,val
images__train__s1_auto_a72a758a2478b5c95d159294,train,val
images__train__exp26_rfbat_1d9ee5a049d1cd211534efb5,train,val
images__train__exp26_rfbat_926d1d39f812dc49833e1c42,train,val
images__train__s1_auto_dac8d1fdeeaa466bcce73995,train,val
images__train__s1_auto_74d1b0d6a9350484c0b73600,train,val
images__train__exp26_rfbat_70dce002bef39c3b6415f637,train,val
images__train__exp26_rfbat_6b5340b7f8bd9927f46508e1,train,val
images__train__exp26_rfbat_f5a6fce431d3cdaa2a61ab7e,train,val
images__train__exp26_rfbat_6c3a71505410ef08bb909804,train,val
images__train__exp26_rfbat_3f96f300117e9b24915cddbd,train,val
images__train__s1_auto_d6b146c87a6b2f8cf35f0573,train,val
images__train__exp26_rfbat_0af0c8ca217ae035b76d2cb9,train,val
images__train__exp26_rfbat_5e35a6de47c685214ae3222b,train,val
images__train__exp26_rfbat_ac45cf5d8d58fd07362f0558,train,val
images__train__exp26_rfbat_67257f42632dc734010cd2f8,train,val
images__train__exp26_rfbat_7c6e510882096a07f2c65b21,train,val
images__train__exp26_rfbat_453ec31ca9004a180ff9f293,train,val
images__train__exp26_rfbat_57c87b8476f25f22a271be8c,train,val
images__train__s1_auto_867cd3db923c6bac4ebd81e8,train,val
images__train__exp26_rfbat_a38d401627f78b11150439e0,train,val
images__train__exp26_rfbat_b1d34f67ed05c337655f7336,train,val
images__train__exp26_rfbat_2ec87b7853f74453da209287,train,val
images__train__exp26_rfbat_aeeb64a2b4db27b0882d2b16,train,val
images__train__s1_auto_01b7faa3f981824bf2bd9a3a,train,val
images__train__s1_auto_36453e786706c068296e8c5c,train,val
images__train__s1_auto_ddc16245f72df0a1ea44a704,train,val
images__train__exp26_rfbat_3274ae58f7196347d6617e57,train,val
images__train__exp26_rfbat_68e067bdc4d606ae2e2bc9ea,train,val
images__train__exp26_rfbat_0f98a60d60a1bf75d295615a,train,val
images__train__exp26_rfbat_824952881160bbe917b784c8,train,val
images__train__exp26_rfbat_a02150ad36bbdac12c7a73de,train,val
images__train__exp26_rfbat_c65d751c443e440c935a4125,train,val
images__train__exp26_rfbat_116cbb1de7d8f8ab2f836d29,train,val
images__train__exp26_rfbat_18c0d4d267f888245e8c5e2c,train,val
images__train__exp26_rfbat_6d930968e397c860490c97f4,train,val
images__train__exp26_rfbat_70439ab3f7d16b5c408bc8cb,train,val
images__train__exp26_rfbat_80716b5bb12e513c7384a397,train,val
images__train__exp26_rfbat_a4cdb4aff1705dbcdcc3ab01,train,val
images__train__exp26_rfbat_5889febb0f5c8c68301104ed,train,val
images__train__exp26_rfbat_7005ca6b0a71fc14589b70f9,train,val
images__train__s1_auto_e69540d61d09fa0ae8fee635,train,val
images__train__exp26_rfbat_28b17c8c4e8bf5d02e86e188,train,val
images__train__exp26_rfbat_0bfba83edb9ca6b69a4547fd,train,val
images__train__exp26_rfbat_144966b5fe58e8afc1bd66a2,train,val
images__train__exp26_rfbat_c38ac37c4a100691ed1b57f7,train,val
images__train__s1_auto_df93cb1a770f32203445159c,train,val
images__train__exp26_rfbat_38ab7532c0aa860a425fef29,train,val
images__train__exp26_rfbat_46005b2b1ff712dba2686732,train,val
images__train__exp26_rfbat_46d944f64270d4439eeb0cba,train,val
images__train__exp26_rfbat_32ea3e02e58a6e5dbb42e759,train,val
images__train__exp26_rfbat_3e3c9f24378d14e9806f4bb8,train,val
images__train__exp26_rfbat_b20e7be414f16b0f5ab58f5d,train,val
images__train__exp26_rfbat_ea3eea0e4030d34dea3566f2,train,val
images__train__exp26_rfbat_1578b76a1e339f647ee59b9f,train,val
images__train__exp26_rfbat_4c799e7955b365ce17c5a2d9,train,val
images__train__exp26_rfbat_948b0198c2f6a06fbf3fcc36,train,val
images__train__exp26_rfbat_afe2c2dd67b874fd3b7724e5,train,val
images__train__exp26_rfbat_bc1b09092d8f1771cd9c6fe0,train,val
images__train__exp26_rfbat_be8f2157253502f1e8a879db,train,val
images__train__s1_auto_cabc70977499b3121cad7db7,train,val
images__train__exp26_rfbat_74a6edd6f5faefa6de209890,train,val
images__train__exp26_rfbat_be10a5eaa1a7269da75d5e9d,train,val
images__train__exp26_rfbat_17d69b5bc996ff74481c2184,train,val
images__train__exp26_rfbat_2d3e2739e8d05f086f071ae1,train,val
images__train__exp26_rfbat_353efe32494bd32eb3957220,train,val
images__train__exp26_rfbat_cdad05c904255bff5353e723,train,val
images__train__exp26_rfbat_d0491ec5e9be15596fa385ed,train,val
images__train__exp26_rfbat_dd07bdb1edb87f31fe08e198,train,val
images__train__exp26_rfbat_3da1db597d52a40594fb8b9f,train,val
images__train__exp26_rfbat_b04f42930d773f47ecdb207b,train,val
images__train__exp26_rfbat_cf3ff628b38fb195a5b800de,train,val
images__train__exp26_rfbat_98aa5c4500256d099ca8fb81,train,val
images__train__exp26_rfbat_f0344e1d5273f382cd9cd7fd,train,val
images__train__exp26_rfbat_67fe9c728623cd7e24a4d519,train,val
images__train__exp26_rfbat_a0741a8e56845aa9fad34273,train,val
images__train__exp26_rfbat_a6ad484f7c18d5addacf7008,train,val
images__train__exp26_rfbat_f26bb71275e43590b3466387,train,val
images__train__exp26_rfbat_86d49baaccae8a529300907b,train,val
images__train__s1_auto_ffeb1293407777996a3de35f,train,val
images__train__exp26_rfbat_0bec823785a6a7a44c94476f,train,val
images__train__exp26_rfbat_481dfe62f9f9c3bee7b23ffe,train,val
images__train__exp26_rfbat_1bebbe5e2b47881f530fb2d5,train,val
images__train__exp26_rfbat_88d6268454174b2b9268b005,train,val
images__train__exp26_rfbat_23f5f945302e59d801168f64,train,val
images__train__s1_auto_fd82e9b8b3b6c77f142fbbb4,train,val
images__train__exp26_rfbat_05e5253f6c08831d8f5151a7,train,val
images__train__exp26_rfbat_2c7f6a49e9860243741fb4db,train,val
images__train__exp26_rfbat_65b2bc2df6d1f78adf525410,train,val
images__train__exp26_rfbat_7a515e997570accaf1121322,train,val
images__train__exp26_rfbat_b518fc52a1dacd25c7bb8670,train,val
images__train__exp26_rfbat_54b2dec8605d3dc53dbd125b,train,val
images__train__exp26_rfbat_a8305ff8e705c301a2693c95,train,val
images__train__exp26_rfbat_c195b9c1bfc12d41facaa42e,train,val
images__train__exp26_rfbat_cc232a7f4ff455afc5963144,train,val
images__train__exp26_rfbat_447e947b376166284dbbfb17,train,val
images__train__exp26_rfbat_56c5b97c86c816b718433e12,train,val
images__train__exp26_rfbat_6664c987f4d93a384c758954,train,val
images__train__exp26_rfbat_d06980437bde85cad00560a4,train,val
images__train__exp26_rfbat_2a1824351b3e469ed9cc7309,train,val
images__train__exp26_rfbat_73ee03b3a87f96e54ca78d03,train,val
images__train__exp26_rfbat_0bd8ff09132f6cb056ca4c7b,train,val
images__train__exp26_rfbat_4843736656c8b871322acaf3,train,val
images__train__exp26_rfbat_75449490e47b28524ebf5f58,train,val
images__train__exp26_rfbat_7fd6320fa04cf72be22db53d,train,val
images__train__exp26_rfbat_3495dcd8dd7340a3b5da8ffa,train,val
images__train__exp26_rfbat_f8f240cde3b7ed6f6ca9cbeb,train,val
images__train__s1_auto_2cdcdf2fdf4be92311d579fd,train,val
images__train__exp26_rfbat_bd6a0ce02f8c3457bacc3faa,train,val
images__train__exp26_rfbat_d6a7e61bab1db2ff433f1802,train,val
images__train__exp26_rfbat_2b3a3ca3b88f427299ac8141,train,val
images__train__exp26_rfbat_cfd4ed77c84a5c797689cbc9,train,val
images__train__s1_auto_86a1d98c9bf5bf8788483d0e,train,val
images__train__exp26_rfbat_06d4b3fcb79bd78e2181f6bf,train,val
images__train__exp26_rfbat_314d3194f9c4265f42d2eb7d,train,val
images__train__exp26_rfbat_45362345e40d4bac638846d6,train,val
images__train__s2_supp_recybat24_004f2d097d91b23b71d6,train,val
images__train__s2_supp_recybat24_02b685c366c78612c53b,train,val
images__train__s2_supp_recybat24_17b0fa73dbebece56663,train,val
images__train__s2_supp_recybat24_273f61ca534f9cbdd1c9,train,val
images__train__s2_supp_recybat24_32038eb658e78bd92c3b,train,val
images__train__s2_supp_recybat24_3f6dc7e239fb09bffc14,train,val
images__train__s2_supp_recybat24_4023166a0b232ea897e2,train,val
images__train__s2_supp_recybat24_5808a872e2bea6f14e4c,train,val
images__train__s2_supp_recybat24_6ca915ee7fdce27325ca,train,val
images__train__s2_supp_recybat24_71b1c926d3f84dfce34c,train,val
images__train__s2_supp_recybat24_78e8d0c591d3b8449a6c,train,val
images__train__s2_supp_recybat24_80dfee02290572b33f53,train,val
images__train__s2_supp_recybat24_84db6badab8a29c731fa,train,val
images__train__s2_supp_recybat24_8871b1f0e56f75f910dd,train,val
images__train__s2_supp_recybat24_8e32226078751746ac61,train,val
images__train__s2_supp_recybat24_9636f796228c1b09f8dd,train,val
images__train__s2_supp_recybat24_9bec5a4ced9d2f1aa1b0,train,val
images__train__s2_supp_recybat24_9f5126284762c43cd690,train,val
images__train__s2_supp_recybat24_9fc3789a8d005313f5dd,train,val
images__train__s2_supp_recybat24_a08fce233a4fc3a1bd6c,train,val
images__train__s2_supp_recybat24_a87e1e6701300494a78f,train,val
images__train__s2_supp_recybat24_a9474777b571b8447efe,train,val
images__train__s2_supp_recybat24_aaa9fa4fb99532f3188e,train,val
images__train__s2_supp_recybat24_b17a88d31d0ab88bce3e,train,val
images__train__s2_supp_recybat24_b9a73969f7ba30f48be9,train,val
images__train__s2_supp_recybat24_d11e55c859851fc49c8c,train,val
images__train__s2_supp_recybat24_d2bcf8d3d55b27bb4ec7,train,val
images__train__s2_supp_recybat24_d92fac0b8486ee08ac23,train,val
images__train__s2_supp_recybat24_dae07a602eee8763afb5,train,val
images__train__s2_supp_recybat24_f37af3e8fca8bcf85f5d,train,val
images__train__exp26_rfbat_857a3eeed7d2ca3bf00fcc28,train,val
images__train__exp26_rfbat_d20ecaaea1a8b58b39c4d19d,train,val
images__train__exp26_rfbat_f0cc278db81f1bb14e3638d2,train,val
images__train__exp26_rfbat_fa42850e0f20011073990c4e,train,val
images__train__exp26_rfbat_16e33184a1b87055880440ce,train,val
images__train__exp26_rfbat_85ec26bd7ce469164571fbff,train,val
images__train__s1_auto_0c329934182a0f4efd5bc9cd,train,val
images__train__exp26_rfbat_2839d3a511ad8e60f60047f1,train,val
images__train__exp26_rfbat_3928e1ef1ea08694566f9a24,train,val
images__train__exp26_rfbat_a3a34d48f2f9077706bf4800,train,val
images__train__s1_auto_55845d548658d04e9e78a663,train,val
images__train__exp26_rfbat_09854a2ee3bc1cc0a3600b11,train,val
images__train__exp26_rfbat_3356b7c9c63fc03d4ecf6068,train,val
images__train__exp26_rfbat_62e16a38062f080e8cc52130,train,val
images__train__exp26_rfbat_e061483d60b08b04d769cfbc,train,val
images__train__exp26_rfbat_e6290994f1ec8c7346579b7f,train,val
images__train__exp26_rfbat_65e2ea79baa0184fafcad3ac,train,val
images__train__exp26_rfbat_4c0d8a74a847eaa83dc88ea8,train,val
images__train__exp26_rfbat_53fb275470006d05fcad3d3c,train,val
images__train__exp26_rfbat_5d09884ec4300fb32e353ddc,train,val
images__train__exp26_rfbat_a52ad3ad8f0082c578258467,train,val
images__train__exp26_rfbat_d2fb5533f14af8f8aafd4e8c,train,val
images__train__exp26_rfbat_fd39d3bd811cf7948751e2cc,train,val
images__train__exp26_rfbat_16c8d245f3336f7f162a5064,train,val
images__train__exp26_rfbat_1d0c1b2c4f5533ea8d468858,train,val
images__train__exp26_rfbat_2bbefe6af95a57e042a8bb59,train,val
images__train__exp26_rfbat_59c376fd12d553e6dff30c6a,train,val
images__train__exp26_rfbat_71825e47bcda3fe11dc0fb67,train,val
images__train__exp26_rfbat_865396b89d0bf464ca338120,train,val
images__train__exp26_rfbat_31129ed86213f8386f7e5805,train,val
images__train__exp26_rfbat_4268cbe742f492b7272979a5,train,val
images__train__exp26_rfbat_4aba95f65b62435cd30e3105,train,val
images__train__exp26_rfbat_5b43e8307f6e4811deb86623,train,val
images__train__exp26_rfbat_777cc7ebc6783eb63906d77b,train,val
images__train__exp26_rfbat_a110026b161a0f58fc033f6a,train,val
images__train__exp26_rfbat_5b713246a2a1a815bdda58fa,train,val
images__train__exp26_rfbat_f79c1c57c9cdb3ca332b70a5,train,val
images__train__exp26_rfbat_15ae655e85362ee0e299a4a9,train,val
images__train__exp26_rfbat_f013d0106aa35aed3ebdd9ef,train,val
images__train__s1_auto_7bbd35796bb877b6bca0d22e,train,val
images__train__exp26_rfbat_664d05894d740de5481bcae5,train,val
images__train__exp26_rfbat_e54361348c1c76c7c266aaf5,train,val
images__train__exp26_rfbat_83f3228c8282e0a8dc22b0ea,train,val
images__train__exp26_rfbat_1f783882fb14ca332f3e78b0,train,val
images__train__exp26_rfbat_7aab3e3a7190b61abbe3d32b,train,val
images__train__exp26_rfbat_26decadc1f692cbe91d8aa5f,train,val
images__train__exp26_rfbat_38c734eeeb9218ae5eef18ae,train,val
images__train__exp26_rfbat_8001ef45c468f2d29c655824,train,val
images__train__exp26_rfbat_e94678b413257ffb6f0c15c1,train,val
images__train__exp26_rfbat_3e3eab3ea409e11b21641657,train,val
images__train__exp26_rfbat_6f0407f7ff8c2a9dd6d865c0,train,val
images__train__exp26_rfbat_76136b958c16a806e999254d,train,val
images__train__exp26_rfbat_9f1f6dc8132dccc7c42214aa,train,val
images__train__s1_auto_2a9377a2ac48929f221188ef,train,val
images__train__exp26_rfbat_273319fba4df42f27b8de168,train,val
images__train__exp26_rfbat_5052a3c89762e18d4382c51f,train,val
images__train__exp26_rfbat_a1b71598781b7e234c02eefb,train,val
images__train__s1_auto_0eaa08bd67cc5dcaf137f3ed,train,val
images__train__exp26_rfbat_37c00d7618237915684b277f,train,val
images__train__exp26_rfbat_87142e575f2e71e0b9bc8c1c,train,val
images__train__exp26_rfbat_41b246464d89c85679e486a3,train,val
images__train__exp26_rfbat_e6db87087bb7f937e48fe485,train,val
images__train__s1_auto_d0157da364d7adc1ae8357bf,train,val
images__train__s1_auto_0d606c4c6499fe9d77a26ff7,train,val
images__train__exp26_rfbat_75605c7388352731564c40c6,train,val
images__train__s1_auto_1425e836ff140312dfaccabc,train,val
images__train__exp26_rfbat_8957cbd0b28b54bb00b13f45,train,val
images__train__exp26_rfbat_ab10a8d8fc07a4f278bc28a5,train,val
images__train__exp26_rfbat_daced3b5dabdfd660f282a7a,train,val
images__train__exp26_rfbat_c336e72d9d030a21be4d7d5b,train,val
images__train__exp26_rfbat_de3945c7780e80273047b9d4,train,val
images__train__exp26_rfbat_1a6e3da4a919f6ad9150d059,train,val
images__train__exp26_rfbat_a2bb8a2db3ae169051b5a24d,train,val
images__train__exp26_rfbat_ecdc3b96c9071cdca297ec8b,train,val
images__train__exp26_rfbat_4a60482f881960498b65f61c,train,val
images__train__exp26_rfbat_831a3a455ced171e81774b6f,train,val
images__train__exp26_rfbat_05984d2e5c041a969e529442,train,val
images__train__exp26_rfbat_567519523e4d76376e06eca2,train,val
images__train__exp26_rfbat_0d7f1816e5eda7721cf859f9,train,val
images__train__exp26_rfbat_50d2da6a9eefc116d4f0614c,train,val
images__train__exp26_rfbat_423b370d7501c1bb6791ffce,train,val
images__train__exp26_rfbat_4c4a1a7ac5da09607a6bb0dc,train,val
images__train__exp26_rfbat_69a4e4f7df8633c78d7aa10c,train,val
images__train__exp26_rfbat_ab3980e8dc96176362632536,train,val
images__train__exp26_rfbat_bf45c2daa8521faf476bf26d,train,val
images__train__exp26_rfbat_cd4e84809ee35c89b589e3fb,train,val
images__train__exp26_rfbat_4cc5359d2d9fe9c3cd2dd389,train,val
images__train__exp26_rfbat_ce000bc73ce4d3eeef3a4e2d,train,val
images__train__exp26_rfbat_e1a4b93a75b886f041407f37,train,val
images__train__s1_auto_2daa2ff7435692d47a65a383,train,val
images__train__exp26_rfbat_32fcc647d507e2d4a7224812,train,val
images__train__exp26_rfbat_5d7df192c6ddcbf1ef7d5189,train,val
images__train__exp26_rfbat_df2cdca8e7f34da51c570615,train,val
images__train__exp26_rfbat_e42b78ea3c793b3f0cce3af1,train,val
images__train__exp26_rfbat_e967662941a50ad64dd40ce1,train,val
images__train__exp26_rfbat_0ccde9171872f7cc9d095448,train,val
images__train__exp26_rfbat_15d05010b32cc27ffae9acad,train,val
images__train__exp26_rfbat_c7e49486e9b9df87fdf0d2b6,train,val
images__train__exp26_rfbat_ee9279664c806f829228d96b,train,val
images__train__exp26_rfbat_0eff3267e17212ec4994c9b3,train,val
images__train__exp26_rfbat_9a11cf8c0a4c7ecf6eb9b5e0,train,val
images__train__s1_auto_fbbd9f2413a6e1da08e2339f,train,val
images__train__s1_auto_72ec8bcc2adbc4175daa997e,train,val
images__train__exp26_rfbat_9627376eadbcc16e92267c5a,train,val
images__train__exp26_rfbat_97b425541e023854d141bafe,train,val
images__train__exp26_rfbat_c7084b76a95b12a6c2d8c4bf,train,val
images__train__s1_auto_05aca53b40bb160817ec5fb3,train,val
images__train__s1_auto_9e82fad8ff4953238112132b,train,val
images__train__exp26_rfbat_c6c5636999d480415bf19cf9,train,val
images__train__exp26_rfbat_e9ef5a1787ef1178ff20adad,train,val
images__train__s1_rf_c6c5636999d480415bf19cf9,train,val
images__train__exp26_rfbat_177911561cc8fcd4f234ad68,train,val
images__train__exp26_rfbat_3a60d2505df735a07d15741a,train,val
images__train__exp26_rfbat_ee0059259e7d085515fc0223,train,val
images__train__s1_auto_f20372e0cd1c267dd4849330,train,val
images__train__exp26_rfbat_be2203a93f1dc18fe7e739cd,train,val
images__train__s1_auto_17a6d19989fd5d83c659ae16,train,val
images__train__exp26_rfbat_93707842dacda3b6a55e5ed1,train,val
images__train__exp26_rfbat_b0c5649e978f33d1dbf303fc,train,val
images__train__s1_auto_50ea66453ee5c2116599ab57,train,val
images__train__exp26_rfbat_add779d6cbcecf2c28e930dd,train,val
images__train__exp26_rfbat_d82dcc561f23f54dea5c3d16,train,val
images__train__s1_auto_39abfa383065f8affeaf729d,train,val
images__train__exp26_rfbat_25bd7a3aed3170c5ae610aac,train,val
images__train__exp26_rfbat_3acd0c23dabe66d5f90de41e,train,val
images__train__exp26_rfbat_3f70ce43c7b86977350fcd8a,train,val
images__train__exp26_rfbat_43222d4b95ccfa1a35682ad9,train,val
images__train__exp26_rfbat_4af266b2e3d0cb6efda7fde5,train,val
images__train__exp26_rfbat_e84fe9f843d178e231ef6bf7,train,val
images__train__exp26_rfbat_1906a8fe6a424cf89a8678fc,train,val
images__train__exp26_rfbat_50921580cd373a4e5e70471c,train,val
images__train__s1_rf_fa920446df3f03b02032130d,train,val
images__train__exp26_rfbat_72d7b1a1a42acf882d6645e5,train,val
images__train__exp26_rfbat_9321615f0061356d6bcb9997,train,val
images__train__exp26_rfbat_1bc845ac949f09a1f1bbe86e,train,val
images__train__exp26_rfbat_2af69da970af07636588a2fd,train,val
images__train__exp26_rfbat_d3c8eca9c84160c5cfc9ca3f,train,val
images__train__s1_auto_1f1214c7df0cecbb580b0b3a,train,val
images__train__exp26_rfbat_4360f3d43ac26624b3159e19,train,val
images__train__exp26_rfbat_6d22ba5600d1a6cb227ff1c9,train,val
images__train__exp26_rfbat_9e1b5f00662b377292897f85,train,val
images__train__s1_auto_f090585cc7dd773c85a3ebbc,train,val
images__train__exp26_rfbat_b95ab439542b0bb05b4b91f7,train,val
images__train__s1_auto_18fdd46dbff5f58d2cd4ee07,train,val
images__train__s1_auto_fa7ccef47698ff6302c5e7be,train,val
images__train__exp26_rfbat_72732ef9a8de580df9cf6317,train,val
images__train__exp26_rfbat_f458168d0c1e9ced581aaac6,train,val
images__train__s1_auto_58b5d9505371dcadd1630452,train,val
images__train__exp26_rfbat_da827d27b40163d759b76410,train,val
images__train__exp26_rfbat_77157b033e9a953e02510d73,train,val
images__train__exp26_rfbat_e4e280ca18d4f35020b1a6c7,train,val
images__train__s1_auto_023db4def2d70040ba0a18c9,train,val
images__train__s1_auto_602c0e366b67559130433f04,train,val
images__train__exp26_rfbat_6abd2ce43226bb946a4003b5,train,val
images__train__exp26_rfbat_7539a372765f7864f3d07022,train,val
images__train__exp26_rfbat_bbacf803e7c860592a073172,train,val
images__train__exp26_rfbat_544c3cb065a13193d9ccd718,train,val
images__train__s1_auto_9060831f13b9aa100f5748f7,train,val
images__train__exp26_rfbat_25e1ec4b98ab786be4c82877,train,val
images__train__exp26_rfbat_9062ef969014109c78551647,train,val
images__train__exp26_rfbat_979c4894264209f06e5be05c,train,val
images__train__exp26_rfbat_abe226309df10240d425a845,train,val
images__train__exp26_rfbat_a077e24d3edd9d4c220d10dd,train,val
images__train__exp26_rfbat_beb343c8b27d5b1e4f059543,train,val
images__train__exp26_rfbat_cf26c4b13e20cee1970f48bf,train,val
images__train__exp26_rfbat_143b467f7d245bea7a425921,train,val
images__train__exp26_rfbat_505d4dadf7f467af323fe9b1,train,val
images__train__exp26_rfbat_0965134aaa26fce779db6fd4,train,val
images__train__exp26_rfbat_479c1904f9e27ddb7b2ed65f,train,val
images__train__exp26_rfbat_4c6ea6ee4e89447d3d97dd65,train,val
images__train__exp26_rfbat_92e96f6625e892578ad9d57a,train,val
images__train__exp26_rfbat_a8b9c3e50754fbf4caafe245,train,val
images__train__exp26_rfbat_0ce7fb29e52f135ecd0e9797,train,val
images__train__exp26_rfbat_1e2d6f02c22ade05565fd8fe,train,val
images__train__exp26_rfbat_22444b6b2253ceb8c4da22d8,train,val
images__train__exp26_rfbat_3577b3d63dc48aa85f87bec5,train,val
images__train__exp26_rfbat_b3220a9c8eaae7744f5d9935,train,val
images__train__exp26_rfbat_b826be06429aa8f7b5cd1d8a,train,val
images__train__s1_auto_5292669ba3c07166f862e18e,train,val
images__train__exp26_rfbat_aefa79f2d7731e0a8d1c7005,train,val
images__train__exp26_rfbat_e2d60587cb1b603be46a8060,train,val
images__train__exp26_rfbat_c3f565e267f6ed720d956932,train,val
images__train__s1_auto_3abe41a144dc3784e35a7d07,train,val
images__train__exp26_rfbat_ae7dc0a901e41b7406083d5b,train,val
images__train__exp26_rfbat_ea79766e7d18359143b1be09,train,val
images__train__exp26_rfbat_f7c7d88ed3dc2a609f803683,train,val
images__train__exp26_rfbat_68980cc2ff95675e5db39b36,train,val
images__train__exp26_rfbat_97d0871ee40da57f0a23482b,train,val
images__train__exp26_rfbat_84a823b55a62a54b146668c4,train,val
images__train__exp26_rfbat_918c985ec588d5a8112eb8cc,train,val
images__train__exp26_rfbat_d318ce06c9d83b06acd00f82,train,val
images__train__exp26_rfbat_e34309f0fe3cbeb0075f04f8,train,val
images__train__exp26_rfbat_a9dcb13c5e9e883f325f90d8,train,val
images__train__exp26_rfbat_c0cfafe5b7d3ea39e8225531,train,val
images__train__s1_auto_82623173604644f35d899db4,train,val
images__train__exp26_rfbat_17f09b1049bbea1abc3773db,train,val
images__train__exp26_rfbat_38705d5a216c6d4dc0ec4f4d,train,val
images__train__exp26_rfbat_14fb26f5ed5047bf6cf8f01c,train,val
images__train__exp26_rfbat_4096b31d1e97581635bfada2,train,val
images__train__exp26_rfbat_94020dff541891704e420e73,train,val
images__train__s1_auto_617939979064d34813706ba3,train,val
images__train__exp26_rfbat_d2f93246c15c48730c6c09ae,train,val
images__train__exp26_rfbat_f385d450a85f0ff31e04fb20,train,val
images__train__exp26_rfbat_0cf41b2e8d2e45db8003e108,train,val
images__train__exp26_rfbat_3a4de168850b674e1c655da7,train,val
images__train__exp26_rfbat_5d0686924727c8bb6f75b4ec,train,val
images__train__exp26_rfbat_803f1f05e7715ddd14da1f5b,train,val
images__train__exp26_rfbat_d4067238ac389ab32f6e0021,train,val
images__train__exp26_rfbat_f5f0b31698ec2d5840dc59b2,train,val
images__train__exp26_rfbat_0a8de92310fad820a9bc0f6c,train,val
images__train__exp26_rfbat_b5e1686e5250e9dbdc2e5f47,train,val
images__train__exp26_rfbat_1b5c881f0d0bf4cdb7c94015,train,val
images__train__exp26_rfbat_60c4c1c7a04a3f9df31eb35b,train,val
images__train__exp26_rfbat_6ad19a371c6163af7aee7414,train,val
images__train__exp26_rfbat_921b76bb79b4ad466bb07c24,train,val
images__train__exp26_rfbat_e12d19b6e35f5dbef92dded1,train,val
images__train__exp26_rfbat_afda18af45a1dfa2c7c2aa96,train,val
images__train__exp26_rfbat_db7dc9a9266957bc7f516b80,train,val
images__train__s1_auto_e2dda221a1cdd0015c03352a,train,val
images__train__exp26_rfbat_5b9c6ce585a1e4208d1175a3,train,val
images__train__exp26_rfbat_6eba34a5f792ddf13eb487d6,train,val
images__train__exp26_rfbat_8cff849db452489f01474f97,train,val
images__train__exp26_rfbat_b943f33ba97ca28c9e89fc89,train,val
images__train__exp26_rfbat_dc8eead393557a7aa3f6adbb,train,val
images__train__exp26_rfbat_7c43acf99879e900fac584a6,train,val
images__train__exp26_rfbat_5fc1ad570e0ae0eb7ca0d438,train,val
images__train__exp26_rfbat_6c1ddc34f22913e6b7d95409,train,val
images__train__exp26_rfbat_6f57ae6eb87e9b025dc6d9ce,train,val
images__train__exp26_rfbat_12d412e90ec93ab37d5bf75d,train,val
images__train__exp26_rfbat_bc5dd6124ec6be7e57f718a0,train,val
images__train__exp26_rfbat_2551fd68fe2361f4e0844e00,train,val
images__train__exp26_rfbat_2be8f23ceedf419e041d0a0d,train,val
images__train__exp26_rfbat_6b03c5d41f3ce02112361d3d,train,val
images__train__exp26_rfbat_8e51791ce679c7d685dd3ff7,train,val
images__train__exp26_rfbat_a0ca956f37a4b07562dd6d47,train,val
images__train__exp26_rfbat_3f21ceb72042520ccaa082ec,train,val
images__train__exp26_rfbat_50fdcd2564a9948b844ebebb,train,val
images__train__exp26_rfbat_6059fb85ab277495945c93bf,train,val
images__train__exp26_rfbat_f9963b533ebd50931ab9ae9e,train,val
images__train__exp26_rfbat_fc6a279d88ae55042513889e,train,val
images__train__exp26_rfbat_c6481528dda3df426e80ac0a,train,val
images__train__s1_rf_c6481528dda3df426e80ac0a,train,val
images__train__exp26_rfbat_36b4f83d50caf77ddbec7fbf,train,val
images__train__exp26_rfbat_85a9516ef38dc901279246e9,train,val
images__train__exp26_rfbat_6de4709d2181fe5c91b63b03,train,val
images__train__exp26_rfbat_be38b88b8ba0bb0ce5cd1d7c,train,val
images__train__exp26_rfbat_dda4f8a917dce228d4139017,train,val
images__train__exp26_rfbat_1f50361aaa4eac69e4f359a4,train,val
images__train__exp26_rfbat_20b2b0ad13da5702e0e6fe37,train,val
images__train__exp26_rfbat_2962701d6134d17cd64847f9,train,val
images__train__exp26_rfbat_87c7cd5bf3b695ac1c57b4ea,train,val
images__train__exp26_rfbat_b4fdbbf00407b1e98c5a2ba1,train,val
images__train__exp26_rfbat_1c50fc98011283ccf814a7d1,train,val
images__train__exp26_rfbat_268b0fa262e1cce722e31388,train,val
images__train__exp26_rfbat_327e13c03ea3da2b6f1611ef,train,val
images__train__exp26_rfbat_99248605e3f18c1fa6450398,train,val
images__train__exp26_rfbat_c6e78f8929e91ec3f32fae24,train,val
images__train__exp26_rfbat_cd5d00db3b5099625bb2c0b6,train,val
images__train__exp26_rfbat_3f0ada295672a58ec90ae773,train,val
images__train__exp26_rfbat_47650bda9674068595dc5849,train,val
images__train__exp26_rfbat_60e77b8bc71e0da0bcdf52ac,train,val
images__train__exp26_rfbat_ffb4a3d2f382bae326096a19,train,val
images__train__exp26_rfbat_1363eaba64efe9aaafa1d016,train,val
images__train__exp26_rfbat_2815a86f3ce01801c8ba1490,train,val
images__train__s1_auto_7f1773dbb8bb56b3fbc51551,train,val
images__train__exp26_rfbat_c237577e120f2a861ceed022,train,val
images__train__exp26_rfbat_e6b5665eb6bd634ba0ff9f39,train,val
images__train__exp26_rfbat_d0ec2d14aa65239e4bf21f50,train,val
images__train__exp26_rfbat_df317f42bed8ddb6606e1c28,train,val
images__train__exp26_rfbat_4a8b2fcf6c314f7613d860e7,train,val
images__train__exp26_rfbat_9ac3fa71f83da3682fbb3125,train,val
images__train__exp26_rfbat_bd4b78646bb1a9095f8d1ff6,train,val
images__train__exp26_rfbat_754490bfd562005910fd82e5,train,val
images__train__exp26_rfbat_b1b26ab4ad0ac450e0472934,train,val
images__train__exp26_rfbat_c424a6ff55c6dae22bdb6dde,train,val
images__train__exp26_rfbat_c6907761af43ed4975558c65,train,val
images__train__s1_auto_314eb1b01b40f236f382d661,train,val
images__train__s1_lm_f0b91e8ae30ba07f19506816,train,val
images__train__s1_lm_fcd0f317285fe7f9584d151f,train,val
images__train__s1_lm_19b3384936ad99e8ab83b898,train,val
images__train__s1_lm_b32b04945f948f4382786d98,train,val
images__train__s1_lm_09bb218b08061e831b1456c4,train,val
images__train__s1_lm_25b14ddce80d99ee8e5a8330,train,val
images__train__s1_lm_63f69619d2fbf182b9c10a7a,train,val
images__train__s1_lm_4d03b4fd1f079967a38cbd56,train,val
