split_group,stem,from,to
2d201e5d2f15a8260446,s1_rf_0eb16e6ab0084b469f96a06c,train,test
2d201e5d2f15a8260446,s3_taco_000039,train,test
b2846301a6561e2ec498,s1_rf_60f7640e26549ff7f27b8c2a,train,test
b2846301a6561e2ec498,s3_taco_000685,train,test
7f0d42055595a436ed78,s1_rf_75ddf6329a39875a463d2406,train,test
7f0d42055595a436ed78,s3_taco_000115,train,test
53e8b54d91ffb6376de6,s1_rf_11638b5b52f9fbe773dafdfb,train,test
53e8b54d91ffb6376de6,s3_taco_000025,train,test
002c25d2759b94249cc0,s1_lm_5e3a306b102f777deb1e8eb9,train,val
50266348e11daac239a2,s1_rf_e7b8e5170a8792e2313428ec,train,test
50266348e11daac239a2,s3_taco_001044,train,test
5dddd29bf1be6418d772,s2_f_17_x001_c192_0928_0,train,test
5dddd29bf1be6418d772,s2_f_17_x001_c192_0928_4,train,test
510fb7a726c236a73134,s2_f_17_x325_c500_0331_2,train,test
510fb7a726c236a73134,s2_f_17_x325_c500_0331_3,train,test
0ea1b586ff10b41d5669,s2_f_17_x005_c015_1117_0,train,test
0ea1b586ff10b41d5669,s2_f_17_x005_c015_1117_2,train,test
1ac88246430a4644ee6c,s2_f_17_x322_c500_0331_3,train,test
1ac88246430a4644ee6c,s2_f_17_x322_c500_0331_2,train,test
1903eeeeeadb24daf454,s2_f_17_x488_c777_0330_4,train,test
1903eeeeeadb24daf454,s2_f_17_x488_c777_0330_1,train,test
3229af1e4dbc70dcee2a,s2_f_17_x004_c205_1105_4,train,test
3229af1e4dbc70dcee2a,s2_f_17_x004_c205_1105_2,train,test
05e4ef7299567266c895,s2_f_17_x014_c205_1116_4,train,test
05e4ef7299567266c895,s2_f_17_x014_c205_1116_1,train,test
e1bd814bcf191b611544,s2_f_17_x001_c203_1123_2,train,test
e1bd814bcf191b611544,s2_f_17_x001_c203_1123_1,train,test
e1bd814bcf191b611544,s2_f_17_x015_c509_0511_2,train,test
e1bd814bcf191b611544,s2_f_17_x015_c509_0511_1,train,test
c92618fa728199a67994,s2_f_17_x120_c172_0107_3,train,test
c92618fa728199a67994,s2_f_17_x120_c172_0107_1,train,test
c92618fa728199a67994,s2_f_17_x003_c172_1021_0,train,test
c92618fa728199a67994,s2_f_17_x003_c172_1021_1,train,test
ece5499ee60cb9611fa5,s2_f_17_x044_c172_0107_2,train,test
ece5499ee60cb9611fa5,s2_f_17_x044_c172_0107_4,train,test
ece5499ee60cb9611fa5,s2_f_17_x011_c172_1020_2,train,test
ece5499ee60cb9611fa5,s2_f_17_x011_c172_1020_3,train,test
eda2d221be82a97dba07,s2_f_17_x010_c172_1012_3,train,test
eda2d221be82a97dba07,s2_f_17_x010_c172_1012_1,train,test
eda2d221be82a97dba07,s2_f_17_x091_c172_0107_1,train,test
eda2d221be82a97dba07,s2_f_17_x091_c172_0107_2,train,test
fa350e9bd066b6fc8783,s2_f_17_x006_c209_1116_1,train,test
fa350e9bd066b6fc8783,s2_f_17_x006_c209_1116_2,train,test
fa350e9bd066b6fc8783,s2_f_17_x010_c209_1212_2,train,test
fa350e9bd066b6fc8783,s2_f_17_x010_c209_1212_3,train,test
aac08e4247f3aae4d16e,s2_f_17_x002_c209_1212_1,train,test
aac08e4247f3aae4d16e,s2_f_17_x002_c209_1212_4,train,test
aac08e4247f3aae4d16e,s2_f_17_x002_c209_1116_4,train,test
aac08e4247f3aae4d16e,s2_f_17_x002_c209_1116_0,train,test
e7d496e50abf6b3023ff,s2_f_17_x014_c172_1014_4,train,test
e7d496e50abf6b3023ff,s2_f_17_x014_c172_1014_3,train,test
e7d496e50abf6b3023ff,s2_f_17_x049_c172_0107_4,train,test
e7d496e50abf6b3023ff,s2_f_17_x049_c172_0107_2,train,test
e8fee2d036125a6dc0d1,s2_f_17_x004_c209_1117_4,train,test
e8fee2d036125a6dc0d1,s2_f_17_x004_c209_1117_3,train,test
e8fee2d036125a6dc0d1,s2_f_17_x005_c209_1212_1,train,test
e8fee2d036125a6dc0d1,s2_f_17_x005_c209_1212_3,train,test
ec79d3618639e7f8e2ef,s2_f_17_x016_c172_1014_3,train,test
ec79d3618639e7f8e2ef,s2_f_17_x016_c172_1014_2,train,test
ec79d3618639e7f8e2ef,s2_f_17_x059_c172_0107_2,train,test
ec79d3618639e7f8e2ef,s2_f_17_x059_c172_0107_4,train,test
fe3aa3682f2b39f655d4,s2_f_17_x004_c172_1023_0,train,test
fe3aa3682f2b39f655d4,s2_f_17_x004_c172_1023_2,train,test
fe3aa3682f2b39f655d4,s2_f_17_x136_c172_0107_0,train,test
fe3aa3682f2b39f655d4,s2_f_17_x136_c172_0107_2,train,test
580128f7811097c4a225,s2_f_17_x134_c509_0111_3,train,test
580128f7811097c4a225,s2_f_17_x134_c509_0111_0,train,test
8babc0903ecfcbaab91d,s2_f_17_x038_c172_0107_1,train,test
8babc0903ecfcbaab91d,s2_f_17_x038_c172_0107_4,train,test
8babc0903ecfcbaab91d,s2_f_17_x012_c172_1020_4,train,test
8babc0903ecfcbaab91d,s2_f_17_x012_c172_1020_2,train,test
e672b78e9e53f69fce5a,s2_f_17_x001_c203_1116_2,train,test
e672b78e9e53f69fce5a,s2_f_17_x001_c203_1116_3,train,test
e672b78e9e53f69fce5a,s2_f_17_x005_c203_0118_3,train,test
e672b78e9e53f69fce5a,s2_f_17_x005_c203_0118_4,train,test
d562a0067fbf253d933f,s2_f_17_x004_c172_1014_3,train,test
d562a0067fbf253d933f,s2_f_17_x004_c172_1014_4,train,test
d562a0067fbf253d933f,s2_f_17_x129_c172_0107_4,train,test
d562a0067fbf253d933f,s2_f_17_x129_c172_0107_0,train,test
38d442e478183f30662f,s2_f_17_x006_c015_1022_0,train,test
38d442e478183f30662f,s2_f_17_x006_c015_1022_1,train,test
93c1f9a7e0f31a169bf9,s2_f_17_x001_c209_1212_4,train,test
93c1f9a7e0f31a169bf9,s2_f_17_x001_c209_1212_3,train,test
93c1f9a7e0f31a169bf9,s2_f_17_x001_c209_1116_4,train,test
93c1f9a7e0f31a169bf9,s2_f_17_x001_c209_1116_3,train,test
ee29a038c5d6fea3f69b,s2_f_17_x023_c187_1126_0,train,test
ee29a038c5d6fea3f69b,s2_f_17_x023_c187_1126_1,train,test
ee29a038c5d6fea3f69b,s2_f_17_x023_c187_1126_6_0,train,test
ee29a038c5d6fea3f69b,s2_f_17_x023_c187_1126_6_2,train,test
e67fd30199e681897157,s2_f_17_x007_c323_0116_3,train,test
e67fd30199e681897157,s2_f_17_x007_c323_0116_0,train,test
e67fd30199e681897157,s2_f_17_x004_c324_1118_2,train,test
e67fd30199e681897157,s2_f_17_x004_c324_1118_3,train,test
6049d5b3805c99397e48,s2_f_17_x017_c509_0111_3,train,test
6049d5b3805c99397e48,s2_f_17_x017_c509_0111_0,train,test
0d9262b7fa65fe78cab3,s2_f_17_x003_c014_1027_0,train,test
0d9262b7fa65fe78cab3,s2_f_17_x003_c014_1027_1,train,test
cce4b15ff46ad865854c,s2_f_17_x022_c318_1202_3,train,test
cce4b15ff46ad865854c,s2_f_17_x022_c318_1202_0,train,test
cce4b15ff46ad865854c,s2_f_17_x008_c318_1203_2,train,test
cce4b15ff46ad865854c,s2_f_17_x008_c318_1203_3,train,test
fea033159dec4f6821f6,s2_f_17_x001_c172_1013_2,train,test
fea033159dec4f6821f6,s2_f_17_x001_c172_1013_4,train,test
fea033159dec4f6821f6,s2_f_17_x164_c172_0107_1,train,test
fea033159dec4f6821f6,s2_f_17_x164_c172_0107_4,train,test
b67c426fd6b7488e360c,s2_f_17_x002_c195_1105_2,train,test
b67c426fd6b7488e360c,s2_f_17_x002_c195_1105_1,train,test
b67c426fd6b7488e360c,s2_f_17_x018_c195_1205_1,train,test
b67c426fd6b7488e360c,s2_f_17_x018_c195_1205_2,train,test
9ded95508a5c9970b810,s2_f_17_x001_c209_1117_2,train,test
9ded95508a5c9970b810,s2_f_17_x001_c209_1117_1,train,test
9ded95508a5c9970b810,s2_f_17_x005_c509_0511_2,train,test
9ded95508a5c9970b810,s2_f_17_x005_c509_0511_1,train,test
56c3f50445c49a2d61cc,s2_f_17_x089_c509_0111_3,train,test
56c3f50445c49a2d61cc,s2_f_17_x089_c509_0111_1,train,test
2636fc5ae07a546def44,s2_f_17_x021_c320_1126_3,train,test
2636fc5ae07a546def44,s2_f_17_x021_c320_1126_4,train,test
d44048059872a1eb5e4f,s2_f_17_x012_c172_1012_1,train,test
d44048059872a1eb5e4f,s2_f_17_x012_c172_1012_4,train,test
d44048059872a1eb5e4f,s2_f_17_x094_c172_0107_3,train,test
d44048059872a1eb5e4f,s2_f_17_x094_c172_0107_4,train,test
58349df9fe470fe283aa,s2_f_17_x011_c166_1016_3,train,test
58349df9fe470fe283aa,s2_f_17_x011_c166_1016_1,train,test
c717392cc362e386bec7,s2_f_17_x006_c172_1023_3,train,test
c717392cc362e386bec7,s2_f_17_x006_c172_1023_0,train,test
c717392cc362e386bec7,s2_f_17_x160_c172_0107_1,train,test
c717392cc362e386bec7,s2_f_17_x160_c172_0107_3,train,test
efa54cf299092632aa21,s2_f_17_x004_c193_1105_0,train,test
efa54cf299092632aa21,s2_f_17_x004_c193_1105_1,train,test
efa54cf299092632aa21,s2_f_17_x004_c193_1105_2,train,test
573de9d77c4f05175483,s2_f_17_x121_c509_0111_3,train,test
573de9d77c4f05175483,s2_f_17_x121_c509_0111_0,train,test
a59615bb9977dfc7bd7a,s2_f_17_x007_c193_1105_4,train,test
a59615bb9977dfc7bd7a,s2_f_17_x007_c193_1105_1,train,test
a59615bb9977dfc7bd7a,s2_f_17_x027_c193_1203_2,train,test
a59615bb9977dfc7bd7a,s2_f_17_x027_c193_1203_1,train,test
49cf8e948eae7a4c3b3b,s2_f_17_x135_c509_0111_4,train,test
49cf8e948eae7a4c3b3b,s2_f_17_x135_c509_0111_2,train,test
bd03cdb4faf6504c204c,s2_f_17_x043_c172_0107_2,train,test
bd03cdb4faf6504c204c,s2_f_17_x043_c172_0107_3,train,test
bd03cdb4faf6504c204c,s2_f_17_x013_c172_1014_3,train,test
bd03cdb4faf6504c204c,s2_f_17_x013_c172_1014_2,train,test
a743bf39d8dd195ed833,s2_f_17_x006_c172_1022_4,train,test
a743bf39d8dd195ed833,s2_f_17_x006_c172_1022_1,train,test
a743bf39d8dd195ed833,s2_f_17_x159_c172_0107_2,train,test
a743bf39d8dd195ed833,s2_f_17_x159_c172_0107_4,train,test
6417e0a1d8d6992dc241,s2_f_17_x003_c172_1112_3,train,test
6417e0a1d8d6992dc241,s2_f_17_x003_c172_1112_2,train,test
fb05d94c6775ae71fd86,s2_f_17_x010_c172_1023_1,train,test
fb05d94c6775ae71fd86,s2_f_17_x010_c172_1023_4,train,test
fb05d94c6775ae71fd86,s2_f_17_x026_c172_0107_1,train,test
fb05d94c6775ae71fd86,s2_f_17_x026_c172_0107_3,train,test
a4618f49a4a55cb288a2,s2_f_17_x004_c172_1021_4,train,test
a4618f49a4a55cb288a2,s2_f_17_x004_c172_1021_3,train,test
a4618f49a4a55cb288a2,s2_f_17_x134_c172_0107_4,train,test
a4618f49a4a55cb288a2,s2_f_17_x134_c172_0107_1,train,test
610049f03d978ac330fe,s2_f_17_x004_c198_1112_3,train,test
610049f03d978ac330fe,s2_f_17_x004_c198_1112_1,train,test
991c0b0bba5330a10efe,s2_f_17_x015_c209_1212_0,train,test
991c0b0bba5330a10efe,s2_f_17_x015_c209_1212_4,train,test
991c0b0bba5330a10efe,s2_f_17_x010_c209_1116_3,train,test
991c0b0bba5330a10efe,s2_f_17_x010_c209_1116_0,train,test
58b46894a78ce5b0dd6d,s2_f_17_x039_c320_1125_2,train,test
58b46894a78ce5b0dd6d,s2_f_17_x039_c320_1125_0,train,test
58f9aa85512130f7bd11,s2_f_17_x071_c172_0107_4,train,test
58f9aa85512130f7bd11,s2_f_17_x071_c172_0107_0,train,test
58f9aa85512130f7bd11,s2_f_17_x001_c172_1005_1,train,test
58f9aa85512130f7bd11,s2_f_17_x001_c172_1005_0,train,test
433b0e1d5a2bfea25897,s2_f_17_x022_c329_1116_5_3,train,test
433b0e1d5a2bfea25897,s2_f_17_x022_c329_1116_5_2,train,test
5cd46fbafd1273c031c0,s2_f_17_x011_c192_1116_4,train,test
5cd46fbafd1273c031c0,s2_f_17_x011_c192_1116_2,train,test
62e7b45cc0c8391619dd,s2_f_17_x002_c178_1120_4,train,test
62e7b45cc0c8391619dd,s2_f_17_x002_c178_1120_0,train,test
cb5c59f9cf401e1da8e1,s2_f_17_x014_c172_0107_0,train,test
cb5c59f9cf401e1da8e1,s2_f_17_x014_c172_0107_3,train,test
cb5c59f9cf401e1da8e1,s2_f_17_x005_c172_1027_1,train,test
cb5c59f9cf401e1da8e1,s2_f_17_x005_c172_1027_3,train,test
61eb294033a5fb59c0cc,s2_f_17_x009_c188_1112_2,train,test
61eb294033a5fb59c0cc,s2_f_17_x009_c188_1112_1,train,test
609ff6e8a8fcb307bc8d,s2_f_17_x058_c510_0331_2,train,test
609ff6e8a8fcb307bc8d,s2_f_17_x058_c510_0331_1,train,test
37889a0f8d4bee2f34f7,s2_f_17_x002_c190_1201_3,train,test
37889a0f8d4bee2f34f7,s2_f_17_x002_c190_1201_2,train,test
4c940d4e5bc81d715f39,s2_f_17_x009_c190_1201_1,train,test
4c940d4e5bc81d715f39,s2_f_17_x009_c190_1201_0,train,test
643a2c047820f1b52659,s2_f_17_x460_c777_0330_4,train,test
643a2c047820f1b52659,s2_f_17_x460_c777_0330_3,train,test
5ae8e224545d32f0d7ad,s2_f_17_x009_c164_1019_4,train,test
5ae8e224545d32f0d7ad,s2_f_17_x009_c164_1019_1,train,test
3b2269a71e95016ba463,s2_f_17_x251_c777_0330_1,train,test
3b2269a71e95016ba463,s2_f_17_x251_c777_0330_0,train,test
5960d3460714007d8ea7,s2_f_17_x032_c318_1204_3,train,test
5960d3460714007d8ea7,s2_f_17_x032_c318_1204_2,train,test
4493c82719cf518cda6d,s2_f_17_x092_c500_0331_2,train,test
4493c82719cf518cda6d,s2_f_17_x092_c500_0331_0,train,test
5b16376abb507d2acbcc,s2_f_17_x023_c320_1127_3,train,test
5b16376abb507d2acbcc,s2_f_17_x023_c320_1127_1,train,test
629c61fb8a8d8d08cb0e,s2_f_17_x098_c509_0129_1,train,test
629c61fb8a8d8d08cb0e,s2_f_17_x098_c509_0129_0,train,test
f705b6e9866220c53eea,s2_f_21_x145_c015_0131_0,train,test
f705b6e9866220c53eea,s2_f_21_x145_c015_0131_3,train,test
f705b6e9866220c53eea,s2_f_21_x145_c015_0131_1,train,test
f705b6e9866220c53eea,s2_f_21_x145_c015_0131_2,train,test
f705b6e9866220c53eea,s2_f_21_x145_c015_0131_4,train,test
8466a8d8c74ddc05e860,s2_f_21_x035_c015_0128_1,train,test
8466a8d8c74ddc05e860,s2_f_21_x035_c015_0128_3,train,test
8466a8d8c74ddc05e860,s2_f_21_x035_c015_0128_0,train,test
8466a8d8c74ddc05e860,s2_f_21_x035_c015_0128_4,train,test
8466a8d8c74ddc05e860,s2_f_21_x035_c015_0128_2,train,test
857671e29de08c737b57,s2_f_21_x033_c015_0128_4,train,test
857671e29de08c737b57,s2_f_21_x033_c015_0128_2,train,test
857671e29de08c737b57,s2_f_21_x033_c015_0128_1,train,test
857671e29de08c737b57,s2_f_21_x033_c015_0128_0,train,test
857671e29de08c737b57,s2_f_21_x033_c015_0128_3,train,test
87f10f94d70a88436a0e,s2_f_21_x028_c015_0128_2,train,test
87f10f94d70a88436a0e,s2_f_21_x028_c015_0128_4,train,test
87f10f94d70a88436a0e,s2_f_21_x028_c015_0128_3,train,test
87f10f94d70a88436a0e,s2_f_21_x028_c015_0128_0,train,test
87f10f94d70a88436a0e,s2_f_21_x028_c015_0128_1,train,test
52f326d27dec86701a7e,s2_f_21_x030_c015_0128_2,train,test
52f326d27dec86701a7e,s2_f_21_x030_c015_0128_3,train,test
52f326d27dec86701a7e,s2_f_21_x030_c015_0128_4,train,test
52f326d27dec86701a7e,s2_f_21_x030_c015_0128_0,train,test
52f326d27dec86701a7e,s2_f_21_x030_c015_0128_1,train,test
aceff9cbed246db0b478,s2_f_21_x026_c015_0128_0,train,test
aceff9cbed246db0b478,s2_f_21_x026_c015_0128_3,train,test
aceff9cbed246db0b478,s2_f_21_x026_c015_0128_4,train,test
aceff9cbed246db0b478,s2_f_21_x026_c015_0128_2,train,test
aceff9cbed246db0b478,s2_f_21_x026_c015_0128_1,train,test
556aa997631d67d51f67,s3_taco_001475,train,test
556aa997631d67d51f67,s1_rf_f9783b45f0bd0074cf9801e9,train,test
e7eef04c3890c1e8fac0,s3_taco_000026,train,val
e7eef04c3890c1e8fac0,s1_rf_d7aada45a07fa0b02d1326c3,train,val
0f3ed3617a766066fe0d,s3_taco_000043,train,test
0f3ed3617a766066fe0d,s1_rf_8444e46abf7ae69cd00c473f,train,test
4d0f70b4ef3e344d9217,s1_rf_169ce011131ad78b32cab82d,train,test
4d0f70b4ef3e344d9217,s3_taco_001160,train,test
055b71a70cefae7b1061,s1_rf_5422995fdc3fbd70b644532b,train,test
055b71a70cefae7b1061,s3_taco_001320,train,test
0007f3eac7ed74e6b951,s1_lm_7f062103594a8590e6a8a3c5,train,test
169f75b4fb8e16e49f6a,s1_rf_195ef20fa768635e2c22855b,train,test
169f75b4fb8e16e49f6a,s3_taco_001101,train,test
160cd025abbfed881e6b,s1_lm_86a567e0b397520940b2b5cb,train,val
743b1f1eeb6d446730fd,exp26_rfbat_0d93ee0807bf370b95d8d8a3,train,test
743b1f1eeb6d446730fd,exp26_rfbat_06acdbb4ab5af1977a897ccd,train,test
743b1f1eeb6d446730fd,exp26_rfbat_0c11825b4edc6d76db314f3c,train,test
743b1f1eeb6d446730fd,exp26_rfbat_08e318ae5444b48eaf8ccebd,train,test
743b1f1eeb6d446730fd,exp26_rfbat_0129edc6e5b44803e2fb5677,train,test
743b1f1eeb6d446730fd,exp26_rfbat_041a91d0ecad13322456f955,train,test
743b1f1eeb6d446730fd,exp26_rfbat_0acd57d90b2e6d45277413a7,train,test
743b1f1eeb6d446730fd,exp26_rfbat_09c0dc952a0338dfe7ae47f3,train,test
743b1f1eeb6d446730fd,exp26_rfbat_09c335a7202115359f61f828,train,test
743b1f1eeb6d446730fd,exp26_rfbat_09452218eb6fff78aa3e42cc,train,test
743b1f1eeb6d446730fd,exp26_rfbat_0779883bc0036eaa816e5e83,train,test
743b1f1eeb6d446730fd,exp26_rfbat_0a652d91b26e25fa8d6bdaa3,train,test
743b1f1eeb6d446730fd,exp26_rfbat_0883cafb380f61d119da9ba0,train,test
743b1f1eeb6d446730fd,exp26_rfbat_03b3f1bee6501ed81aa3672a,train,test
743b1f1eeb6d446730fd,exp26_rfbat_0e922cef6d05f70196f9a13f,train,test
743b1f1eeb6d446730fd,exp26_rfbat_0c9940b030cff49675088f72,train,test
743b1f1eeb6d446730fd,exp26_rfbat_0ae50d501512ef3ebe6150f1,train,test
743b1f1eeb6d446730fd,exp26_rfbat_0814ed043418d2b621040ae6,train,test
743b1f1eeb6d446730fd,exp26_rfbat_070f2dfba47a9e330b231310,train,test
743b1f1eeb6d446730fd,exp26_rfbat_099ee1fd627d9c20a7f96e64,train,test
743b1f1eeb6d446730fd,exp26_rfbat_038ff2fc716b01063fa3c087,train,test
743b1f1eeb6d446730fd,exp26_rfbat_0acb9a6ecf09040c95d5fccf,train,test
743b1f1eeb6d446730fd,exp26_rfbat_03b51edcbf3c39a7ee8a3716,train,test
743b1f1eeb6d446730fd,exp26_rfbat_0244a596beabe1fc6d74c64f,train,test
743b1f1eeb6d446730fd,exp26_rfbat_08ea6a77116bd7cb1a375b45,train,test
743b1f1eeb6d446730fd,exp26_rfbat_0b0686754d2378531cb99eed,train,test
743b1f1eeb6d446730fd,exp26_rfbat_07727cf69568bf70c4819e0e,train,test
743b1f1eeb6d446730fd,exp26_rfbat_00e42723fbb25a5f3eb8c422,train,test
743b1f1eeb6d446730fd,exp26_rfbat_08169ebb3fa337db39a8ac6c,train,test
743b1f1eeb6d446730fd,exp26_rfbat_08e1187842cecdfd8cede7ee,train,test
743b1f1eeb6d446730fd,exp26_rfbat_0a93399fc16cebcb8747ad07,train,test
743b1f1eeb6d446730fd,exp26_rfbat_0ae2cde09af6d06ba643e226,train,test
743b1f1eeb6d446730fd,exp26_rfbat_037ce11c3993dc7dc7605732,train,test
743b1f1eeb6d446730fd,exp26_rfbat_0c7d23b9cb695736f38ac85e,train,test
743b1f1eeb6d446730fd,exp26_rfbat_027f4f95af68ef27f4d11d4f,train,test
743b1f1eeb6d446730fd,exp26_rfbat_09b456bd1ba3305f52458db5,train,test
743b1f1eeb6d446730fd,exp26_rfbat_09e7ebb89d34b9bea2679fe1,train,test
743b1f1eeb6d446730fd,exp26_rfbat_077d417b986bc0e0d9616df5,train,test
743b1f1eeb6d446730fd,exp26_rfbat_0c29711b6fe6c92591559d87,train,test
743b1f1eeb6d446730fd,exp26_rfbat_0ad724626192dfa980e9428c,train,test
743b1f1eeb6d446730fd,exp26_rfbat_0147fa2f70d5e821402ee52a,train,test
743b1f1eeb6d446730fd,exp26_rfbat_0be9ea178abdcb64f307a98e,train,test
743b1f1eeb6d446730fd,exp26_rfbat_0afbe2ef400dbb440e5fa1d9,train,test
743b1f1eeb6d446730fd,exp26_rfbat_0400472f7bef85a15d8d149a,train,test
743b1f1eeb6d446730fd,exp26_rfbat_0962143075b35a49fbdcb9f3,train,test
743b1f1eeb6d446730fd,exp26_rfbat_005519aeecb71a4f459da345,train,test
743b1f1eeb6d446730fd,exp26_rfbat_0b7507ef8db46599787a5cd2,train,test
743b1f1eeb6d446730fd,exp26_rfbat_0d253263ee8bddc3e2690e03,train,test
743b1f1eeb6d446730fd,exp26_rfbat_079b682ba8304a9956b9e677,train,test
743b1f1eeb6d446730fd,exp26_rfbat_06f97d606a4770a98dee4a45,train,test
743b1f1eeb6d446730fd,exp26_rfbat_005ffee6aa39c9fdc625bf63,train,test
743b1f1eeb6d446730fd,exp26_rfbat_068cd0226e1b68d83eab9139,train,test
743b1f1eeb6d446730fd,exp26_rfbat_0d41be7642ae7667ba0321d2,train,test
743b1f1eeb6d446730fd,exp26_rfbat_0e6beba865fa5860127c764a,train,test
743b1f1eeb6d446730fd,exp26_rfbat_0cb20c42e0f084c81b6e6703,train,test
743b1f1eeb6d446730fd,exp26_rfbat_08be1b108b03c1da9f463d76,train,test
743b1f1eeb6d446730fd,exp26_rfbat_0eb687e41ff280517e30be55,train,test
743b1f1eeb6d446730fd,exp26_rfbat_0285dcddf41dcc6b8984f6f8,train,test
743b1f1eeb6d446730fd,exp26_rfbat_06e002e62bf477d4d8bbd91d,train,test
743b1f1eeb6d446730fd,exp26_rfbat_0bd641c9cbda453f3ca32c2f,train,test
743b1f1eeb6d446730fd,exp26_rfbat_077528d266800f288145218e,train,test
743b1f1eeb6d446730fd,exp26_rfbat_021c7bbaa9a0be229676b73c,train,test
743b1f1eeb6d446730fd,exp26_rfbat_0e384e41cfbd30d27254ec77,train,test
743b1f1eeb6d446730fd,exp26_rfbat_0b7613709976fc96d342dd18,train,test
743b1f1eeb6d446730fd,exp26_rfbat_04d034272d8790a1096c8128,train,test
743b1f1eeb6d446730fd,exp26_rfbat_08a148480fe8bb7d8d62bd2c,train,test
743b1f1eeb6d446730fd,exp26_rfbat_0542928e7478ecc0400e5801,train,test
743b1f1eeb6d446730fd,exp26_rfbat_0819599eff669d02ce69212b,train,test
743b1f1eeb6d446730fd,exp26_rfbat_0b3744f54b1cdb37547237ff,train,test
743b1f1eeb6d446730fd,exp26_rfbat_045e25cea77ac667ba62a541,train,test
743b1f1eeb6d446730fd,exp26_rfbat_0742dc2dc7dbb1452203b4a7,train,test
743b1f1eeb6d446730fd,exp26_rfbat_0477ae82cec2ff23f73bacd4,train,test
743b1f1eeb6d446730fd,exp26_rfbat_015007e7e28e20ac2f4800c2,train,test
743b1f1eeb6d446730fd,exp26_rfbat_0d9de459f3780229a58b2822,train,test
743b1f1eeb6d446730fd,exp26_rfbat_0a5fa8fd7c242a7be180d0f2,train,test
743b1f1eeb6d446730fd,exp26_rfbat_05ce0ff5444945c76a07691f,train,test
743b1f1eeb6d446730fd,exp26_rfbat_0558195bf9acfdfafbb3d9fd,train,test
743b1f1eeb6d446730fd,exp26_rfbat_06c2a9be9c441b129377bbbd,train,test
743b1f1eeb6d446730fd,exp26_rfbat_0980d7379be2d33ddfc8bead,train,test
743b1f1eeb6d446730fd,exp26_rfbat_0e39dfa391c011f04aa726a8,train,test
ca3c48eb08593735c248,exp26_rfbat_036998c0345a637a2a4e06c4,train,test
ca3c48eb08593735c248,exp26_rfbat_07ed65ba940621c9320af6a1,train,test
ca3c48eb08593735c248,exp26_rfbat_09a1ae05e1e4211cb11bc512,train,test
ca3c48eb08593735c248,exp26_rfbat_06dedcdd93d588152f71c837,train,test
ca3c48eb08593735c248,exp26_rfbat_02411b02b78610a1273c1090,train,test
ca3c48eb08593735c248,exp26_rfbat_0405ab8bf091962ba622100d,train,test
ca3c48eb08593735c248,exp26_rfbat_0766dfeac89c6c52092bbdc3,train,test
ca3c48eb08593735c248,exp26_rfbat_080d71c6fd2ed2719bd0bfe8,train,test
ca3c48eb08593735c248,exp26_rfbat_082ea60e6cc21096ae1adc6c,train,test
ca3c48eb08593735c248,exp26_rfbat_00088bb756e45d8b59ff6c87,train,test
ca3c48eb08593735c248,exp26_rfbat_03d7afb9969a5792ad6ccf0b,train,test
ca3c48eb08593735c248,exp26_rfbat_06d02e99508aadf98fa33255,train,test
ca3c48eb08593735c248,exp26_rfbat_0443eb42a63fcce53758da4f,train,test
ca3c48eb08593735c248,exp26_rfbat_000643091ff47891bf6d8ecc,train,test
ca3c48eb08593735c248,exp26_rfbat_0595350e3543f831eea3e96a,train,test
ca3c48eb08593735c248,exp26_rfbat_05fa461982dfd0a315f6051b,train,test
ca3c48eb08593735c248,exp26_rfbat_02a3970466412afb0081457e,train,test
ca3c48eb08593735c248,exp26_rfbat_0394b3efe2a8b34036dc3173,train,test
ca3c48eb08593735c248,exp26_rfbat_034f8b589f5c10378b71c28a,train,test
ca3c48eb08593735c248,exp26_rfbat_02f5df1f41b0225f41740110,train,test
ca3c48eb08593735c248,exp26_rfbat_00edf51632f3ba833c6a0d8f,train,test
ca3c48eb08593735c248,exp26_rfbat_051428ecb6ea269215684954,train,test
ca3c48eb08593735c248,exp26_rfbat_071e9a88605d94675d25ef5d,train,test
ca3c48eb08593735c248,exp26_rfbat_003586831e18cffe64dc08b8,train,test
ca3c48eb08593735c248,exp26_rfbat_02ccef8ad5c91fc1ee1b2d4c,train,test
ca3c48eb08593735c248,exp26_rfbat_02700a06649af053ad813ff1,train,test
ca3c48eb08593735c248,exp26_rfbat_07f33ff9876e5b30415fc50d,train,test
ca3c48eb08593735c248,exp26_rfbat_07b52a1417661242eaeddc19,train,test
ca3c48eb08593735c248,exp26_rfbat_03e3243529042f8af807fa01,train,test
ca3c48eb08593735c248,exp26_rfbat_0742580ae9d34c7e78935d96,train,test
ca3c48eb08593735c248,exp26_rfbat_098761f6d2279f59f81f4c57,train,test
ca3c48eb08593735c248,exp26_rfbat_03b2d0d8e702b25c9a7e2143,train,test
ca3c48eb08593735c248,exp26_rfbat_0266848585d52a7c3ca16f5f,train,test
ca3c48eb08593735c248,exp26_rfbat_084dd85d55d075ad77f01a93,train,test
ca3c48eb08593735c248,exp26_rfbat_050d01e030e4948d70e81e70,train,test
ca3c48eb08593735c248,exp26_rfbat_05b0a586be2650c0c7053015,train,test
ca3c48eb08593735c248,exp26_rfbat_061fa4318077fd2ac1a39dff,train,test
ca3c48eb08593735c248,exp26_rfbat_056cdd5e5fe9733d40361a7b,train,test
ca3c48eb08593735c248,exp26_rfbat_003e6ea2327b81b7f841917b,train,test
ca3c48eb08593735c248,exp26_rfbat_02153540b4a7aa842b50faff,train,test
ca3c48eb08593735c248,exp26_rfbat_06e254191ac0c4328db4f72d,train,test
ca3c48eb08593735c248,exp26_rfbat_09ac8bb249fa75ab50e3d0cf,train,test
ca3c48eb08593735c248,exp26_rfbat_003cf6730ef21c1c27f26038,train,test
ca3c48eb08593735c248,exp26_rfbat_030bd4b13754830811abb514,train,test
ca3c48eb08593735c248,exp26_rfbat_007ad3256d52be85f541e1bd,train,test
ca3c48eb08593735c248,exp26_rfbat_02a8e2d12082163904bbf768,train,test
ca3c48eb08593735c248,exp26_rfbat_0431a452b949acb7510b9083,train,test
ca3c48eb08593735c248,exp26_rfbat_08b8680d139b9f243d744214,train,test
ca3c48eb08593735c248,exp26_rfbat_0871232e909b30bb689f8b24,train,test
ca3c48eb08593735c248,exp26_rfbat_0827aa749379ddf0393c0aa4,train,test
ca3c48eb08593735c248,exp26_rfbat_064676d9883893a24de35fa5,train,test
ca3c48eb08593735c248,exp26_rfbat_05ec3ee7c7ad047acd2059f9,train,test
ca3c48eb08593735c248,exp26_rfbat_01c59aa235b748c80711eda7,train,test
ca3c48eb08593735c248,exp26_rfbat_0486fbeb3ab94a87a1a11b58,train,test
ca3c48eb08593735c248,exp26_rfbat_075609a018f6580687308ece,train,test
ca3c48eb08593735c248,exp26_rfbat_084b6e9fc37ea876ca7e2c8b,train,test
ca3c48eb08593735c248,exp26_rfbat_074f1213fa90fc00295f7e0b,train,test
ca3c48eb08593735c248,exp26_rfbat_0948192b186271d1caeaf18a,train,test
ca3c48eb08593735c248,exp26_rfbat_029a426c780f4b275599fd5d,train,test
ca3c48eb08593735c248,exp26_rfbat_05e67247dc244f0c57d12020,train,test
ca3c48eb08593735c248,exp26_rfbat_038668d3ae2c2bac78dff8e0,train,test
ca3c48eb08593735c248,exp26_rfbat_007570000077da0be4a4e71e,train,test
ca3c48eb08593735c248,exp26_rfbat_02900f29dd3c02aab943512a,train,test
ca3c48eb08593735c248,exp26_rfbat_048f740a2ad2d82d3c67b9cb,train,test
ca3c48eb08593735c248,exp26_rfbat_072392860ee0818699615a2e,train,test
ca3c48eb08593735c248,exp26_rfbat_07130f9eaeaa63d8f2893eb2,train,test
ca3c48eb08593735c248,exp26_rfbat_027fb9ea787c4d086b08b0fa,train,test
ca3c48eb08593735c248,exp26_rfbat_03b1e67d0946d403546f1086,train,test
ca3c48eb08593735c248,exp26_rfbat_026d2550b6461d8443878b4e,train,test
ca3c48eb08593735c248,exp26_rfbat_03f3ab0005bc56b134349d1a,train,test
ca3c48eb08593735c248,exp26_rfbat_01569e75e70d9a136538108e,train,test
ca3c48eb08593735c248,exp26_rfbat_076399075c65d58557817944,train,test
ca3c48eb08593735c248,exp26_rfbat_03997648c69df5743e5e51a9,train,test
ca3c48eb08593735c248,exp26_rfbat_001b8c96d529a9331106587c,train,test
ca3c48eb08593735c248,exp26_rfbat_08c8534d5c1eff5a5b511fbe,train,test
ca3c48eb08593735c248,exp26_rfbat_0195442686401eb3cff42f87,train,test
ca3c48eb08593735c248,exp26_rfbat_0121352c796b22d9fb796791,train,test
ca3c48eb08593735c248,exp26_rfbat_04ceeefdf4d79db8fc47b8c9,train,test
ca3c48eb08593735c248,exp26_rfbat_06510e32d6fde0f46251c76e,train,test
ca3c48eb08593735c248,exp26_rfbat_08cbed9eb27491abcd118c83,train,test
0006afb9a77db07444f0,exp26_rfbat_8d2172fa6e36753fa97b5523,train,val
6496aaef04bebea6398b,s2_supp_recybat24_25c80ebb028e035ac2ca,train,test
6496aaef04bebea6398b,s2_supp_recybat24_936ba3f9ee78e827e32c,train,test
6496aaef04bebea6398b,s2_supp_recybat24_a86b160c0a7321376220,train,test
6496aaef04bebea6398b,s2_supp_recybat24_7c14df35fb68437713bf,train,test
6496aaef04bebea6398b,s2_supp_recybat24_210094ef163ab6194f10,train,test
6496aaef04bebea6398b,s2_supp_recybat24_35d9575a2e49e87828d0,train,test
6496aaef04bebea6398b,s2_supp_recybat24_4f25efeb89842eaeb608,train,test
6496aaef04bebea6398b,s2_supp_recybat24_1bca104f71e199a09e3f,train,test
6496aaef04bebea6398b,s2_supp_recybat24_0e0e6cb28e9a49d77eb1,train,test
6496aaef04bebea6398b,s2_supp_recybat24_ca871719aae7dffc025f,train,test
6496aaef04bebea6398b,s2_supp_recybat24_15cdbdc547db2647a666,train,test
6496aaef04bebea6398b,s2_supp_recybat24_5b783d7c8fc043f349ae,train,test
6496aaef04bebea6398b,s2_supp_recybat24_ea7321e60f1e5f607b1a,train,test
6496aaef04bebea6398b,s2_supp_recybat24_8aa25762c006f033050b,train,test
6496aaef04bebea6398b,s2_supp_recybat24_0cb7854cb40725673e44,train,test
6496aaef04bebea6398b,s2_supp_recybat24_28c53f6cda04bfd500d0,train,test
6496aaef04bebea6398b,s2_supp_recybat24_eddd8cb10591e625b491,train,test
6496aaef04bebea6398b,s2_supp_recybat24_70e97b8e2793ec1aede6,train,test
6496aaef04bebea6398b,s2_supp_recybat24_ea3232a0d30df1d3094b,train,test
6496aaef04bebea6398b,s2_supp_recybat24_edf41071bdd4b100dcd8,train,test
6496aaef04bebea6398b,s2_supp_recybat24_8c6d5ac22abce3b2d660,train,test
6496aaef04bebea6398b,s2_supp_recybat24_11f8a7ba90e3f9852068,train,test
6496aaef04bebea6398b,s2_supp_recybat24_c9bec9de1c3758c01ebe,train,test
6496aaef04bebea6398b,s2_supp_recybat24_ea47755f6e72ec1367c7,train,test
6496aaef04bebea6398b,s2_supp_recybat24_62223b2f53230159ff97,train,test
6496aaef04bebea6398b,s2_supp_recybat24_53fd62e351c501d3bc27,train,test
6496aaef04bebea6398b,s2_supp_recybat24_06736689b555994e0642,train,test
6496aaef04bebea6398b,s2_supp_recybat24_d6670c96c36934f745f6,train,test
6496aaef04bebea6398b,s2_supp_recybat24_793ed9b72204f0d0465d,train,test
6496aaef04bebea6398b,s2_supp_recybat24_1b3e704e9a80a589aa7e,train,test
6496aaef04bebea6398b,s2_supp_recybat24_71c6bb764e9de9af69bb,train,test
6496aaef04bebea6398b,s2_supp_recybat24_8e6c17aee8d063db00ef,train,test
6496aaef04bebea6398b,s2_supp_recybat24_1ebd51a227a2003da256,train,test
6496aaef04bebea6398b,s2_supp_recybat24_3b5382c20901fbe66e3e,train,test
6496aaef04bebea6398b,s2_supp_recybat24_c04b4c74a1915fb00c09,train,test
6496aaef04bebea6398b,s2_supp_recybat24_21221251de694e89f113,train,test
6496aaef04bebea6398b,s2_supp_recybat24_bfea6020f188a0c3fd3e,train,test
6496aaef04bebea6398b,s2_supp_recybat24_3c14ad402655d85c1e47,train,test
6496aaef04bebea6398b,s2_supp_recybat24_73d1483db200145f3de9,train,test
6496aaef04bebea6398b,s2_supp_recybat24_3d0b3114eb574d558726,train,test
6496aaef04bebea6398b,s2_supp_recybat24_24ea491d669f7ae57c6a,train,test
6496aaef04bebea6398b,s2_supp_recybat24_6d58fb1f1abe8129d793,train,test
6496aaef04bebea6398b,s2_supp_recybat24_95e8ef98c6b3625e5235,train,test
6496aaef04bebea6398b,s2_supp_recybat24_fd060e9c1fffd45d43c3,train,test
6496aaef04bebea6398b,s2_supp_recybat24_a8ab5ae6573cd6d30d03,train,test
6496aaef04bebea6398b,s2_supp_recybat24_a4e2077ac64bafc59dfc,train,test
6496aaef04bebea6398b,s2_supp_recybat24_497c1fe441d8a7271f91,train,test
6496aaef04bebea6398b,s2_supp_recybat24_525e653208d63c1ee8df,train,test
6496aaef04bebea6398b,s2_supp_recybat24_536e3b438ffe0f95d954,train,test
6496aaef04bebea6398b,s2_supp_recybat24_4877101bac81a8effa74,train,test
6496aaef04bebea6398b,s2_supp_recybat24_d75aac3bad3f4b2a762d,train,test
6496aaef04bebea6398b,s2_supp_recybat24_4fedac746f8d5d18f42f,train,test
6496aaef04bebea6398b,s2_supp_recybat24_805ddb27ec5618ade30f,train,test
6496aaef04bebea6398b,s2_supp_recybat24_a7dbd6947fce038c755b,train,test
6496aaef04bebea6398b,s2_supp_recybat24_89bbbef072ed393d1986,train,test
6496aaef04bebea6398b,s2_supp_recybat24_4d6f32f39cc1bfc90a2e,train,test
6496aaef04bebea6398b,s2_supp_recybat24_f478bc54dc21cec1dcca,train,test
6496aaef04bebea6398b,s2_supp_recybat24_cc608ad2c127eed39dcb,train,test
6496aaef04bebea6398b,s2_supp_recybat24_9b75a7314313003ab7ef,train,test
6496aaef04bebea6398b,s2_supp_recybat24_42e9c92beb749d26dd51,train,test
6496aaef04bebea6398b,s2_supp_recybat24_655f4d82af815b22c6fb,train,test
6496aaef04bebea6398b,s2_supp_recybat24_054b10ca5c592c1b33c1,train,test
6496aaef04bebea6398b,s2_supp_recybat24_a20074208e18b298b503,train,test
6496aaef04bebea6398b,s2_supp_recybat24_5df34ea7cc23b938ecc7,train,test
6496aaef04bebea6398b,s2_supp_recybat24_2108c0328c80edc8b5a6,train,test
6496aaef04bebea6398b,s2_supp_recybat24_7bd1a7d2097f49da0655,train,test
6496aaef04bebea6398b,s2_supp_recybat24_feb254789621a81153eb,train,test
6496aaef04bebea6398b,s2_supp_recybat24_d7dd9782b6deeee25f70,train,test
6496aaef04bebea6398b,s2_supp_recybat24_3f1ba0677559aff2b739,train,test
6496aaef04bebea6398b,s2_supp_recybat24_6906f508725cb9e96b1e,train,test
6496aaef04bebea6398b,s2_supp_recybat24_666d14cdd1d67e01558a,train,test
6496aaef04bebea6398b,s2_supp_recybat24_5793cde61cd804630807,train,test
6496aaef04bebea6398b,s2_supp_recybat24_273efb3ae31173edfdd4,train,test
6496aaef04bebea6398b,s2_supp_recybat24_2777707cb47d06c94ff3,train,test
6496aaef04bebea6398b,s2_supp_recybat24_684dee4ea2764cba00d5,train,test
6496aaef04bebea6398b,s2_supp_recybat24_0112770884c66a77ffd4,train,test
6496aaef04bebea6398b,s2_supp_recybat24_f87e556d9cbc1667bdfb,train,test
6496aaef04bebea6398b,s2_supp_recybat24_72cf57b44fa7f78aa6e4,train,test
6496aaef04bebea6398b,s2_supp_recybat24_61f9340d1cb33c6a0364,train,test
6496aaef04bebea6398b,s2_supp_recybat24_eb91634a5cd7324cdb00,train,test
6496aaef04bebea6398b,s2_supp_recybat24_a53bb28fa700fbbde5e3,train,test
6496aaef04bebea6398b,s2_supp_recybat24_56e5daa5d074f66db0f4,train,test
6496aaef04bebea6398b,s2_supp_recybat24_4e50e77b0bfddfe03bd0,train,test
6496aaef04bebea6398b,s2_supp_recybat24_bba78e28d864d36cec87,train,test
6496aaef04bebea6398b,s2_supp_recybat24_5bf18727a4e5cc98308a,train,test
6496aaef04bebea6398b,s2_supp_recybat24_dfc79c2c2eb70ade3775,train,test
6496aaef04bebea6398b,s2_supp_recybat24_3ecdd93f6a32853a98f8,train,test
6496aaef04bebea6398b,s2_supp_recybat24_1212bb28a68140a1120d,train,test
6496aaef04bebea6398b,s2_supp_recybat24_419475cab6858e3b569f,train,test
6496aaef04bebea6398b,s2_supp_recybat24_b8dace75516c9b57cf5c,train,test
6496aaef04bebea6398b,s2_supp_recybat24_72c1482c485db517d4d9,train,test
6496aaef04bebea6398b,s2_supp_recybat24_15228d3018d4740197a2,train,test
6496aaef04bebea6398b,s2_supp_recybat24_c9acc5292c845be67f88,train,test
6496aaef04bebea6398b,s2_supp_recybat24_baa8c947348771e08704,train,test
6496aaef04bebea6398b,s2_supp_recybat24_2f9a06ef2932d2ecf9f9,train,test
6496aaef04bebea6398b,s2_supp_recybat24_d0f7a99f89041af2a0ce,train,test
6496aaef04bebea6398b,s2_supp_recybat24_2877b07835993f234665,train,test
6496aaef04bebea6398b,s2_supp_recybat24_6c4a4133dd77206f0134,train,test
6496aaef04bebea6398b,s2_supp_recybat24_28b7e263cee3fbdd4fba,train,test
6496aaef04bebea6398b,s2_supp_recybat24_b7e5e80f102f992a665b,train,test
6496aaef04bebea6398b,s2_supp_recybat24_65628759a255fa0035c0,train,test
6496aaef04bebea6398b,s2_supp_recybat24_7d31f569c8c4c5cde3a9,train,test
6496aaef04bebea6398b,s2_supp_recybat24_7cb8357146414ae78494,train,test
6496aaef04bebea6398b,s2_supp_recybat24_bdbd2918bfed5b8620c2,train,test
6496aaef04bebea6398b,s2_supp_recybat24_d352bac99a04bd1c7f36,train,test
3baf58f550202e45e008,s2_supp_recybat24_264383c3af9c6af3014c,train,val
3baf58f550202e45e008,s2_supp_recybat24_69783a426f41398d1f83,train,val
3baf58f550202e45e008,s2_supp_recybat24_06d1fad9f18b9bc4290e,train,val
3baf58f550202e45e008,s2_supp_recybat24_78aba0e48242832fc6e6,train,val
3baf58f550202e45e008,s2_supp_recybat24_867963d1595804793626,train,val
3baf58f550202e45e008,s2_supp_recybat24_dd133366f85fa9c58265,train,val
3baf58f550202e45e008,s2_supp_recybat24_81f7d91ffecc08d5b5a6,train,val
3baf58f550202e45e008,s2_supp_recybat24_fe6c0840ba37c9d16fa9,train,val
3baf58f550202e45e008,s2_supp_recybat24_2cbbb8020776ecad1783,train,val
3baf58f550202e45e008,s2_supp_recybat24_c232bbae8756a27c4910,train,val
3baf58f550202e45e008,s2_supp_recybat24_3231700407903a34f3ff,train,val
3baf58f550202e45e008,s2_supp_recybat24_e883f20cb439348d90f9,train,val
3baf58f550202e45e008,s2_supp_recybat24_b9906f61fcb9af543141,train,val
3baf58f550202e45e008,s2_supp_recybat24_988292d9a5a3a812d3ab,train,val
3baf58f550202e45e008,s2_supp_recybat24_15126bd989e25c78f905,train,val
3baf58f550202e45e008,s2_supp_recybat24_389ccea977ca223d232f,train,val
3baf58f550202e45e008,s2_supp_recybat24_de9c9d71a00c37e76be3,train,val
3baf58f550202e45e008,s2_supp_recybat24_fecd6f702e98fbf2f638,train,val
3baf58f550202e45e008,s2_supp_recybat24_98ede730a2b2fc46efb8,train,val
3baf58f550202e45e008,s2_supp_recybat24_fb43943138586421ea45,train,val
3baf58f550202e45e008,s2_supp_recybat24_e473fcddc18c03891aee,train,val
3baf58f550202e45e008,s2_supp_recybat24_f9e81459dab4e5a97508,train,val
3baf58f550202e45e008,s2_supp_recybat24_567a1d42cedb0ba135c3,train,val
3baf58f550202e45e008,s2_supp_recybat24_cde3e498044523c8594b,train,val
3baf58f550202e45e008,s2_supp_recybat24_2b81beb5f9651ec005f1,train,val
3baf58f550202e45e008,s2_supp_recybat24_db8285fe220fc097885b,train,val
3baf58f550202e45e008,s2_supp_recybat24_cba2ce0f4e859d0b1518,train,val
3baf58f550202e45e008,s2_supp_recybat24_a08ab8ad24c24006e05d,train,val
3baf58f550202e45e008,s2_supp_recybat24_03259fbdf7de0ca32adc,train,val
3baf58f550202e45e008,s2_supp_recybat24_a81e1442c61bee4ffc6e,train,val
3baf58f550202e45e008,s2_supp_recybat24_d90219041987a6f06f13,train,val
3baf58f550202e45e008,s2_supp_recybat24_34e3ebc4aa9b490b32ba,train,val
3baf58f550202e45e008,s2_supp_recybat24_339a7636e3b0ef0ad280,train,val
3baf58f550202e45e008,s2_supp_recybat24_3852eaf4cc130d52b2d8,train,val
3baf58f550202e45e008,s2_supp_recybat24_c2b107c9dfabb7bc6457,train,val
3baf58f550202e45e008,s2_supp_recybat24_d5e91d671bc662666a93,train,val
3baf58f550202e45e008,s2_supp_recybat24_d69e20eb7a27965dc190,train,val
3baf58f550202e45e008,s2_supp_recybat24_9171f8ee2393c210b1b7,train,val
3baf58f550202e45e008,s2_supp_recybat24_0c8d293f5a213984d164,train,val
3baf58f550202e45e008,s2_supp_recybat24_3a3636d6c8419abd2b59,train,val
3baf58f550202e45e008,s2_supp_recybat24_79f6415927b14e8a44ae,train,val
3baf58f550202e45e008,s2_supp_recybat24_f2c82b98ea566188156d,train,val
3baf58f550202e45e008,s2_supp_recybat24_9f5a58474375168a4172,train,val
3baf58f550202e45e008,s2_supp_recybat24_abe448a90d4da12c44ab,train,val
3baf58f550202e45e008,s2_supp_recybat24_af5868d3c746fce9cc7d,train,val
3baf58f550202e45e008,s2_supp_recybat24_71f83d05f0d1755507cf,train,val
3baf58f550202e45e008,s2_supp_recybat24_26094fb5a54991c98af7,train,val
3baf58f550202e45e008,s2_supp_recybat24_3a83c7f542e288d53e9a,train,val
3baf58f550202e45e008,s2_supp_recybat24_09cb060301a996a97d2f,train,val
3baf58f550202e45e008,s2_supp_recybat24_b0a95d3fc8baf507e81a,train,val
3baf58f550202e45e008,s2_supp_recybat24_96c89ce16a5e3666ae67,train,val
3baf58f550202e45e008,s2_supp_recybat24_d0fa6231d453d4b222cb,train,val
3baf58f550202e45e008,s2_supp_recybat24_a0958917d531ee1c24e9,train,val
3baf58f550202e45e008,s2_supp_recybat24_7145d41b7957aa60e34a,train,val
3baf58f550202e45e008,s2_supp_recybat24_b95532d3ddca6e3ca838,train,val
3baf58f550202e45e008,s2_supp_recybat24_27f34e49d78268c5818e,train,val
3baf58f550202e45e008,s2_supp_recybat24_e30e753353bcae908157,train,val
3baf58f550202e45e008,s2_supp_recybat24_a6bac6d3fcad52e5d81e,train,val
3baf58f550202e45e008,s2_supp_recybat24_59a9a5f7958168c5a384,train,val
3baf58f550202e45e008,s2_supp_recybat24_098f28255e5217cef793,train,val
3baf58f550202e45e008,s2_supp_recybat24_48d6d48db97e7355cb69,train,val
3baf58f550202e45e008,s2_supp_recybat24_9952db62863091bb4c79,train,val
3baf58f550202e45e008,s2_supp_recybat24_b6a36d469819ac3eaa1a,train,val
3baf58f550202e45e008,s2_supp_recybat24_35f31634b1a22e3c2f6e,train,val
3baf58f550202e45e008,s2_supp_recybat24_ce7cbb38b5208365fbd4,train,val
3baf58f550202e45e008,s2_supp_recybat24_4573f6d29bd522ea80cf,train,val
3baf58f550202e45e008,s2_supp_recybat24_27a67c0958c9683c1ca4,train,val
3baf58f550202e45e008,s2_supp_recybat24_dc36c932b037838098be,train,val
3baf58f550202e45e008,s2_supp_recybat24_69ad6643dd105808e6db,train,val
3baf58f550202e45e008,s2_supp_recybat24_edbadd655c10e48eda96,train,val
3baf58f550202e45e008,s2_supp_recybat24_97d491619e3be58932d8,train,val
3baf58f550202e45e008,s2_supp_recybat24_3777b25e95fc687813ae,train,val
3baf58f550202e45e008,s2_supp_recybat24_830b61224afe03133704,train,val
3baf58f550202e45e008,s2_supp_recybat24_9a6262147746715f684d,train,val
3baf58f550202e45e008,s2_supp_recybat24_37cde00562c1dd39bd48,train,val
3baf58f550202e45e008,s2_supp_recybat24_21a8ed2b1cf4923009b2,train,val
3baf58f550202e45e008,s2_supp_recybat24_3e4b9bcdccecdbebedef,train,val
3baf58f550202e45e008,s2_supp_recybat24_2a84949aca07022d3f3b,train,val
3baf58f550202e45e008,s2_supp_recybat24_03fb42a1b8cdf9e8c731,train,val
3baf58f550202e45e008,s2_supp_recybat24_0adecf00090a287b7f0f,train,val
3baf58f550202e45e008,s2_supp_recybat24_99a18cf3f28fc6852c23,train,val
3baf58f550202e45e008,s2_supp_recybat24_1bf68fe3a06ae1e60cec,train,val
3baf58f550202e45e008,s2_supp_recybat24_65b4bb4f8ff7f3dc8544,train,val
3baf58f550202e45e008,s2_supp_recybat24_c660b00fbfce93f28ec3,train,val
3baf58f550202e45e008,s2_supp_recybat24_7dfc3dc81a4cb31f86a7,train,val
3baf58f550202e45e008,s2_supp_recybat24_3ddf44a02e75ea7a565d,train,val
3baf58f550202e45e008,s2_supp_recybat24_be4ce7ad461f9dda352e,train,val
3baf58f550202e45e008,s2_supp_recybat24_f2f3d79391e82b356371,train,val
3baf58f550202e45e008,s2_supp_recybat24_8610086c3ca8bd24ccb9,train,val
3baf58f550202e45e008,s2_supp_recybat24_aaf6e5d27108e1ae12d7,train,val
3baf58f550202e45e008,s2_supp_recybat24_bc05fd2be7b4b371356e,train,val
3baf58f550202e45e008,s2_supp_recybat24_4662e5524792279c2ca6,train,val
3baf58f550202e45e008,s2_supp_recybat24_eccfc3ac0ed828c29877,train,val
3baf58f550202e45e008,s2_supp_recybat24_11ae87d983c7dc96fa20,train,val
3baf58f550202e45e008,s2_supp_recybat24_f9b2b6618cc78afad344,train,val
3baf58f550202e45e008,s2_supp_recybat24_74eca826605bf7f1d820,train,val
3baf58f550202e45e008,s2_supp_recybat24_08012a5d0ea05319a32a,train,val
3baf58f550202e45e008,s2_supp_recybat24_b205b010ee172af03659,train,val
3baf58f550202e45e008,s2_supp_recybat24_42f7ecb7b42f572e5da7,train,val
3baf58f550202e45e008,s2_supp_recybat24_7ccff66263bd07718192,train,val
3baf58f550202e45e008,s2_supp_recybat24_258ef2070b87af172f1b,train,val
3baf58f550202e45e008,s2_supp_recybat24_f4cd85790b67cfd4276b,train,val
3baf58f550202e45e008,s2_supp_recybat24_f534f765e06cbc077b13,train,val
3baf58f550202e45e008,s2_supp_recybat24_59f4ba6286d2e97f53e3,train,val
3baf58f550202e45e008,s2_supp_recybat24_e97cdd851a68b7e3fa97,train,val
3baf58f550202e45e008,s2_supp_recybat24_ee869c2bbd6b066da51b,train,val
3baf58f550202e45e008,s2_supp_recybat24_5606077c5e8228a765e9,train,val
3baf58f550202e45e008,s2_supp_recybat24_1320048ba58bcc235bab,train,val
3baf58f550202e45e008,s2_supp_recybat24_86e112238b295eb522ca,train,val
3baf58f550202e45e008,s2_supp_recybat24_951e5cc331fc93857847,train,val
3baf58f550202e45e008,s2_supp_recybat24_3a8feb541433b82c88d4,train,val
3baf58f550202e45e008,s2_supp_recybat24_b4d9d138bc24efabc9f2,train,val
3baf58f550202e45e008,s2_supp_recybat24_97905532842725c98aa6,train,val
3baf58f550202e45e008,s2_supp_recybat24_f3faa75efa2b5e4e33e1,train,val
3baf58f550202e45e008,s2_supp_recybat24_05518fda90a47df4c193,train,val
3baf58f550202e45e008,s2_supp_recybat24_866a121ecca3ca0e8516,train,val
3baf58f550202e45e008,s2_supp_recybat24_10f99729b78b36e9f50b,train,val
3baf58f550202e45e008,s2_supp_recybat24_43d2e9dd394de7426377,train,val
3baf58f550202e45e008,s2_supp_recybat24_56246fe8fee17f4bf977,train,val
3baf58f550202e45e008,s2_supp_recybat24_730c579cef36eb184247,train,val
3baf58f550202e45e008,s2_supp_recybat24_771e1d2d152a1f3acc36,train,val
3baf58f550202e45e008,s2_supp_recybat24_550ba7f99468115268ab,train,val
3baf58f550202e45e008,s2_supp_recybat24_d289d99bcd0541b4f951,train,val
3baf58f550202e45e008,s2_supp_recybat24_3b1b4a6926f5ab5d9ba1,train,val
3baf58f550202e45e008,s2_supp_recybat24_f1672211e7bb87031fd2,train,val
3baf58f550202e45e008,s2_supp_recybat24_c18d0c44fff6cd706f5a,train,val
3baf58f550202e45e008,s2_supp_recybat24_bad7228570e7dc45354e,train,val
3baf58f550202e45e008,s2_supp_recybat24_676213b0d4b039d6f335,train,val
3baf58f550202e45e008,s2_supp_recybat24_6ac69a0a99b1c14b6af9,train,val
3baf58f550202e45e008,s2_supp_recybat24_3e7afd8f7fb8e99b7be4,train,val
3baf58f550202e45e008,s2_supp_recybat24_e32dcb60ccb9c91c2108,train,val
3baf58f550202e45e008,s2_supp_recybat24_d772e666dca335053b6a,train,val
3baf58f550202e45e008,s2_supp_recybat24_d5d04b41cb42cc4ca6b2,train,val
3baf58f550202e45e008,s2_supp_recybat24_deb5da6066c6f00fe3b1,train,val
3baf58f550202e45e008,s2_supp_recybat24_0a2cdc9c577f77759dbb,train,val
3baf58f550202e45e008,s2_supp_recybat24_dd5e5272f73628f20760,train,val
3baf58f550202e45e008,s2_supp_recybat24_4bcf8ef2e0eacab21e97,train,val
3baf58f550202e45e008,s2_supp_recybat24_46fab1e49069682ee8f3,train,val
3baf58f550202e45e008,s2_supp_recybat24_0dff2b3640b98b99744a,train,val
3baf58f550202e45e008,s2_supp_recybat24_1e2e68a313132abdd498,train,val
3baf58f550202e45e008,s2_supp_recybat24_fe17657713212617a701,train,val
3baf58f550202e45e008,s2_supp_recybat24_4acfc1f22081c7559759,train,val
3baf58f550202e45e008,s2_supp_recybat24_8a26d8a81ac1f3ef1570,train,val
3baf58f550202e45e008,s2_supp_recybat24_9c3c336a23f138afb3df,train,val
3baf58f550202e45e008,s2_supp_recybat24_1bcf474dcb5eb0a78673,train,val
3baf58f550202e45e008,s2_supp_recybat24_2fbc4c2b87d907962090,train,val
3baf58f550202e45e008,s2_supp_recybat24_206afca183de4b7a5d62,train,val
3baf58f550202e45e008,s2_supp_recybat24_dcb1a25907b6ed60dc5a,train,val
3baf58f550202e45e008,s2_supp_recybat24_65ebea0608a23a14e50b,train,val
3baf58f550202e45e008,s2_supp_recybat24_cfe7b8f119a0fda2dfc0,train,val
3baf58f550202e45e008,s2_supp_recybat24_cd4fbd759bba8f6c4b7e,train,val
3baf58f550202e45e008,s2_supp_recybat24_dc3ff2563f4e22b3d3c1,train,val
3baf58f550202e45e008,s2_supp_recybat24_20792808045c0f93607e,train,val
3baf58f550202e45e008,s2_supp_recybat24_cbc9a0eadbdccae1776b,train,val
3baf58f550202e45e008,s2_supp_recybat24_fea8e7ebbe611fd613d7,train,val
3baf58f550202e45e008,s2_supp_recybat24_fcd4b95759af705f5a69,train,val
3baf58f550202e45e008,s2_supp_recybat24_e08a6623c948686f6033,train,val
3baf58f550202e45e008,s2_supp_recybat24_1317f0f10a746501ace6,train,val
3baf58f550202e45e008,s2_supp_recybat24_6857915c82d5c2e5aa86,train,val
3baf58f550202e45e008,s2_supp_recybat24_149b1723e9f1ca335ea4,train,val
3baf58f550202e45e008,s2_supp_recybat24_b194e5e735ce3c65241e,train,val
3baf58f550202e45e008,s2_supp_recybat24_c6a5942ffee027ba24ee,train,val
3baf58f550202e45e008,s2_supp_recybat24_5c729d49b523adcff720,train,val
3baf58f550202e45e008,s2_supp_recybat24_0e05fa467b55a09900ce,train,val
3baf58f550202e45e008,s2_supp_recybat24_19e68b5b564389791ede,train,val
3baf58f550202e45e008,s2_supp_recybat24_26169d0f7529df339083,train,val
3baf58f550202e45e008,s2_supp_recybat24_066b8f26e937b7f58e71,train,val
3baf58f550202e45e008,s2_supp_recybat24_3018bc59077acfbde410,train,val
3baf58f550202e45e008,s2_supp_recybat24_b3b47d6384e1640d123b,train,val
3baf58f550202e45e008,s2_supp_recybat24_f01ada4eb28c19d980f5,train,val
3baf58f550202e45e008,s2_supp_recybat24_9c12d6e17e338b48c3d8,train,val
3baf58f550202e45e008,s2_supp_recybat24_171a11bf4c7edeefd404,train,val
3baf58f550202e45e008,s2_supp_recybat24_8a7f2e4f14457c89f2c1,train,val
3baf58f550202e45e008,s2_supp_recybat24_a9145531a8b8c19d50be,train,val
3baf58f550202e45e008,s2_supp_recybat24_9d1d12afea37f62c0b33,train,val
3baf58f550202e45e008,s2_supp_recybat24_6cc2af22498ca5bc4dc9,train,val
3baf58f550202e45e008,s2_supp_recybat24_ef917a5276e753fd3e1f,train,val
3baf58f550202e45e008,s2_supp_recybat24_0a36ebf5f6d335112945,train,val
3baf58f550202e45e008,s2_supp_recybat24_f9d92420783671b74465,train,val
3baf58f550202e45e008,s2_supp_recybat24_ea74fad5734d945e0940,train,val
3baf58f550202e45e008,s2_supp_recybat24_4eca41c6b138303c49c2,train,val
3baf58f550202e45e008,s2_supp_recybat24_c8172fe02c4ffd9dedea,train,val
3baf58f550202e45e008,s2_supp_recybat24_fc75c17518b2bcb8cbe6,train,val
3baf58f550202e45e008,s2_supp_recybat24_e61d370d1f19463a2db7,train,val
3baf58f550202e45e008,s2_supp_recybat24_79214e2fbf5bec3fe12b,train,val
3baf58f550202e45e008,s2_supp_recybat24_d97abf04e8bae14b322f,train,val
3baf58f550202e45e008,s2_supp_recybat24_afa5672896548bd74fb6,train,val
3baf58f550202e45e008,s2_supp_recybat24_7408007da247429a1660,train,val
3baf58f550202e45e008,s2_supp_recybat24_3023b05ed50889725226,train,val
3baf58f550202e45e008,s2_supp_recybat24_cd46f1bfde38f6473ca7,train,val
3baf58f550202e45e008,s2_supp_recybat24_7f69fb7a90f1a154910d,train,val
3baf58f550202e45e008,s2_supp_recybat24_b6942a08a8b3d4683f5b,train,val
3baf58f550202e45e008,s2_supp_recybat24_748978d009db4793bd26,train,val
3baf58f550202e45e008,s2_supp_recybat24_4fe52d42610a9dd4b11b,train,val
3baf58f550202e45e008,s2_supp_recybat24_4a62c83d8461e625eda6,train,val
3baf58f550202e45e008,s2_supp_recybat24_fa11033d8fb75dd27d92,train,val
3baf58f550202e45e008,s2_supp_recybat24_169fa61f4ff73abc2fb9,train,val
3baf58f550202e45e008,s2_supp_recybat24_bf76e2f4f767ba6b751b,train,val
3baf58f550202e45e008,s2_supp_recybat24_8ba846f32a3b4743ae19,train,val
3baf58f550202e45e008,s2_supp_recybat24_8c4d4fe1ccfc2116fd7e,train,val
3baf58f550202e45e008,s2_supp_recybat24_0372798a52449e979868,train,val
3baf58f550202e45e008,s2_supp_recybat24_cbaba18fb051a83d0a88,train,val
3baf58f550202e45e008,s2_supp_recybat24_656891b7ad4924b0bc40,train,val
3baf58f550202e45e008,s2_supp_recybat24_41768403314336e5e751,train,val
3baf58f550202e45e008,s2_supp_recybat24_e3aecfa878c2caf58d4b,train,val
3baf58f550202e45e008,s2_supp_recybat24_06f5349ec3eddb8abf7d,train,val
3baf58f550202e45e008,s2_supp_recybat24_b6d8f9ecf806153dc399,train,val
3baf58f550202e45e008,s2_supp_recybat24_27a89742c6465735bd83,train,val
3baf58f550202e45e008,s2_supp_recybat24_7ae39afa681d3cd9a0f9,train,val
3baf58f550202e45e008,s2_supp_recybat24_c1009debd95628240d2f,train,val
3baf58f550202e45e008,s2_supp_recybat24_f1dfb174afb42af4cd13,train,val
3baf58f550202e45e008,s2_supp_recybat24_0e48cd737e20d2ed4f93,train,val
3baf58f550202e45e008,s2_supp_recybat24_0a52214e642fe210778c,train,val
3baf58f550202e45e008,s2_supp_recybat24_b806322b0fcd149d8093,train,val
3baf58f550202e45e008,s2_supp_recybat24_f0cc3cbd3193dc7c9002,train,val
3baf58f550202e45e008,s2_supp_recybat24_2b2fd55dbcec820ce692,train,val
3baf58f550202e45e008,s2_supp_recybat24_97f6c12fafe3e5ee5bd9,train,val
3baf58f550202e45e008,s2_supp_recybat24_b169bea4cb8ebdf7cd4e,train,val
3baf58f550202e45e008,s2_supp_recybat24_1fe4255e8d881b0f72f1,train,val
3baf58f550202e45e008,s2_supp_recybat24_3f51694d695d4c082109,train,val
3baf58f550202e45e008,s2_supp_recybat24_ea7c94c5ef98abd2e818,train,val
3baf58f550202e45e008,s2_supp_recybat24_05913b9adfaf895cf3e6,train,val
3baf58f550202e45e008,s2_supp_recybat24_9bccb9712b9ed60b8ab7,train,val
3baf58f550202e45e008,s2_supp_recybat24_3f6802bd19a1f363ec02,train,val
3baf58f550202e45e008,s2_supp_recybat24_5517b3a5c3088ab6fa9a,train,val
3baf58f550202e45e008,s2_supp_recybat24_89444f9fc228a5b330c3,train,val
3baf58f550202e45e008,s2_supp_recybat24_b029a862943613d50250,train,val
3baf58f550202e45e008,s2_supp_recybat24_6b59a641c13f2234b322,train,val
3baf58f550202e45e008,s2_supp_recybat24_b3c572af50850aeea2a4,train,val
3baf58f550202e45e008,s2_supp_recybat24_89552d1c413c2c3d11a4,train,val
3baf58f550202e45e008,s2_supp_recybat24_591c41e9501e1023b438,train,val
3baf58f550202e45e008,s2_supp_recybat24_a96d23de88cb09138968,train,val
3baf58f550202e45e008,s2_supp_recybat24_ffb37d8724ca1808684e,train,val
3baf58f550202e45e008,s2_supp_recybat24_df3bf576ba2ef405a493,train,val
3baf58f550202e45e008,s2_supp_recybat24_a255be9b01d04877ab55,train,val
3baf58f550202e45e008,s2_supp_recybat24_05316cd850ed90ae462b,train,val
3baf58f550202e45e008,s2_supp_recybat24_93d7b0ddcc809a69f756,train,val
3baf58f550202e45e008,s2_supp_recybat24_64aedd55077896d34acf,train,val
3baf58f550202e45e008,s2_supp_recybat24_b55be351fa887df84c48,train,val
3baf58f550202e45e008,s2_supp_recybat24_f90aeb806982ab32a2aa,train,val
3baf58f550202e45e008,s2_supp_recybat24_d659b3c514cdcf576766,train,val
3baf58f550202e45e008,s2_supp_recybat24_a1843decc2a85bb18165,train,val
3baf58f550202e45e008,s2_supp_recybat24_cf9c4dcd06cb7657d631,train,val
3baf58f550202e45e008,s2_supp_recybat24_8925a1529eb9bf2dc8ed,train,val
3baf58f550202e45e008,s2_supp_recybat24_f27d7294119302676908,train,val
3baf58f550202e45e008,s2_supp_recybat24_24b2f17c0e70375babf0,train,val
3baf58f550202e45e008,s2_supp_recybat24_7b61b220e9c938a00886,train,val
3baf58f550202e45e008,s2_supp_recybat24_356e5f0a4423b67e0f98,train,val
3baf58f550202e45e008,s2_supp_recybat24_f22fc908ef69b2e01d56,train,val
3baf58f550202e45e008,s2_supp_recybat24_b2564d9204bcbef8e0b1,train,val
3baf58f550202e45e008,s2_supp_recybat24_cc09ff866f574658a309,train,val
3baf58f550202e45e008,s2_supp_recybat24_e0533c0b162da501fb9f,train,val
3baf58f550202e45e008,s2_supp_recybat24_bbfbe912c3ccf8bbe509,train,val
3baf58f550202e45e008,s2_supp_recybat24_417bd5bd6e2180cb1aad,train,val
3baf58f550202e45e008,s2_supp_recybat24_6a6c0dd8b19e9ddacbdf,train,val
3baf58f550202e45e008,s2_supp_recybat24_89312bf72766a2089037,train,val
3baf58f550202e45e008,s2_supp_recybat24_920694adff6d69623b1a,train,val
3baf58f550202e45e008,s2_supp_recybat24_da5529949968eb9ee8dd,train,val
3baf58f550202e45e008,s2_supp_recybat24_aaa9656218d2f5de84c0,train,val
3baf58f550202e45e008,s2_supp_recybat24_91b69e7cf80517f53de7,train,val
3baf58f550202e45e008,s2_supp_recybat24_0cbff4a84b2a4d84ce06,train,val
3baf58f550202e45e008,s2_supp_recybat24_1baede8f2bbabdcdf0fb,train,val
3baf58f550202e45e008,s2_supp_recybat24_8bb92e20b40514b2f241,train,val
3baf58f550202e45e008,s2_supp_recybat24_395342fe23c0ae1e7aa3,train,val
3baf58f550202e45e008,s2_supp_recybat24_bce57e0dc684f28654bd,train,val
3baf58f550202e45e008,s2_supp_recybat24_bc657d775601bb20140e,train,val
3baf58f550202e45e008,s2_supp_recybat24_f1e22ef8b62f0a2905fb,train,val
3baf58f550202e45e008,s2_supp_recybat24_c0ebed207f3473c4f471,train,val
3baf58f550202e45e008,s2_supp_recybat24_1caf60d40f943af55ab8,train,val
3baf58f550202e45e008,s2_supp_recybat24_d3782fe838a591d696e9,train,val
3baf58f550202e45e008,s2_supp_recybat24_052f290c9d45cbad6c1f,train,val
3baf58f550202e45e008,s2_supp_recybat24_2fb5386d167a3f848973,train,val
3baf58f550202e45e008,s2_supp_recybat24_5c93f534fb04600343b6,train,val
3baf58f550202e45e008,s2_supp_recybat24_9e3a3a952aaccb2505f9,train,val
3baf58f550202e45e008,s2_supp_recybat24_72f530ee15a6caf01660,train,val
3baf58f550202e45e008,s2_supp_recybat24_2b1e5e8893a607c87a30,train,val
3baf58f550202e45e008,s2_supp_recybat24_67db8720992040db7dc9,train,val
3baf58f550202e45e008,s2_supp_recybat24_784ab08fd5695b9a6ca7,train,val
3baf58f550202e45e008,s2_supp_recybat24_2319d3eac2e04cab41f5,train,val
3baf58f550202e45e008,s2_supp_recybat24_757d61c94b0560e3e374,train,val
3baf58f550202e45e008,s2_supp_recybat24_56c3b2470d18f98dc802,train,val
3baf58f550202e45e008,s2_supp_recybat24_bd91d91ca3781112adaa,train,val
3baf58f550202e45e008,s2_supp_recybat24_c86e1d7494526251067c,train,val
3baf58f550202e45e008,s2_supp_recybat24_417d0fd037756f5feb0f,train,val
3baf58f550202e45e008,s2_supp_recybat24_8b3d13933614d90dbc49,train,val
3baf58f550202e45e008,s2_supp_recybat24_1c4990308a8c0771f05d,train,val
3baf58f550202e45e008,s2_supp_recybat24_6ce3d229826af6b8314d,train,val
3baf58f550202e45e008,s2_supp_recybat24_da1b83f621c6dc64c121,train,val
3baf58f550202e45e008,s2_supp_recybat24_bb51189b83d24657f79b,train,val
3baf58f550202e45e008,s2_supp_recybat24_2b36d8fd4229ae935c42,train,val
3baf58f550202e45e008,s2_supp_recybat24_5b2fbbf449a4132b6c8f,train,val
3baf58f550202e45e008,s2_supp_recybat24_4864f8512bb4b37e37b0,train,val
3baf58f550202e45e008,s2_supp_recybat24_7f3618550cf9855d9b63,train,val
3baf58f550202e45e008,s2_supp_recybat24_c1c074ed3d24bf6c6a3f,train,val
3baf58f550202e45e008,s2_supp_recybat24_52e7d7c97a81254f271c,train,val
3baf58f550202e45e008,s2_supp_recybat24_b57e3b45a227023dab67,train,val
3baf58f550202e45e008,s2_supp_recybat24_9cc23fb597e35b991b49,train,val
3baf58f550202e45e008,s2_supp_recybat24_8dd3d8c48618246abd8f,train,val
3baf58f550202e45e008,s2_supp_recybat24_497a324dbfdf18a0ea89,train,val
3baf58f550202e45e008,s2_supp_recybat24_994fb33f64a57b62172a,train,val
3baf58f550202e45e008,s2_supp_recybat24_f72adaa594cc3f582752,train,val
3baf58f550202e45e008,s2_supp_recybat24_cbf161c9c26edafca9eb,train,val
3baf58f550202e45e008,s2_supp_recybat24_45d297749a064bb5cec8,train,val
3baf58f550202e45e008,s2_supp_recybat24_5a4683ed198fe4440c1b,train,val
3baf58f550202e45e008,s2_supp_recybat24_e7296b511c238c6dc123,train,val
3baf58f550202e45e008,s2_supp_recybat24_7cbc14aba5cde32dc273,train,val
3baf58f550202e45e008,s2_supp_recybat24_0273450dfc8d038d8f0a,train,val
3baf58f550202e45e008,s2_supp_recybat24_41fdaf05d40cf3b87542,train,val
3baf58f550202e45e008,s2_supp_recybat24_bea7841d3158825e9636,train,val
3baf58f550202e45e008,s2_supp_recybat24_c7d82c95ef37c42345bb,train,val
3baf58f550202e45e008,s2_supp_recybat24_de095b2cbeef78fe081d,train,val
3baf58f550202e45e008,s2_supp_recybat24_45f16c5a0e1e48588fb6,train,val
3baf58f550202e45e008,s2_supp_recybat24_2f13679924094de61eb1,train,val
3baf58f550202e45e008,s2_supp_recybat24_6db6a088bbb2b0223223,train,val
3baf58f550202e45e008,s2_supp_recybat24_ff1f107cfad68be9c665,train,val
3baf58f550202e45e008,s2_supp_recybat24_acbe19401247792ca693,train,val
3baf58f550202e45e008,s2_supp_recybat24_89438ad1c88eb6a8a228,train,val
3baf58f550202e45e008,s2_supp_recybat24_dc5f9a898db115ff7330,train,val
3baf58f550202e45e008,s2_supp_recybat24_2858b5f0ada96bfdfaa4,train,val
3baf58f550202e45e008,s2_supp_recybat24_b7a17a3a141c6e71255d,train,val
3baf58f550202e45e008,s2_supp_recybat24_bbf222633042bcc34e87,train,val
3baf58f550202e45e008,s2_supp_recybat24_068ab8920dbe2e4c3358,train,val
3baf58f550202e45e008,s2_supp_recybat24_427f4cc700b7d552e960,train,val
3baf58f550202e45e008,s2_supp_recybat24_ac9653da13205261074d,train,val
3baf58f550202e45e008,s2_supp_recybat24_dcd729406b0dae8a983c,train,val
3baf58f550202e45e008,s2_supp_recybat24_409a632a1407cf61c4be,train,val
3baf58f550202e45e008,s2_supp_recybat24_b7ab878215af9b39cd0c,train,val
3baf58f550202e45e008,s2_supp_recybat24_c871c219fe1b35568b3f,train,val
3baf58f550202e45e008,s2_supp_recybat24_91f52f696cd3cfa83ffb,train,val
3baf58f550202e45e008,s2_supp_recybat24_2fda8e47a2cb689d133b,train,val
3baf58f550202e45e008,s2_supp_recybat24_d71b77ee3add1552fd9a,train,val
3baf58f550202e45e008,s2_supp_recybat24_0648ffc0e2ed2e5f538b,train,val
3baf58f550202e45e008,s2_supp_recybat24_4f3acebe99b76d901d09,train,val
3baf58f550202e45e008,s2_supp_recybat24_3acba38c0fbd293a4e91,train,val
3baf58f550202e45e008,s2_supp_recybat24_1584a9072936b68c656d,train,val
3baf58f550202e45e008,s2_supp_recybat24_d14cde4dee823e9d14d0,train,val
3baf58f550202e45e008,s2_supp_recybat24_a32a56516d1b14caaab5,train,val
3baf58f550202e45e008,s2_supp_recybat24_48a61915505e06b5d95b,train,val
3baf58f550202e45e008,s2_supp_recybat24_cebe109a0d6f7781531c,train,val
3baf58f550202e45e008,s2_supp_recybat24_4bb230d945d84777e681,train,val
3baf58f550202e45e008,s2_supp_recybat24_1f87157022ae8f4b978e,train,val
3baf58f550202e45e008,s2_supp_recybat24_d2da1e5c3ae748f9135c,train,val
3baf58f550202e45e008,s2_supp_recybat24_f73e7b910c83e0dfae6c,train,val
3baf58f550202e45e008,s2_supp_recybat24_ba07d2640adf24220e11,train,val
3baf58f550202e45e008,s2_supp_recybat24_7df950fd118b2c08cdb9,train,val
3baf58f550202e45e008,s2_supp_recybat24_c1900b01693c1f378906,train,val
3baf58f550202e45e008,s2_supp_recybat24_88a301b9e6140276874b,train,val
3baf58f550202e45e008,s2_supp_recybat24_e9536137203f87e59962,train,val
3baf58f550202e45e008,s2_supp_recybat24_5244c7ed76a8dd2bf20b,train,val
3baf58f550202e45e008,s2_supp_recybat24_bba45deb1f1523ef73ef,train,val
3baf58f550202e45e008,s2_supp_recybat24_d7bd35cb1095b8ebf905,train,val
3baf58f550202e45e008,s2_supp_recybat24_036038a0fc55882b6cb0,train,val
3baf58f550202e45e008,s2_supp_recybat24_bb8d8cfa7f0da7b5b727,train,val
3baf58f550202e45e008,s2_supp_recybat24_8ae47c91bf310cb5bf95,train,val
3baf58f550202e45e008,s2_supp_recybat24_812a679f4e195a97f6a5,train,val
3baf58f550202e45e008,s2_supp_recybat24_d59fb263219819306757,train,val
3baf58f550202e45e008,s2_supp_recybat24_86762ab417b0d815864f,train,val
3baf58f550202e45e008,s2_supp_recybat24_6a9cf346ab25ecc50ff9,train,val
3baf58f550202e45e008,s2_supp_recybat24_1665e3352d1b8a6669e7,train,val
3baf58f550202e45e008,s2_supp_recybat24_5971530a309519ab4990,train,val
3baf58f550202e45e008,s2_supp_recybat24_5ef76906add3395d1847,train,val
3baf58f550202e45e008,s2_supp_recybat24_70a85aec28fe0a61c293,train,val
3baf58f550202e45e008,s2_supp_recybat24_e68825c65faeed5fc48b,train,val
3baf58f550202e45e008,s2_supp_recybat24_1137e8f3ce052e500df3,train,val
3baf58f550202e45e008,s2_supp_recybat24_f0bf19fa2ccad10a2cb4,train,val
3baf58f550202e45e008,s2_supp_recybat24_9cc2d2949748757286ca,train,val
3baf58f550202e45e008,s2_supp_recybat24_c464e608895f5146f3a3,train,val
3baf58f550202e45e008,s2_supp_recybat24_d8d3819d3b31302a6abf,train,val
3baf58f550202e45e008,s2_supp_recybat24_88c1c6d0e6a7f0a341dd,train,val
3baf58f550202e45e008,s2_supp_recybat24_6d241fe4797309c76ff4,train,val
3baf58f550202e45e008,s2_supp_recybat24_f689111c8037af8b6dd3,train,val
3baf58f550202e45e008,s2_supp_recybat24_41c9d60d23491e1782ad,train,val
3baf58f550202e45e008,s2_supp_recybat24_1ea8d7cba6bd12feadf4,train,val
3baf58f550202e45e008,s2_supp_recybat24_604209d41f6cd249aa84,train,val
3baf58f550202e45e008,s2_supp_recybat24_c9a9b71075550eb69ee9,train,val
3baf58f550202e45e008,s2_supp_recybat24_004f0d5454a46dbe9107,train,val
3baf58f550202e45e008,s2_supp_recybat24_33b47e5b5851fb9cc5b6,train,val
3baf58f550202e45e008,s2_supp_recybat24_edca7c29f1ef3a70527f,train,val
3baf58f550202e45e008,s2_supp_recybat24_4ed90a406fec371111d0,train,val
3baf58f550202e45e008,s2_supp_recybat24_0cea89207cecefa6471b,train,val
3baf58f550202e45e008,s2_supp_recybat24_5dd17ade53b9ca67383a,train,val
3baf58f550202e45e008,s2_supp_recybat24_8a711d510fb0d82da044,train,val
3baf58f550202e45e008,s2_supp_recybat24_cd33c308c16ab5847ef2,train,val
3baf58f550202e45e008,s2_supp_recybat24_6c10e3be42b46e624f97,train,val
3baf58f550202e45e008,s2_supp_recybat24_18a6d8b75a20550462da,train,val
3baf58f550202e45e008,s2_supp_recybat24_b4d5d9247aeecd318ff6,train,val
3baf58f550202e45e008,s2_supp_recybat24_ae81cc3c1aa7871b243b,train,val
3baf58f550202e45e008,s2_supp_recybat24_055b50987175bcdbaadf,train,val
3baf58f550202e45e008,s2_supp_recybat24_b7da3e1a97150fbc8cb7,train,val
3baf58f550202e45e008,s2_supp_recybat24_9327542be67b08596ec5,train,val
3baf58f550202e45e008,s2_supp_recybat24_c46e028db4afffb74867,train,val
3baf58f550202e45e008,s2_supp_recybat24_b4054406ea77b3172dea,train,val
3baf58f550202e45e008,s2_supp_recybat24_a21ed76e18650fe3f846,train,val
3baf58f550202e45e008,s2_supp_recybat24_3484351639db8c5a4723,train,val
3baf58f550202e45e008,s2_supp_recybat24_74fea5aeb1708a47e6b2,train,val
3baf58f550202e45e008,s2_supp_recybat24_ed024550832697a2e2c7,train,val
3baf58f550202e45e008,s2_supp_recybat24_64e78f804990d2345501,train,val
3baf58f550202e45e008,s2_supp_recybat24_80eca3b87fd5f1ba659b,train,val
3baf58f550202e45e008,s2_supp_recybat24_8a308ff2642224e790d3,train,val
3baf58f550202e45e008,s2_supp_recybat24_432a188e0dd5ceaf8a8d,train,val
3baf58f550202e45e008,s2_supp_recybat24_57fa7341f0f1332b9811,train,val
3baf58f550202e45e008,s2_supp_recybat24_497ebb0016d43bb89e18,train,val
3baf58f550202e45e008,s2_supp_recybat24_e89f0f3ae57794f042ea,train,val
3baf58f550202e45e008,s2_supp_recybat24_753c63e4f16868da52c0,train,val
3baf58f550202e45e008,s2_supp_recybat24_78986104bf95ae5aed52,train,val
3baf58f550202e45e008,s2_supp_recybat24_757bd8b46214e4b8232c,train,val
3baf58f550202e45e008,s2_supp_recybat24_a8e4b03d4128550acba7,train,val
3baf58f550202e45e008,s2_supp_recybat24_effb31209c0072b5b7b9,train,val
3baf58f550202e45e008,s2_supp_recybat24_10fbd5476c9bba461a81,train,val
3baf58f550202e45e008,s2_supp_recybat24_5465aa1c34a002cfd1d4,train,val
3baf58f550202e45e008,s2_supp_recybat24_680fd8b3a5d189f23422,train,val
3baf58f550202e45e008,s2_supp_recybat24_cf9788445d3ea24ce01b,train,val
3baf58f550202e45e008,s2_supp_recybat24_2c1df1834b9dc3feda16,train,val
3baf58f550202e45e008,s2_supp_recybat24_41d24f4081a61dd98ab2,train,val
3baf58f550202e45e008,s2_supp_recybat24_cb7e6c3924b124d6e0de,train,val
3baf58f550202e45e008,s2_supp_recybat24_ac9b0dd0c4de39805dab,train,val
3baf58f550202e45e008,s2_supp_recybat24_9bcaf0f60f31cd6c8b57,train,val
3baf58f550202e45e008,s2_supp_recybat24_7a40fa2c09d4783bb2db,train,val
3baf58f550202e45e008,s2_supp_recybat24_59e7ebdc71428f533f94,train,val
3baf58f550202e45e008,s2_supp_recybat24_92956cfc02129de4d394,train,val
3baf58f550202e45e008,s2_supp_recybat24_35642370a966680df778,train,val
3baf58f550202e45e008,s2_supp_recybat24_0968182c35e51018b39e,train,val
3baf58f550202e45e008,s2_supp_recybat24_6e740266b6f93a319dd8,train,val
3baf58f550202e45e008,s2_supp_recybat24_fb26987b94b9b2e17e0f,train,val
3baf58f550202e45e008,s2_supp_recybat24_de1851ef345ad79b7a24,train,val
3baf58f550202e45e008,s2_supp_recybat24_0aebb224bc8a37a58422,train,val
3baf58f550202e45e008,s2_supp_recybat24_c8bcadacd1c1066d7efe,train,val
3baf58f550202e45e008,s2_supp_recybat24_17f0acd248e052a2b5fe,train,val
3baf58f550202e45e008,s2_supp_recybat24_a88a5663f3ff087ed73b,train,val
3baf58f550202e45e008,s2_supp_recybat24_af2ca23f63a5fa8f1373,train,val
3baf58f550202e45e008,s2_supp_recybat24_d5c6d3968802aeec7ca3,train,val
3baf58f550202e45e008,s2_supp_recybat24_2c0d7a860f38b6f1b911,train,val
3baf58f550202e45e008,s2_supp_recybat24_1a694f29f594ad1c2d4a,train,val
3baf58f550202e45e008,s2_supp_recybat24_4b18943b5b125658d56d,train,val
3baf58f550202e45e008,s2_supp_recybat24_f7ae1c168569bf329c82,train,val
3baf58f550202e45e008,s2_supp_recybat24_f35aa4a032805a23d4b8,train,val
3baf58f550202e45e008,s2_supp_recybat24_c675c63696ea3b478b08,train,val
3baf58f550202e45e008,s2_supp_recybat24_ed79fcabe34ca581abab,train,val
3baf58f550202e45e008,s2_supp_recybat24_20975011d9d340291d99,train,val
3baf58f550202e45e008,s2_supp_recybat24_f637088075937223a826,train,val
3baf58f550202e45e008,s2_supp_recybat24_6a6c60e8382352fe0155,train,val
3baf58f550202e45e008,s2_supp_recybat24_6e9272b4d14af3691ca9,train,val
3baf58f550202e45e008,s2_supp_recybat24_4ab4722ec8e34af4a0a5,train,val
3baf58f550202e45e008,s2_supp_recybat24_b30775f4992cbb1de784,train,val
3baf58f550202e45e008,s2_supp_recybat24_5aa7b1fc7a1315a73f4c,train,val
3baf58f550202e45e008,s2_supp_recybat24_74b56e294500526b5926,train,val
3baf58f550202e45e008,s2_supp_recybat24_3bb13e90830f86b792ff,train,val
3baf58f550202e45e008,s2_supp_recybat24_debb3ade988da323bcfa,train,val
3baf58f550202e45e008,s2_supp_recybat24_e5bd4731a22accf01d7c,train,val
3baf58f550202e45e008,s2_supp_recybat24_69282b014c8ba0f8d940,train,val
3baf58f550202e45e008,s2_supp_recybat24_07e90018a30b76688648,train,val
3baf58f550202e45e008,s2_supp_recybat24_1d2288f2871753260597,train,val
3baf58f550202e45e008,s2_supp_recybat24_8c4e58cb7f4d0b2aa11b,train,val
3baf58f550202e45e008,s2_supp_recybat24_96c2ab4a32ea69f1bfe9,train,val
3baf58f550202e45e008,s2_supp_recybat24_3b2fc8dc5f0fa21896a0,train,val
3baf58f550202e45e008,s2_supp_recybat24_ee012d7650c23603eba3,train,val
3baf58f550202e45e008,s2_supp_recybat24_d3de8ba933f971a8d6a0,train,val
3baf58f550202e45e008,s2_supp_recybat24_79bdb365e50bf49d8f09,train,val
3baf58f550202e45e008,s2_supp_recybat24_37358f5a487550ca4d03,train,val
3baf58f550202e45e008,s2_supp_recybat24_d87841e76d511638b5c1,train,val
3baf58f550202e45e008,s2_supp_recybat24_602a047a177b084c3e28,train,val
3baf58f550202e45e008,s2_supp_recybat24_d7421b3e539a29a0e63a,train,val
3baf58f550202e45e008,s2_supp_recybat24_a869467ab1ed5c0d0f70,train,val
3baf58f550202e45e008,s2_supp_recybat24_4a6530aad7fbb385692a,train,val
3baf58f550202e45e008,s2_supp_recybat24_fe169c878a33ae45096b,train,val
3baf58f550202e45e008,s2_supp_recybat24_6dbe56df1ec77e37835e,train,val
3baf58f550202e45e008,s2_supp_recybat24_56d96281e12cca001c1d,train,val
3baf58f550202e45e008,s2_supp_recybat24_b77a9c55cb3c32f0d540,train,val
3baf58f550202e45e008,s2_supp_recybat24_45fa9e977a3da18d166b,train,val
3baf58f550202e45e008,s2_supp_recybat24_249f72706cc9ac8d3e39,train,val
3baf58f550202e45e008,s2_supp_recybat24_af22ec8c71dfd6c75362,train,val
3baf58f550202e45e008,s2_supp_recybat24_08c0835167b066e0a826,train,val
3baf58f550202e45e008,s2_supp_recybat24_beb2406ae1469c631882,train,val
3baf58f550202e45e008,s2_supp_recybat24_265b243cd26a19657548,train,val
3baf58f550202e45e008,s2_supp_recybat24_9e38dfd5cfdc9af25953,train,val
3baf58f550202e45e008,s2_supp_recybat24_1716025a1cc141637c8e,train,val
3baf58f550202e45e008,s2_supp_recybat24_e8f2d1e62994e4adcd58,train,val
3baf58f550202e45e008,s2_supp_recybat24_bfdfe8cc32f004541f15,train,val
3baf58f550202e45e008,s2_supp_recybat24_307164f51e79a37abe29,train,val
3baf58f550202e45e008,s2_supp_recybat24_7d54047a61a7ac728849,train,val
3baf58f550202e45e008,s2_supp_recybat24_e3ed6cb8381484a3a058,train,val
3baf58f550202e45e008,s2_supp_recybat24_bc993f499561f8d91cb0,train,val
3baf58f550202e45e008,s2_supp_recybat24_dd5187581bd407cbe9dc,train,val
3baf58f550202e45e008,s2_supp_recybat24_cd4d1e84f3184c6e24e0,train,val
3baf58f550202e45e008,s2_supp_recybat24_06989cf34dc1017b132f,train,val
3baf58f550202e45e008,s2_supp_recybat24_77290765e11ab7409c2b,train,val
3baf58f550202e45e008,s2_supp_recybat24_56aa695ee41fab982684,train,val
3baf58f550202e45e008,s2_supp_recybat24_abd9b1b7445d5afad27d,train,val
3baf58f550202e45e008,s2_supp_recybat24_bb7cb51c4fb5b1613dea,train,val
3baf58f550202e45e008,s2_supp_recybat24_4602a67204d15b3c976d,train,val
3baf58f550202e45e008,s2_supp_recybat24_b7e381680fcaee4c01b1,train,val
3baf58f550202e45e008,s2_supp_recybat24_bec0794260978f12b0bc,train,val
3baf58f550202e45e008,s2_supp_recybat24_0c3cacdc090a67483d8b,train,val
3baf58f550202e45e008,s2_supp_recybat24_1883085627be6104c32e,train,val
3baf58f550202e45e008,s2_supp_recybat24_f973706d22e3e1c1a78f,train,val
3baf58f550202e45e008,s2_supp_recybat24_8b7dc73ebe41c608c0de,train,val
3baf58f550202e45e008,s2_supp_recybat24_c37aee8ccecb084adbe2,train,val
3baf58f550202e45e008,s2_supp_recybat24_2136221205754905fe5b,train,val
3baf58f550202e45e008,s2_supp_recybat24_219eae025559dbb33e95,train,val
3baf58f550202e45e008,s2_supp_recybat24_8c5a28246b98ab315fc0,train,val
3baf58f550202e45e008,s2_supp_recybat24_eabac620f36a554b2f9a,train,val
3baf58f550202e45e008,s2_supp_recybat24_a70ee34fd8635f8218f1,train,val
3baf58f550202e45e008,s2_supp_recybat24_95f9ba9a2b479b6cf125,train,val
3baf58f550202e45e008,s2_supp_recybat24_ec9aa8fc39ee7a7b8380,train,val
3baf58f550202e45e008,s2_supp_recybat24_01782e5379f74f8300d5,train,val
3baf58f550202e45e008,s2_supp_recybat24_6fe45526dd7c93eb87fc,train,val
3baf58f550202e45e008,s2_supp_recybat24_1b3363cbac4daf1a537b,train,val
3baf58f550202e45e008,s2_supp_recybat24_477b22907b7feff84bdd,train,val
3baf58f550202e45e008,s2_supp_recybat24_6102f757e2d6b4de6d3c,train,val
3baf58f550202e45e008,s2_supp_recybat24_e95df2b980e5526cbf53,train,val
3baf58f550202e45e008,s2_supp_recybat24_4975bb69a3c289af0edd,train,val
3baf58f550202e45e008,s2_supp_recybat24_bcf9df0c52cab4c0ad84,train,val
3baf58f550202e45e008,s2_supp_recybat24_dd0470a346fe1774cdf4,train,val
3baf58f550202e45e008,s2_supp_recybat24_195392770fd93ac91213,train,val
3baf58f550202e45e008,s2_supp_recybat24_b2cb5af75a65978c847c,train,val
3baf58f550202e45e008,s2_supp_recybat24_dc38383f30014d66912b,train,val
3baf58f550202e45e008,s2_supp_recybat24_dc9c274aeda41a7fc69a,train,val
3baf58f550202e45e008,s2_supp_recybat24_20784df040fc19f8af84,train,val
3baf58f550202e45e008,s2_supp_recybat24_3def4c842cc5700f09da,train,val
3baf58f550202e45e008,s2_supp_recybat24_6e6896c55e713c30fc78,train,val
3baf58f550202e45e008,s2_supp_recybat24_6f1d18f4cc2b21df8865,train,val
3baf58f550202e45e008,s2_supp_recybat24_40eda467cd6263cc4e19,train,val
3baf58f550202e45e008,s2_supp_recybat24_cf202fd6ba4a8522ab50,train,val
3baf58f550202e45e008,s2_supp_recybat24_66c866700111baade1bf,train,val
3baf58f550202e45e008,s2_supp_recybat24_2e6b7abc4328bc3a7411,train,val
3baf58f550202e45e008,s2_supp_recybat24_86753c8ee1c30a8a3a2d,train,val
3baf58f550202e45e008,s2_supp_recybat24_fb925be0bb0b62c49f7c,train,val
3baf58f550202e45e008,s2_supp_recybat24_908fba90efe5f3cd966f,train,val
3baf58f550202e45e008,s2_supp_recybat24_cb7c71f19d6b9f31d178,train,val
3baf58f550202e45e008,s2_supp_recybat24_88a1306ba4534090baa1,train,val
3baf58f550202e45e008,s2_supp_recybat24_43ce4939a59f4046b573,train,val
3baf58f550202e45e008,s2_supp_recybat24_ec3509e0ffe3d06c9012,train,val
3baf58f550202e45e008,s2_supp_recybat24_b06ba50887e593b5aab7,train,val
3baf58f550202e45e008,s2_supp_recybat24_4f6d744424d6d60469fb,train,val
3baf58f550202e45e008,s2_supp_recybat24_0a017a3c5a40655a27a4,train,val
3baf58f550202e45e008,s2_supp_recybat24_05f3966f9e14c9540348,train,val
3baf58f550202e45e008,s2_supp_recybat24_86de9646bde2cc10c837,train,val
3baf58f550202e45e008,s2_supp_recybat24_df6ced39df6bf6f07148,train,val
3baf58f550202e45e008,s2_supp_recybat24_b24e535965a802365034,train,val
3baf58f550202e45e008,s2_supp_recybat24_dacdce3acfa9ad6ff3a7,train,val
3baf58f550202e45e008,s2_supp_recybat24_1b20f21186fd989a0abc,train,val
3baf58f550202e45e008,s2_supp_recybat24_b5aee3530eba445d3e07,train,val
3baf58f550202e45e008,s2_supp_recybat24_5d0726e41fd688630149,train,val
3baf58f550202e45e008,s2_supp_recybat24_cf2ddd549b361a65c743,train,val
3baf58f550202e45e008,s2_supp_recybat24_7418d0875613b4bcde19,train,val
3baf58f550202e45e008,s2_supp_recybat24_e68f15ba02912bb9bb43,train,val
3baf58f550202e45e008,s2_supp_recybat24_23d968125b9f88f0dcb3,train,val
3baf58f550202e45e008,s2_supp_recybat24_22a5e0f51abcde392238,train,val
3baf58f550202e45e008,s2_supp_recybat24_b9aff9bd4a9f2153b915,train,val
3baf58f550202e45e008,s2_supp_recybat24_458549c3313acb008e29,train,val
3baf58f550202e45e008,s2_supp_recybat24_d8075a695d5ff6e9dd4f,train,val
3baf58f550202e45e008,s2_supp_recybat24_c48d5f124f258f5adeba,train,val
3baf58f550202e45e008,s2_supp_recybat24_ccf36ea4a2d0cac19063,train,val
3baf58f550202e45e008,s2_supp_recybat24_77f51024ccefbbe427d4,train,val
3baf58f550202e45e008,s2_supp_recybat24_2367dbb2c2158efc6ae2,train,val
3baf58f550202e45e008,s2_supp_recybat24_dda2fa6889fa52530994,train,val
3baf58f550202e45e008,s2_supp_recybat24_4eb90f788363e5fba355,train,val
3baf58f550202e45e008,s2_supp_recybat24_5e8a8b0c3c8ebf4d545a,train,val
3baf58f550202e45e008,s2_supp_recybat24_524fe457565e69a1da2c,train,val
3baf58f550202e45e008,s2_supp_recybat24_43b4667ebe0621fbd32a,train,val
3baf58f550202e45e008,s2_supp_recybat24_3b4a22110bb5cc7af09c,train,val
3baf58f550202e45e008,s2_supp_recybat24_efacc1aadf27774d95dd,train,val
3baf58f550202e45e008,s2_supp_recybat24_5d0686fcc3f4391625aa,train,val
3baf58f550202e45e008,s2_supp_recybat24_1ffb1c7a223d7947dbde,train,val
3baf58f550202e45e008,s2_supp_recybat24_571c048f8c948675af41,train,val
3baf58f550202e45e008,s2_supp_recybat24_8288273056880151d954,train,val
3baf58f550202e45e008,s2_supp_recybat24_f4b88dfd14d142503973,train,val
3baf58f550202e45e008,s2_supp_recybat24_b7aeff61207201e65789,train,val
3baf58f550202e45e008,s2_supp_recybat24_48b44d29cd4c26dfd985,train,val
3baf58f550202e45e008,s2_supp_recybat24_1eb7283d494523741d77,train,val
3baf58f550202e45e008,s2_supp_recybat24_a3285cc7c52a018abb2a,train,val
3baf58f550202e45e008,s2_supp_recybat24_75c0942172718b954e14,train,val
3baf58f550202e45e008,s2_supp_recybat24_40f3dba28c7fe35a75b7,train,val
3baf58f550202e45e008,s2_supp_recybat24_8e9f894b0f64dca4bcff,train,val
3baf58f550202e45e008,s2_supp_recybat24_5e8427b6e6ee68d7aa89,train,val
3baf58f550202e45e008,s2_supp_recybat24_0725dedbc0b6539cd1f9,train,val
3baf58f550202e45e008,s2_supp_recybat24_f107ef66eecc3c73c716,train,val
3baf58f550202e45e008,s2_supp_recybat24_6ebc21425e8edf536947,train,val
3baf58f550202e45e008,s2_supp_recybat24_6a4e3c9bf8e3f7a17e6a,train,val
3baf58f550202e45e008,s2_supp_recybat24_7acc655ae1dfd3994fa5,train,val
3baf58f550202e45e008,s2_supp_recybat24_445a3076454d43dd7170,train,val
3baf58f550202e45e008,s2_supp_recybat24_a6a087e4b9df75d8526f,train,val
3baf58f550202e45e008,s2_supp_recybat24_ee5ae4d9c19806127731,train,val
3baf58f550202e45e008,s2_supp_recybat24_d5d2858da6cf9a2e4556,train,val
3baf58f550202e45e008,s2_supp_recybat24_188714fc18ffa32f855a,train,val
3baf58f550202e45e008,s2_supp_recybat24_9aee7000270b08ba0c04,train,val
3baf58f550202e45e008,s2_supp_recybat24_c996dcf27548559ccbd3,train,val
3baf58f550202e45e008,s2_supp_recybat24_89fa8943306621995844,train,val
3baf58f550202e45e008,s2_supp_recybat24_1ce11a54cb732482df13,train,val
3baf58f550202e45e008,s2_supp_recybat24_e895ee01f85b3dda8d45,train,val
3baf58f550202e45e008,s2_supp_recybat24_fc0abcf73f3826f30095,train,val
3baf58f550202e45e008,s2_supp_recybat24_c04e1a8828c905713816,train,val
3baf58f550202e45e008,s2_supp_recybat24_7cb1f5f090b0a1315b56,train,val
3baf58f550202e45e008,s2_supp_recybat24_614c4969698487d3de55,train,val
3baf58f550202e45e008,s2_supp_recybat24_4387f36e2c401054e685,train,val
3baf58f550202e45e008,s2_supp_recybat24_bfc655bb0eee26e69896,train,val
3baf58f550202e45e008,s2_supp_recybat24_2bce3690830b130bfb47,train,val
3baf58f550202e45e008,s2_supp_recybat24_3f6468a74bc8f6069488,train,val
3baf58f550202e45e008,s2_supp_recybat24_507d62e3a8e1c183e369,train,val
3baf58f550202e45e008,s2_supp_recybat24_bd977d745bdb744f107d,train,val
3baf58f550202e45e008,s2_supp_recybat24_6825c71b9eaed6bb7959,train,val
3baf58f550202e45e008,s2_supp_recybat24_e6f9058895f7d6f52932,train,val
3baf58f550202e45e008,s2_supp_recybat24_0233a2bb9fcfc7ee5154,train,val
3baf58f550202e45e008,s2_supp_recybat24_7c985187db628c5ef476,train,val
3baf58f550202e45e008,s2_supp_recybat24_b2962301530bf348d9f0,train,val
3baf58f550202e45e008,s2_supp_recybat24_4e787e94e87e79a32091,train,val
3baf58f550202e45e008,s2_supp_recybat24_08f659c0c894ab021c6c,train,val
3baf58f550202e45e008,s2_supp_recybat24_1acc91a4df7ddff2d3dc,train,val
3baf58f550202e45e008,s2_supp_recybat24_53ceb70365b9d7e24b22,train,val
3baf58f550202e45e008,s2_supp_recybat24_5eaa2ebef8f0df54742f,train,val
3baf58f550202e45e008,s2_supp_recybat24_8c4b3198da4a2f3d8c2e,train,val
3baf58f550202e45e008,s2_supp_recybat24_ecc3e6ea1643da6c6952,train,val
3baf58f550202e45e008,s2_supp_recybat24_3dd9297f1718f4e7e344,train,val
3baf58f550202e45e008,s2_supp_recybat24_f1b887aea6adc9b22832,train,val
3baf58f550202e45e008,s2_supp_recybat24_91e62363ada5abbf9c1e,train,val
3baf58f550202e45e008,s2_supp_recybat24_576fe63d1c7563c0b1af,train,val
3baf58f550202e45e008,s2_supp_recybat24_a9e9d31c6021111e2a49,train,val
3baf58f550202e45e008,s2_supp_recybat24_79812cc3a68623cf4da4,train,val
3baf58f550202e45e008,s2_supp_recybat24_7f9d42f340f81161fc2d,train,val
3baf58f550202e45e008,s2_supp_recybat24_02b765bb9e2aa51cc3dd,train,val
3baf58f550202e45e008,s2_supp_recybat24_7cc953d3545069230372,train,val
3baf58f550202e45e008,s2_supp_recybat24_bab22c70f75cb61570a1,train,val
3baf58f550202e45e008,s2_supp_recybat24_740c0332af6b1319c76c,train,val
3baf58f550202e45e008,s2_supp_recybat24_e82138908a01f1370068,train,val
3baf58f550202e45e008,s2_supp_recybat24_dbebd13bb6ec41c3ec9f,train,val
3baf58f550202e45e008,s2_supp_recybat24_577995e1e9092bc5f484,train,val
3baf58f550202e45e008,s2_supp_recybat24_b29f82455cb720f25747,train,val
3baf58f550202e45e008,s2_supp_recybat24_1ce00f6b42af694e9745,train,val
3baf58f550202e45e008,s2_supp_recybat24_92a0c489c36bd946c479,train,val
3baf58f550202e45e008,s2_supp_recybat24_366c1d731b018ed5d5c0,train,val
3baf58f550202e45e008,s2_supp_recybat24_1aa0659b313313c50488,train,val
3baf58f550202e45e008,s2_supp_recybat24_dd6a3a233f44d1d99609,train,val
3baf58f550202e45e008,s2_supp_recybat24_b0a7a42a5286b051e34b,train,val
3baf58f550202e45e008,s2_supp_recybat24_c3a3e93f294a9ee0651e,train,val
3baf58f550202e45e008,s2_supp_recybat24_a44ee872c4f8c6121f72,train,val
3baf58f550202e45e008,s2_supp_recybat24_cf081cd2b4feb5a57c6c,train,val
3baf58f550202e45e008,s2_supp_recybat24_294f50c09e8d4af2afbb,train,val
3baf58f550202e45e008,s2_supp_recybat24_aaa2a7b496a557328cac,train,val
3baf58f550202e45e008,s2_supp_recybat24_0a14ef8f58d6d0537968,train,val
3baf58f550202e45e008,s2_supp_recybat24_98c6ff66feaaf9150765,train,val
3baf58f550202e45e008,s2_supp_recybat24_92aacbb813ffddce67ba,train,val
3baf58f550202e45e008,s2_supp_recybat24_9effab327769e85aee93,train,val
3baf58f550202e45e008,s2_supp_recybat24_34a20717f89ab2530aba,train,val
3baf58f550202e45e008,s2_supp_recybat24_0032ebf925e7d9ba6406,train,val
3baf58f550202e45e008,s2_supp_recybat24_49b30fa46cf935ce7f5f,train,val
3baf58f550202e45e008,s2_supp_recybat24_5e1f7073e09b04ab0032,train,val
3baf58f550202e45e008,s2_supp_recybat24_e7ebf011b06afde14118,train,val
3baf58f550202e45e008,s2_supp_recybat24_7dc86668380ea7f292d9,train,val
3baf58f550202e45e008,s2_supp_recybat24_a3ebfa4fe9931c61d216,train,val
3baf58f550202e45e008,s2_supp_recybat24_cfb68790b67589b49edb,train,val
3baf58f550202e45e008,s2_supp_recybat24_d4cea70b416e2b94b123,train,val
3baf58f550202e45e008,s2_supp_recybat24_d4c0536fad2f09bbe9c2,train,val
3baf58f550202e45e008,s2_supp_recybat24_f0ce4518ec90a708ba4f,train,val
3baf58f550202e45e008,s2_supp_recybat24_2582c68587ba0077139c,train,val
3baf58f550202e45e008,s2_supp_recybat24_af4f5b24a35266756256,train,val
3baf58f550202e45e008,s2_supp_recybat24_cf5cece03f0aad60d29a,train,val
3baf58f550202e45e008,s2_supp_recybat24_47327ee4bb2a7109c0f1,train,val
3baf58f550202e45e008,s2_supp_recybat24_ad80989287c028348f37,train,val
3baf58f550202e45e008,s2_supp_recybat24_756d6c1de70362b8dc06,train,val
3baf58f550202e45e008,s2_supp_recybat24_7ea9dd7fabb61884244f,train,val
3baf58f550202e45e008,s2_supp_recybat24_9e7c3c6b171bc9a4b00f,train,val
3baf58f550202e45e008,s2_supp_recybat24_5888d0d77649e766aa10,train,val
3baf58f550202e45e008,s2_supp_recybat24_75a7cb78e120e4cb9e84,train,val
3baf58f550202e45e008,s2_supp_recybat24_d5605fbd68d5273ab1f3,train,val
3baf58f550202e45e008,s2_supp_recybat24_8b4d6ef823212f38f71e,train,val
3baf58f550202e45e008,s2_supp_recybat24_3831406a4ed122ebb70a,train,val
3baf58f550202e45e008,s2_supp_recybat24_1ab748d1bd003b434fa3,train,val
3baf58f550202e45e008,s2_supp_recybat24_5feca9e0af70d8f1b81b,train,val
3baf58f550202e45e008,s2_supp_recybat24_d5aa3de0dda5b7153f96,train,val
3baf58f550202e45e008,s2_supp_recybat24_5d84b1fb01787ce071fb,train,val
3baf58f550202e45e008,s2_supp_recybat24_59c0dc209ed955113df5,train,val
3baf58f550202e45e008,s2_supp_recybat24_4e67dfd91a3e79328d2e,train,val
3baf58f550202e45e008,s2_supp_recybat24_c78d4ad5ff6edbc347ab,train,val
3baf58f550202e45e008,s2_supp_recybat24_a9f1e9c1d0a2625dc4e6,train,val
3baf58f550202e45e008,s2_supp_recybat24_4a1d73084c082a8b7fc6,train,val
3baf58f550202e45e008,s2_supp_recybat24_cf9490f1f2782cbb56c2,train,val
3baf58f550202e45e008,s2_supp_recybat24_3ad5d27e8f64f1f27fad,train,val
3baf58f550202e45e008,s2_supp_recybat24_fb9ef1acdcc26604b7b6,train,val
3baf58f550202e45e008,s2_supp_recybat24_a63bd2cde5641d1d4386,train,val
3baf58f550202e45e008,s2_supp_recybat24_a8816dd5948ae3baad26,train,val
3baf58f550202e45e008,s2_supp_recybat24_bb95dbd52a1eda84a747,train,val
3baf58f550202e45e008,s2_supp_recybat24_a3ef7a5f254d68bf660d,train,val
3baf58f550202e45e008,s2_supp_recybat24_2057b33fe29028869f86,train,val
3baf58f550202e45e008,s2_supp_recybat24_5ddf35607968deeeca7d,train,val
3baf58f550202e45e008,s2_supp_recybat24_9a6a3754394ea691082e,train,val
3baf58f550202e45e008,s2_supp_recybat24_6b2199f284bfcdfb6b50,train,val
3baf58f550202e45e008,s2_supp_recybat24_2295999572a146e62c11,train,val
3baf58f550202e45e008,s2_supp_recybat24_d84e4101c93748995d92,train,val
3baf58f550202e45e008,s2_supp_recybat24_e04b6ca09b2f4bbbc758,train,val
3baf58f550202e45e008,s2_supp_recybat24_144ebc40cd84ed5af334,train,val
3baf58f550202e45e008,s2_supp_recybat24_3efbb62beb55e908e180,train,val
3baf58f550202e45e008,s2_supp_recybat24_318b16044910edeca4ff,train,val
3baf58f550202e45e008,s2_supp_recybat24_77d69ff98e746fe66887,train,val
3baf58f550202e45e008,s2_supp_recybat24_1e8bbf2e143431326d21,train,val
3baf58f550202e45e008,s2_supp_recybat24_1b83cb79b37b2d59a2ee,train,val
3baf58f550202e45e008,s2_supp_recybat24_9b07ddec09fbf587caf5,train,val
3baf58f550202e45e008,s2_supp_recybat24_45e18db89fbb3cfd119c,train,val
3baf58f550202e45e008,s2_supp_recybat24_43b09fec1a4307a70fed,train,val
3baf58f550202e45e008,s2_supp_recybat24_2fa2ea0817e72e3a96d0,train,val
3baf58f550202e45e008,s2_supp_recybat24_a21951c725cd93701bb9,train,val
3baf58f550202e45e008,s2_supp_recybat24_0a3b6cc68333a6a93fb4,train,val
3baf58f550202e45e008,s2_supp_recybat24_3add0a1f16fbfe783595,train,val
3baf58f550202e45e008,s2_supp_recybat24_8030c5eaab757921f771,train,val
3baf58f550202e45e008,s2_supp_recybat24_5c37682f97a32ee7215a,train,val
3baf58f550202e45e008,s2_supp_recybat24_100f6da3291232544dd2,train,val
3baf58f550202e45e008,s2_supp_recybat24_e1f55d296ed29aa03e4b,train,val
3baf58f550202e45e008,s2_supp_recybat24_b2b23edc708b17c3d115,train,val
3baf58f550202e45e008,s2_supp_recybat24_760d9311c77baca7dcfa,train,val
3baf58f550202e45e008,s2_supp_recybat24_737ba4f6c2ef5b78ec3c,train,val
3baf58f550202e45e008,s2_supp_recybat24_1d0f44bef5d22921cce0,train,val
3baf58f550202e45e008,s2_supp_recybat24_d82bbb7407a41ee9f06c,train,val
3baf58f550202e45e008,s2_supp_recybat24_3fd014afe040507c35ff,train,val
3baf58f550202e45e008,s2_supp_recybat24_b57771a8660de00ed97d,train,val
3baf58f550202e45e008,s2_supp_recybat24_b9d2a7a5dfd761b6bfb6,train,val
3baf58f550202e45e008,s2_supp_recybat24_397bbc5cd433b69549d6,train,val
3baf58f550202e45e008,s2_supp_recybat24_2014e51efc43f340eeb9,train,val
3baf58f550202e45e008,s2_supp_recybat24_1fd51f667514658837f8,train,val
3baf58f550202e45e008,s2_supp_recybat24_bb3827c3434e2aaa6fa2,train,val
3baf58f550202e45e008,s2_supp_recybat24_393e39a60e0f9aa31dc4,train,val
3baf58f550202e45e008,s2_supp_recybat24_12544bd14c2a8e32ab22,train,val
3baf58f550202e45e008,s2_supp_recybat24_cbb565d485ff05cd8c38,train,val
3baf58f550202e45e008,s2_supp_recybat24_a25fbc6e3a4dd6583c59,train,val
3baf58f550202e45e008,s2_supp_recybat24_223b16577e3279c1db1d,train,val
3baf58f550202e45e008,s2_supp_recybat24_7558905f55aa778b7ea9,train,val
3baf58f550202e45e008,s2_supp_recybat24_b41d6aa0c114897ef29a,train,val
3baf58f550202e45e008,s2_supp_recybat24_8e92ce55b0f0d0655a20,train,val
3baf58f550202e45e008,s2_supp_recybat24_953e323626d1962bf6cb,train,val
3baf58f550202e45e008,s2_supp_recybat24_fa26cce8710a88732092,train,val
3baf58f550202e45e008,s2_supp_recybat24_63549c6a959214f025a0,train,val
3baf58f550202e45e008,s2_supp_recybat24_b7d0f1bbf7a587debcfb,train,val
3baf58f550202e45e008,s2_supp_recybat24_4e5053a3d9bfb7abb92c,train,val
3baf58f550202e45e008,s2_supp_recybat24_0cc1d24196054a263f46,train,val
3baf58f550202e45e008,s2_supp_recybat24_a8ac11a3c77bcbf6463b,train,val
3baf58f550202e45e008,s2_supp_recybat24_f8656951e7a6fcb59d27,train,val
3baf58f550202e45e008,s2_supp_recybat24_0fe22265d640b806ff9e,train,val
3baf58f550202e45e008,s2_supp_recybat24_de4e6b26ec1284a7dca7,train,val
3baf58f550202e45e008,s2_supp_recybat24_aa3d675ad01fe29408e0,train,val
3baf58f550202e45e008,s2_supp_recybat24_ed228da789675ddf84a1,train,val
3baf58f550202e45e008,s2_supp_recybat24_2fdea9b02b01ff209114,train,val
3baf58f550202e45e008,s2_supp_recybat24_816a6e4354e0e30de3ca,train,val
3baf58f550202e45e008,s2_supp_recybat24_489d592a192da7f58b04,train,val
3baf58f550202e45e008,s2_supp_recybat24_43486d1a932ceffa897f,train,val
3baf58f550202e45e008,s2_supp_recybat24_e327a3757c33ccb1730a,train,val
3baf58f550202e45e008,s2_supp_recybat24_715b9b48dd5fccd2d1ff,train,val
3baf58f550202e45e008,s2_supp_recybat24_f330d149fef7c037ae89,train,val
3baf58f550202e45e008,s2_supp_recybat24_222df1d9e0c43a49d338,train,val
3baf58f550202e45e008,s2_supp_recybat24_6a432d5bbf5c661d3b64,train,val
3baf58f550202e45e008,s2_supp_recybat24_1ea4b5d8232de2625e1b,train,val
3baf58f550202e45e008,s2_supp_recybat24_18a0f8baf0c6b3a27381,train,val
3baf58f550202e45e008,s2_supp_recybat24_afedbfcc0198ac8fed32,train,val
3baf58f550202e45e008,s2_supp_recybat24_2ffc566a999810302d1d,train,val
3baf58f550202e45e008,s2_supp_recybat24_5e9557238264031fcc67,train,val
3baf58f550202e45e008,s2_supp_recybat24_cc6e9f7e4c4b02a5998c,train,val
3baf58f550202e45e008,s2_supp_recybat24_f4094f5a20ee3bcfcdbb,train,val
3baf58f550202e45e008,s2_supp_recybat24_3bfc82e317301ae7621d,train,val
3baf58f550202e45e008,s2_supp_recybat24_52c4015700b178361b86,train,val
3baf58f550202e45e008,s2_supp_recybat24_5c216789d773802fb93a,train,val
3baf58f550202e45e008,s2_supp_recybat24_417257beb4e6d2df546e,train,val
3baf58f550202e45e008,s2_supp_recybat24_63798335686ec7584c59,train,val
3baf58f550202e45e008,s2_supp_recybat24_fc856b72e2da8a91374c,train,val
3baf58f550202e45e008,s2_supp_recybat24_d3de696149b7a57dc3ee,train,val
3baf58f550202e45e008,s2_supp_recybat24_9e1b1e3b863c17fcce0a,train,val
3baf58f550202e45e008,s2_supp_recybat24_9c318d4fbdbd23064c3b,train,val
3baf58f550202e45e008,s2_supp_recybat24_fdc526b0cce54b9aa237,train,val
3baf58f550202e45e008,s2_supp_recybat24_0ab8bea0c91a45854398,train,val
3baf58f550202e45e008,s2_supp_recybat24_5e9ed26b79a384af08d2,train,val
3baf58f550202e45e008,s2_supp_recybat24_114334bb65ce76c0a751,train,val
3baf58f550202e45e008,s2_supp_recybat24_f200bb005f9ab6478754,train,val
3baf58f550202e45e008,s2_supp_recybat24_750d92427790eaedf714,train,val
3baf58f550202e45e008,s2_supp_recybat24_79667a24965213c08d83,train,val
3baf58f550202e45e008,s2_supp_recybat24_ff42dee3507c680f7c17,train,val
3baf58f550202e45e008,s2_supp_recybat24_cf4f893723ae104f6d6d,train,val
3baf58f550202e45e008,s2_supp_recybat24_785068f4c6e9a9766d35,train,val
3baf58f550202e45e008,s2_supp_recybat24_efd53420d9df3b00db84,train,val
3baf58f550202e45e008,s2_supp_recybat24_1fded98b36603a59cbfc,train,val
3baf58f550202e45e008,s2_supp_recybat24_dd7a34819f91c7883788,train,val
3baf58f550202e45e008,s2_supp_recybat24_0a037f6894170866704d,train,val
3baf58f550202e45e008,s2_supp_recybat24_8a54c5bca6a288ccaf64,train,val
3baf58f550202e45e008,s2_supp_recybat24_8007730355fd61a9dd13,train,val
3baf58f550202e45e008,s2_supp_recybat24_b118e08c11194321a8e0,train,val
3baf58f550202e45e008,s2_supp_recybat24_05427f11edfc0fc1f5ec,train,val
3baf58f550202e45e008,s2_supp_recybat24_358cfed42fea9d3c2c3c,train,val
3baf58f550202e45e008,s2_supp_recybat24_91f7aafbc35151dbd892,train,val
3baf58f550202e45e008,s2_supp_recybat24_f9ee6fb5ad67882944a5,train,val
3baf58f550202e45e008,s2_supp_recybat24_cc4c907a376fbc455519,train,val
3baf58f550202e45e008,s2_supp_recybat24_15e6b2aa9ea4b781dc54,train,val
3baf58f550202e45e008,s2_supp_recybat24_50077390bb9361bad6e1,train,val
3baf58f550202e45e008,s2_supp_recybat24_ce71a59cdb47abc5dd4b,train,val
3baf58f550202e45e008,s2_supp_recybat24_3cbfc8e5a64bcbb44b7d,train,val
3baf58f550202e45e008,s2_supp_recybat24_ba08bd335df23e3c396b,train,val
3baf58f550202e45e008,s2_supp_recybat24_71dc3ea92acee151bfed,train,val
3baf58f550202e45e008,s2_supp_recybat24_6eb21f9cdb72a129f87c,train,val
3baf58f550202e45e008,s2_supp_recybat24_b6019cded1792c8b7e7a,train,val
3baf58f550202e45e008,s2_supp_recybat24_ae41ee228747d7f41a3b,train,val
3baf58f550202e45e008,s2_supp_recybat24_3dbb78d529b126453ef5,train,val
3baf58f550202e45e008,s2_supp_recybat24_33f155074d753257bc8c,train,val
3baf58f550202e45e008,s2_supp_recybat24_92815e5ec30a869c4183,train,val
3baf58f550202e45e008,s2_supp_recybat24_6add352dfb343fceb1f3,train,val
3baf58f550202e45e008,s2_supp_recybat24_e44d482e4a76a396a156,train,val
3baf58f550202e45e008,s2_supp_recybat24_62c6dd4be294fc73fff5,train,val
3baf58f550202e45e008,s2_supp_recybat24_2e66a073fee5a7ef1356,train,val
3baf58f550202e45e008,s2_supp_recybat24_31a7d0929db625273386,train,val
3baf58f550202e45e008,s2_supp_recybat24_77cb0255c0735f3a67bd,train,val
3baf58f550202e45e008,s2_supp_recybat24_1ee8c05e804b4981c34d,train,val
3baf58f550202e45e008,s2_supp_recybat24_ff84b282a87256fdcd52,train,val
3baf58f550202e45e008,s2_supp_recybat24_6a1043493e4196f46b45,train,val
3baf58f550202e45e008,s2_supp_recybat24_7726afe121da5c8f2424,train,val
3baf58f550202e45e008,s2_supp_recybat24_497bec07465120bd4a18,train,val
3baf58f550202e45e008,s2_supp_recybat24_1828f64a892be55fd5c0,train,val
3baf58f550202e45e008,s2_supp_recybat24_67a8705053efb3916a9f,train,val
3baf58f550202e45e008,s2_supp_recybat24_bdef1f1ae460ed816e7d,train,val
3baf58f550202e45e008,s2_supp_recybat24_449758baf1ffc6ee2c4c,train,val
3baf58f550202e45e008,s2_supp_recybat24_788f0c526e0c4b4bdb54,train,val
3baf58f550202e45e008,s2_supp_recybat24_104ca80a957ddd00c195,train,val
3baf58f550202e45e008,s2_supp_recybat24_97babb419adb1f6dc7aa,train,val
3baf58f550202e45e008,s2_supp_recybat24_28f178fa10aec8100eef,train,val
3baf58f550202e45e008,s2_supp_recybat24_3c504d46680f76e000f3,train,val
3baf58f550202e45e008,s2_supp_recybat24_a463410817e417dac96a,train,val
3baf58f550202e45e008,s2_supp_recybat24_9b5323e02c7637838259,train,val
3baf58f550202e45e008,s2_supp_recybat24_e6caa744abab604fc102,train,val
3baf58f550202e45e008,s2_supp_recybat24_e21de911105cab30c946,train,val
3baf58f550202e45e008,s2_supp_recybat24_80326e7d0e0862cb7043,train,val
3baf58f550202e45e008,s2_supp_recybat24_451645c0990fe34773df,train,val
3baf58f550202e45e008,s2_supp_recybat24_d6602cc77feff684aa4e,train,val
3baf58f550202e45e008,s2_supp_recybat24_436830287aea2f0a75c5,train,val
3baf58f550202e45e008,s2_supp_recybat24_03b40f0fc7aa9fdeac78,train,val
3baf58f550202e45e008,s2_supp_recybat24_2bbc59b20cdb9633c354,train,val
3baf58f550202e45e008,s2_supp_recybat24_791e1131eb9c77ccb8c9,train,val
3baf58f550202e45e008,s2_supp_recybat24_e2eb756bc2d0fe296398,train,val
3baf58f550202e45e008,s2_supp_recybat24_dfe00cdf7cb0c4332bb1,train,val
3baf58f550202e45e008,s2_supp_recybat24_e9c548ced07a356e0b65,train,val
3baf58f550202e45e008,s2_supp_recybat24_3f972f718de1195bc3b8,train,val
3baf58f550202e45e008,s2_supp_recybat24_b9875635fff84c9651a3,train,val
3baf58f550202e45e008,s2_supp_recybat24_0f781b7ba4f70299ada9,train,val
3baf58f550202e45e008,s2_supp_recybat24_2c5815469c2a9878ade2,train,val
3baf58f550202e45e008,s2_supp_recybat24_cc18ba1a63f62749f7fc,train,val
3baf58f550202e45e008,s2_supp_recybat24_ab27a50646697cb658ba,train,val
3baf58f550202e45e008,s2_supp_recybat24_81f561b9431379034dc4,train,val
3baf58f550202e45e008,s2_supp_recybat24_4cdd414cc794ce38f5fd,train,val
3baf58f550202e45e008,s2_supp_recybat24_7f45fdb73bdc60913de0,train,val
3baf58f550202e45e008,s2_supp_recybat24_1bc8031016d134430f35,train,val
3baf58f550202e45e008,s2_supp_recybat24_a7fd84c12ba4c3df9a29,train,val
3baf58f550202e45e008,s2_supp_recybat24_b3cf942ba0523665002e,train,val
3baf58f550202e45e008,s2_supp_recybat24_6f3a460a074ff3457dd0,train,val
3baf58f550202e45e008,s2_supp_recybat24_59b78fb107e19cae36ba,train,val
3baf58f550202e45e008,s2_supp_recybat24_56ad15d2221d0b66b14a,train,val
3baf58f550202e45e008,s2_supp_recybat24_a2ba7b5f87b551d05fc9,train,val
3baf58f550202e45e008,s2_supp_recybat24_31d35c811bd4f6397a7e,train,val
3baf58f550202e45e008,s2_supp_recybat24_a83ce082903b80ee2b70,train,val
3baf58f550202e45e008,s2_supp_recybat24_220fc380ff9dbc5a01fe,train,val
3baf58f550202e45e008,s2_supp_recybat24_853deb8542a43944bfa9,train,val
3baf58f550202e45e008,s2_supp_recybat24_9d263ae9cd0abc8edce0,train,val
3baf58f550202e45e008,s2_supp_recybat24_7a1947f683aa14f37e4c,train,val
3baf58f550202e45e008,s2_supp_recybat24_8afbb96942a7b0ef99ad,train,val
3baf58f550202e45e008,s2_supp_recybat24_3538731433e1c38c4a28,train,val
3baf58f550202e45e008,s2_supp_recybat24_1233ee32b90ab4d4d701,train,val
3baf58f550202e45e008,s2_supp_recybat24_8b055218f6e68b18eab0,train,val
3baf58f550202e45e008,s2_supp_recybat24_ab47264170b5933664fa,train,val
3baf58f550202e45e008,s2_supp_recybat24_ea08c2631a1a523a0de6,train,val
3baf58f550202e45e008,s2_supp_recybat24_6c21f4a460043b702abb,train,val
3baf58f550202e45e008,s2_supp_recybat24_5ac590188c5d00ee1696,train,val
3baf58f550202e45e008,s2_supp_recybat24_957601e7f1187318980e,train,val
3baf58f550202e45e008,s2_supp_recybat24_1b6f346d9f6105cd3da0,train,val
3baf58f550202e45e008,s2_supp_recybat24_1406e166476e0a7469a5,train,val
3baf58f550202e45e008,s2_supp_recybat24_415be915f3009200a9ea,train,val
3baf58f550202e45e008,s2_supp_recybat24_2a252ed99409131a5820,train,val
3baf58f550202e45e008,s2_supp_recybat24_8172477f9b57f8c05e9d,train,val
3baf58f550202e45e008,s2_supp_recybat24_c57708bc3d8411f352fd,train,val
3baf58f550202e45e008,s2_supp_recybat24_b08ba4a4b60689a64c74,train,val
3baf58f550202e45e008,s2_supp_recybat24_9c2b1c004d94a93312c1,train,val
3baf58f550202e45e008,s2_supp_recybat24_286b3a63a3db4dccafc8,train,val
3baf58f550202e45e008,s2_supp_recybat24_b6dccc6a97446203aa4f,train,val
3baf58f550202e45e008,s2_supp_recybat24_faa8b13b61f6c5f734b0,train,val
3baf58f550202e45e008,s2_supp_recybat24_7fd29df14f1d7a554f92,train,val
3baf58f550202e45e008,s2_supp_recybat24_8cd6adf4e83f7d6d791f,train,val
3baf58f550202e45e008,s2_supp_recybat24_a45d3e7638379d4675e7,train,val
3baf58f550202e45e008,s2_supp_recybat24_e5981fc12bf08faf02e8,train,val
3baf58f550202e45e008,s2_supp_recybat24_ba1b02911420914e070d,train,val
3baf58f550202e45e008,s2_supp_recybat24_48e60ae58ac5d8eb1875,train,val
3baf58f550202e45e008,s2_supp_recybat24_08919fc891e76ca63078,train,val
3baf58f550202e45e008,s2_supp_recybat24_ddf48df0b2e111a6b559,train,val
3baf58f550202e45e008,s2_supp_recybat24_dfb00d87fc80a78e3680,train,val
3baf58f550202e45e008,s2_supp_recybat24_0791f4f8d6ea25a518ba,train,val
3baf58f550202e45e008,s2_supp_recybat24_7b0914120ab9bd6360bf,train,val
3baf58f550202e45e008,s2_supp_recybat24_51d84efbc40e6d99681e,train,val
3baf58f550202e45e008,s2_supp_recybat24_bf26dee70d94cbd80792,train,val
3baf58f550202e45e008,s2_supp_recybat24_deac0c246786b8201380,train,val
3baf58f550202e45e008,s2_supp_recybat24_cebcec410e3c04ee0318,train,val
3baf58f550202e45e008,s2_supp_recybat24_e4a87c1acfe32c1529f2,train,val
3baf58f550202e45e008,s2_supp_recybat24_d2abf215530d1724ea32,train,val
3baf58f550202e45e008,s2_supp_recybat24_f16ec5346119c2f90535,train,val
3baf58f550202e45e008,s2_supp_recybat24_a3e029ebff79f704a660,train,val
3baf58f550202e45e008,s2_supp_recybat24_0dc61e3f85928d134ee5,train,val
3baf58f550202e45e008,s2_supp_recybat24_95a318646e1a486b4cc3,train,val
3baf58f550202e45e008,s2_supp_recybat24_7b4d77bb7161a886c99b,train,val
3baf58f550202e45e008,s2_supp_recybat24_70bc4f7cb67e3b948f26,train,val
3baf58f550202e45e008,s2_supp_recybat24_267ada4f18b8dd729c75,train,val
3baf58f550202e45e008,s2_supp_recybat24_3fc98d2d5813cdce9326,train,val
3baf58f550202e45e008,s2_supp_recybat24_d71bd07171c13d55d2ac,train,val
3baf58f550202e45e008,s2_supp_recybat24_16b96223341051add5e1,train,val
3baf58f550202e45e008,s2_supp_recybat24_34fe987e99ab2a4f9dd0,train,val
3baf58f550202e45e008,s2_supp_recybat24_be7dc09b84c7d35fdcab,train,val
3baf58f550202e45e008,s2_supp_recybat24_39861ea1dc5355d16fc9,train,val
3baf58f550202e45e008,s2_supp_recybat24_0ffb3869437e60e604a1,train,val
3baf58f550202e45e008,s2_supp_recybat24_bee1641dc0a22a9d260a,train,val
3baf58f550202e45e008,s2_supp_recybat24_b7ad81318449c8a3a228,train,val
3baf58f550202e45e008,s2_supp_recybat24_461ec211cdbc1f0987b7,train,val
3baf58f550202e45e008,s2_supp_recybat24_2a1a5a0c9eab42094f11,train,val
3baf58f550202e45e008,s2_supp_recybat24_e052faf2b1cb9a7dcb22,train,val
3baf58f550202e45e008,s2_supp_recybat24_9e4e64aa40ea74820428,train,val
3baf58f550202e45e008,s2_supp_recybat24_9f7135ff85833f838f66,train,val
3baf58f550202e45e008,s2_supp_recybat24_3411c235186f68e83a0e,train,val
3baf58f550202e45e008,s2_supp_recybat24_d28fb456622fea1152bd,train,val
3baf58f550202e45e008,s2_supp_recybat24_44598fa0d911fec7df3e,train,val
3baf58f550202e45e008,s2_supp_recybat24_e14585c77fa512e00c81,train,val
3baf58f550202e45e008,s2_supp_recybat24_e12470cfb48caac4b9dc,train,val
3baf58f550202e45e008,s2_supp_recybat24_a550ee6905e86e63894c,train,val
3baf58f550202e45e008,s2_supp_recybat24_eda803c52f474e11adf0,train,val
3baf58f550202e45e008,s2_supp_recybat24_13da9bb87688024a1ce3,train,val
3baf58f550202e45e008,s2_supp_recybat24_afbc0a224f03ed4be0d2,train,val
3baf58f550202e45e008,s2_supp_recybat24_acc5595d6cf4bfb97144,train,val
3baf58f550202e45e008,s2_supp_recybat24_ac4f2ebb764f0edcdeea,train,val
3baf58f550202e45e008,s2_supp_recybat24_7cd9ca934bdc417d3c79,train,val
3baf58f550202e45e008,s2_supp_recybat24_c012bab9207c4797fff0,train,val
3baf58f550202e45e008,s2_supp_recybat24_bdb928a1c61de1a6d329,train,val
3baf58f550202e45e008,s2_supp_recybat24_239bb1194242e88d54c4,train,val
3baf58f550202e45e008,s2_supp_recybat24_eab34e3a958c6330a8be,train,val
3baf58f550202e45e008,s2_supp_recybat24_a83552eb2a87c7b959b0,train,val
3baf58f550202e45e008,s2_supp_recybat24_1075dca6bce990a98981,train,val
3baf58f550202e45e008,s2_supp_recybat24_3be61c31e988113cb144,train,val
3baf58f550202e45e008,s2_supp_recybat24_145b4d92abcaa83d8978,train,val
3baf58f550202e45e008,s2_supp_recybat24_977c857cf915ca38bd45,train,val
3baf58f550202e45e008,s2_supp_recybat24_8164f0a1ed42a3d1fa2a,train,val
3baf58f550202e45e008,s2_supp_recybat24_1df6061ecfe3f2ccf55d,train,val
3baf58f550202e45e008,s2_supp_recybat24_ccc19d3e34ec4aeec614,train,val
3baf58f550202e45e008,s2_supp_recybat24_d8baa80904b577032403,train,val
3baf58f550202e45e008,s2_supp_recybat24_7f9249a68398499e225c,train,val
3baf58f550202e45e008,s2_supp_recybat24_9c801b4fd2eb3532cdd7,train,val
3baf58f550202e45e008,s2_supp_recybat24_167cd48d08a7f48635a0,train,val
3baf58f550202e45e008,s2_supp_recybat24_5557625af73ad68dd4ac,train,val
3baf58f550202e45e008,s2_supp_recybat24_ac78ff51584e7e29a95e,train,val
3baf58f550202e45e008,s2_supp_recybat24_3bb4d43850be72b82aa9,train,val
3baf58f550202e45e008,s2_supp_recybat24_348f664dbc160e28f5f2,train,val
3baf58f550202e45e008,s2_supp_recybat24_a10037571a47b45a1bd2,train,val
3baf58f550202e45e008,s2_supp_recybat24_58a2b82c920002faa486,train,val
3baf58f550202e45e008,s2_supp_recybat24_eb2ab270acaa15cc7bd9,train,val
3baf58f550202e45e008,s2_supp_recybat24_37a8066f6d462dce0398,train,val
3baf58f550202e45e008,s2_supp_recybat24_dd406fed7587e29ca47d,train,val
3baf58f550202e45e008,s2_supp_recybat24_705e4a41a51094cf7e6b,train,val
3baf58f550202e45e008,s2_supp_recybat24_d5161826b2d01b241997,train,val
3baf58f550202e45e008,s2_supp_recybat24_6d3b951f0846dd8862ef,train,val
3baf58f550202e45e008,s2_supp_recybat24_eb4b8f59e4a25d69e9b7,train,val
3baf58f550202e45e008,s2_supp_recybat24_8948685380bce23e500c,train,val
3baf58f550202e45e008,s2_supp_recybat24_998d406cbf3c9552b5e9,train,val
3baf58f550202e45e008,s2_supp_recybat24_2edd35d48dfd610c4209,train,val
3baf58f550202e45e008,s2_supp_recybat24_32d82a7f3c66c5ed17d8,train,val
3baf58f550202e45e008,s2_supp_recybat24_aa544b90624e58c925ab,train,val
3baf58f550202e45e008,s2_supp_recybat24_bada94dbc9b3ee807c8c,train,val
3baf58f550202e45e008,s2_supp_recybat24_c11aa44d450131134c1d,train,val
3baf58f550202e45e008,s2_supp_recybat24_df211ba932f3d25d5f2d,train,val
3baf58f550202e45e008,s2_supp_recybat24_7d782ad0c88f90813722,train,val
3baf58f550202e45e008,s2_supp_recybat24_86f265d40333c17b447c,train,val
3baf58f550202e45e008,s2_supp_recybat24_c5a2cfaf57c76f7a1442,train,val
3baf58f550202e45e008,s2_supp_recybat24_79e178e7d5efdd48f188,train,val
3baf58f550202e45e008,s2_supp_recybat24_568f04ed0bc49a49b9e0,train,val
3baf58f550202e45e008,s2_supp_recybat24_4054261aebf7934ced5a,train,val
3baf58f550202e45e008,s2_supp_recybat24_e762ac6f97e636623b1a,train,val
3baf58f550202e45e008,s2_supp_recybat24_8e37b6292ee979e9f163,train,val
3baf58f550202e45e008,s2_supp_recybat24_3652310d2d92fed3c49b,train,val
3baf58f550202e45e008,s2_supp_recybat24_408fb4878269833fe1d4,train,val
3baf58f550202e45e008,s2_supp_recybat24_862c12328fbbb0c8e8b7,train,val
3baf58f550202e45e008,s2_supp_recybat24_fb716c6192c50f85c7a6,train,val
3baf58f550202e45e008,s2_supp_recybat24_ff6abdd937e5ffaa241b,train,val
3baf58f550202e45e008,s2_supp_recybat24_ba5cb3abcf2a417c8217,train,val
3baf58f550202e45e008,s2_supp_recybat24_8ff2323cdef8cd493cc7,train,val
3baf58f550202e45e008,s2_supp_recybat24_80e399ca2ee8b9a4cd46,train,val
3baf58f550202e45e008,s2_supp_recybat24_2c51d583911d1d24e9a3,train,val
3baf58f550202e45e008,s2_supp_recybat24_c5000287e6a6e30d49a0,train,val
3baf58f550202e45e008,s2_supp_recybat24_950ddfcb715bb6c3860c,train,val
3baf58f550202e45e008,s2_supp_recybat24_368c97df09914b5f6fc1,train,val
3baf58f550202e45e008,s2_supp_recybat24_b43bfde00a4fce012980,train,val
3baf58f550202e45e008,s2_supp_recybat24_47942ef49ea6eeab0fa6,train,val
3baf58f550202e45e008,s2_supp_recybat24_00a4814cc3c15597b11d,train,val
3baf58f550202e45e008,s2_supp_recybat24_42a16ed980a564b26dce,train,val
3baf58f550202e45e008,s2_supp_recybat24_531d6d45836d981abc89,train,val
3baf58f550202e45e008,s2_supp_recybat24_67217a70aba86519f43b,train,val
3baf58f550202e45e008,s2_supp_recybat24_b00b23459af6c26dbc5e,train,val
3baf58f550202e45e008,s2_supp_recybat24_315103589ef573490aa4,train,val
3baf58f550202e45e008,s2_supp_recybat24_bec4df2971bf12856886,train,val
3baf58f550202e45e008,s2_supp_recybat24_37b4611cd1477ee98102,train,val
3baf58f550202e45e008,s2_supp_recybat24_65c1218205cdadb79977,train,val
3baf58f550202e45e008,s2_supp_recybat24_b44dba32fa2b8869cd2c,train,val
3baf58f550202e45e008,s2_supp_recybat24_b2f3dd716ed19fbc63e2,train,val
3baf58f550202e45e008,s2_supp_recybat24_e155733e707338d120d8,train,val
3baf58f550202e45e008,s2_supp_recybat24_df14bedf7d234f16185c,train,val
3baf58f550202e45e008,s2_supp_recybat24_faafc1e0035880a45d81,train,val
3baf58f550202e45e008,s2_supp_recybat24_e472ed09f653edcb9b5f,train,val
3baf58f550202e45e008,s2_supp_recybat24_70106db1fbbd7e46a025,train,val
3baf58f550202e45e008,s2_supp_recybat24_15a239757a924c68e08c,train,val
3baf58f550202e45e008,s2_supp_recybat24_d9f357f3185a4178461a,train,val
3baf58f550202e45e008,s2_supp_recybat24_217a0098b46a093315a6,train,val
3baf58f550202e45e008,s2_supp_recybat24_4621568dbd81acb5b7e9,train,val
3baf58f550202e45e008,s2_supp_recybat24_8c91e435d20b5dc2d1e4,train,val
3baf58f550202e45e008,s2_supp_recybat24_23fec4e968696f36d06d,train,val
3baf58f550202e45e008,s2_supp_recybat24_ba9d3f412629de6ee0a1,train,val
3baf58f550202e45e008,s2_supp_recybat24_a96152eec966ef3f189f,train,val
3baf58f550202e45e008,s2_supp_recybat24_4d2cd04aef58aa7a57e1,train,val
3baf58f550202e45e008,s2_supp_recybat24_0359292d1a11d394962a,train,val
3baf58f550202e45e008,s2_supp_recybat24_2311b0746aaedfd0b634,train,val
3baf58f550202e45e008,s2_supp_recybat24_bd81a52abbfaf00cd40a,train,val
3baf58f550202e45e008,s2_supp_recybat24_9146dbf707aea5afe76d,train,val
3baf58f550202e45e008,s2_supp_recybat24_b889f9014575b70f6c39,train,val
3baf58f550202e45e008,s2_supp_recybat24_5e237c81303ff1237ff0,train,val
3baf58f550202e45e008,s2_supp_recybat24_5ab054d7f2b5fba766fe,train,val
3baf58f550202e45e008,s2_supp_recybat24_efa1b20d946815b131f8,train,val
3baf58f550202e45e008,s2_supp_recybat24_677fc4a2bc893054b068,train,val
3baf58f550202e45e008,s2_supp_recybat24_4f04b4ab17e028c98669,train,val
3baf58f550202e45e008,s2_supp_recybat24_738a765dd2cf0d8d357a,train,val
3baf58f550202e45e008,s2_supp_recybat24_c089f46ef969fbc74b51,train,val
3baf58f550202e45e008,s2_supp_recybat24_62cb89ce66d108cdd973,train,val
3baf58f550202e45e008,s2_supp_recybat24_3177faab12d7f4850c4c,train,val
3baf58f550202e45e008,s2_supp_recybat24_580b17739f5ef9a49f5e,train,val
3baf58f550202e45e008,s2_supp_recybat24_ac7744b468969ac727c3,train,val
3baf58f550202e45e008,s2_supp_recybat24_f1dea524af150ebf3daa,train,val
3baf58f550202e45e008,s2_supp_recybat24_0f1764d4b306479575f5,train,val
3baf58f550202e45e008,s2_supp_recybat24_48ed2ca8f41a3a3c8f84,train,val
3baf58f550202e45e008,s2_supp_recybat24_f7fe068c69be613a2dbe,train,val
3baf58f550202e45e008,s2_supp_recybat24_f8afbaaa34fd1343799d,train,val
3baf58f550202e45e008,s2_supp_recybat24_e5ba3db2cb68926896b4,train,val
3baf58f550202e45e008,s2_supp_recybat24_e603b1abb1841aa2f280,train,val
3baf58f550202e45e008,s2_supp_recybat24_613e1423445ad9a9ac66,train,val
3baf58f550202e45e008,s2_supp_recybat24_cc2a2d9a76ae06581559,train,val
3baf58f550202e45e008,s2_supp_recybat24_5f08282837e70eebe406,train,val
3baf58f550202e45e008,s2_supp_recybat24_96f4524729f471a49d12,train,val
3baf58f550202e45e008,s2_supp_recybat24_ec646a1ae485d95f6701,train,val
3baf58f550202e45e008,s2_supp_recybat24_8baf4f4eb17444a80a07,train,val
3baf58f550202e45e008,s2_supp_recybat24_789da455d159165ed688,train,val
3baf58f550202e45e008,s2_supp_recybat24_c1cde0a6796e765819eb,train,val
3baf58f550202e45e008,s2_supp_recybat24_e416bbfb28a7653630a4,train,val
3baf58f550202e45e008,s2_supp_recybat24_f155c127bc98d014913c,train,val
3baf58f550202e45e008,s2_supp_recybat24_a4f2b54323ac2d7ad151,train,val
3baf58f550202e45e008,s2_supp_recybat24_1a326a1cfccdd970444b,train,val
3baf58f550202e45e008,s2_supp_recybat24_0fe4db94267a6dedf903,train,val
3baf58f550202e45e008,s2_supp_recybat24_04566b8138d38e082553,train,val
3baf58f550202e45e008,s2_supp_recybat24_6cf37656ec8ae18db84d,train,val
3baf58f550202e45e008,s2_supp_recybat24_3b42f8c1695d8604490d,train,val
3baf58f550202e45e008,s2_supp_recybat24_5bde9c0c002c41d41ad1,train,val
3baf58f550202e45e008,s2_supp_recybat24_b12cca3d35e07251c908,train,val
3baf58f550202e45e008,s2_supp_recybat24_16c05a2f4877049bfc3a,train,val
3baf58f550202e45e008,s2_supp_recybat24_32c89e0f87852aec66a9,train,val
3baf58f550202e45e008,s2_supp_recybat24_3d357f896d7a96099521,train,val
3baf58f550202e45e008,s2_supp_recybat24_2a8cf0eb0a4d9cc258b2,train,val
3baf58f550202e45e008,s2_supp_recybat24_b6d3df62a11aaaafe3ea,train,val
3baf58f550202e45e008,s2_supp_recybat24_88a6f1762588ae613bd5,train,val
3baf58f550202e45e008,s2_supp_recybat24_1d0380804aa209da7bb5,train,val
3baf58f550202e45e008,s2_supp_recybat24_9ebef22f3cc39c8e3a19,train,val
3baf58f550202e45e008,s2_supp_recybat24_775286b82c241154fcc4,train,val
3baf58f550202e45e008,s2_supp_recybat24_f124a65416e621186b23,train,val
3baf58f550202e45e008,s2_supp_recybat24_1dd6134a8024c8f4ea72,train,val
3baf58f550202e45e008,s2_supp_recybat24_8a24896bf0e2f67f847f,train,val
3baf58f550202e45e008,s2_supp_recybat24_9383f31dc345622c16c0,train,val
3baf58f550202e45e008,s2_supp_recybat24_906ac7af32f75cfdd57c,train,val
3baf58f550202e45e008,s2_supp_recybat24_935052529ba2b87b6ab9,train,val
3baf58f550202e45e008,s2_supp_recybat24_f064358b3b8d5a497181,train,val
3baf58f550202e45e008,s2_supp_recybat24_cd8dbfeed92144325d03,train,val
3baf58f550202e45e008,s2_supp_recybat24_bfbc4daa589766b3c66b,train,val
3baf58f550202e45e008,s2_supp_recybat24_c9d5a452d7787a3f4e01,train,val
3baf58f550202e45e008,s2_supp_recybat24_d78a899cfb4e515b38bd,train,val
3baf58f550202e45e008,s2_supp_recybat24_5bba5c6e65c4b947ef4f,train,val
3baf58f550202e45e008,s2_supp_recybat24_26f8eb6a9da3341625f6,train,val
3baf58f550202e45e008,s2_supp_recybat24_b7d1cda5a352678e8668,train,val
3baf58f550202e45e008,s2_supp_recybat24_b431f68237cc59b26f9d,train,val
3baf58f550202e45e008,s2_supp_recybat24_49ea762d116a701ab644,train,val
3baf58f550202e45e008,s2_supp_recybat24_c77b69fac551eedae47a,train,val
3baf58f550202e45e008,s2_supp_recybat24_0836df671e9f5b818087,train,val
3baf58f550202e45e008,s2_supp_recybat24_58302b7712570cd45412,train,val
3baf58f550202e45e008,s2_supp_recybat24_8f009246b6e3cce4afc6,train,val
3baf58f550202e45e008,s2_supp_recybat24_327de97e88cd621ec868,train,val
3baf58f550202e45e008,s2_supp_recybat24_e023529fc4846f009e1c,train,val
3baf58f550202e45e008,s2_supp_recybat24_e6253eee591fe5c36fd5,train,val
3baf58f550202e45e008,s2_supp_recybat24_1717e2047f5bb6460a84,train,val
3baf58f550202e45e008,s2_supp_recybat24_ba7d86a9d660aed1af09,train,val
3baf58f550202e45e008,s2_supp_recybat24_6a515bf0cebc82b8ca7e,train,val
3baf58f550202e45e008,s2_supp_recybat24_aea232928f883e0d4a9e,train,val
3baf58f550202e45e008,s2_supp_recybat24_239fb7550ac9667c4198,train,val
3baf58f550202e45e008,s2_supp_recybat24_708a6888bcbd9fd898db,train,val
3baf58f550202e45e008,s2_supp_recybat24_33e7a0749876b494b685,train,val
3baf58f550202e45e008,s2_supp_recybat24_3581815e551eca02c15d,train,val
3baf58f550202e45e008,s2_supp_recybat24_b92236e28e4075a0e2b1,train,val
3baf58f550202e45e008,s2_supp_recybat24_1e3e74bffb1fd34774bc,train,val
3baf58f550202e45e008,s2_supp_recybat24_8abb28bf25cd7deaf0b3,train,val
3baf58f550202e45e008,s2_supp_recybat24_922617ab12aad38fc365,train,val
3baf58f550202e45e008,s2_supp_recybat24_8c7fdacfd29b3a41c0de,train,val
3baf58f550202e45e008,s2_supp_recybat24_5c268485b06aa1aed8e2,train,val
3baf58f550202e45e008,s2_supp_recybat24_c0691daf1e71a0a2915a,train,val
3baf58f550202e45e008,s2_supp_recybat24_3b39a57c623c9fb1ab67,train,val
3baf58f550202e45e008,s2_supp_recybat24_fff6fd16ae30b660bc9c,train,val
3baf58f550202e45e008,s2_supp_recybat24_68ecaf9c27f60bf182d1,train,val
3baf58f550202e45e008,s2_supp_recybat24_ffc5fd246bd9b7348b7b,train,val
3baf58f550202e45e008,s2_supp_recybat24_6a3d664cc3de05183fb2,train,val
3baf58f550202e45e008,s2_supp_recybat24_98b0febd6fa17d2c0f71,train,val
3baf58f550202e45e008,s2_supp_recybat24_ca4e8ba3060040fc1331,train,val
3baf58f550202e45e008,s2_supp_recybat24_f152acae6b586181a2bf,train,val
3baf58f550202e45e008,s2_supp_recybat24_c5fb283d8a73ed71bfb2,train,val
3baf58f550202e45e008,s2_supp_recybat24_c1343986afdbe9e14c31,train,val
3baf58f550202e45e008,s2_supp_recybat24_e2fa90b7159058c37f94,train,val
3baf58f550202e45e008,s2_supp_recybat24_965c0a2bd84437b10292,train,val
3baf58f550202e45e008,s2_supp_recybat24_68333f9714e95f056ff5,train,val
3baf58f550202e45e008,s2_supp_recybat24_8c897f5f0cb9f26edef8,train,val
3baf58f550202e45e008,s2_supp_recybat24_e050a171ae8eba52b2c7,train,val
3baf58f550202e45e008,s2_supp_recybat24_5e5d2b0f1d232bd26624,train,val
3baf58f550202e45e008,s2_supp_recybat24_126ff943f9698b9f628a,train,val
3baf58f550202e45e008,s2_supp_recybat24_8037192148f22d994755,train,val
3baf58f550202e45e008,s2_supp_recybat24_36095537b19822522b0b,train,val
3baf58f550202e45e008,s2_supp_recybat24_795f939ed8c4d0884eb7,train,val
3baf58f550202e45e008,s2_supp_recybat24_f310e8cc0c977e323f6b,train,val
3baf58f550202e45e008,s2_supp_recybat24_103770efec2d9e3b8a49,train,val
3baf58f550202e45e008,s2_supp_recybat24_62f0a27f311243f5c88e,train,val
3baf58f550202e45e008,s2_supp_recybat24_767631b3aca77b7aa356,train,val
3baf58f550202e45e008,s2_supp_recybat24_44fdbda3e2ac77a0dfb8,train,val
3baf58f550202e45e008,s2_supp_recybat24_68fc85aa091c713446c4,train,val
3baf58f550202e45e008,s2_supp_recybat24_8891b4f81c55e009e503,train,val
3baf58f550202e45e008,s2_supp_recybat24_6ae7a7fe03a3f8218c31,train,val
3baf58f550202e45e008,s2_supp_recybat24_3dfe6d19371289f60689,train,val
3baf58f550202e45e008,s2_supp_recybat24_a8abc0571bcaa7a1245c,train,val
3baf58f550202e45e008,s2_supp_recybat24_7d78fc88773e32808882,train,val
3baf58f550202e45e008,s2_supp_recybat24_d038405310d6170d652e,train,val
3baf58f550202e45e008,s2_supp_recybat24_642656811375a9700a95,train,val
3baf58f550202e45e008,s2_supp_recybat24_35f185cf88f1ecc45c25,train,val
3baf58f550202e45e008,s2_supp_recybat24_7b79573569425f86989e,train,val
3baf58f550202e45e008,s2_supp_recybat24_d33a6cdb0a5cd83b7115,train,val
3baf58f550202e45e008,s2_supp_recybat24_e6910475a1f96d0ae704,train,val
3baf58f550202e45e008,s2_supp_recybat24_aca0ba8f7963aee2b55a,train,val
3baf58f550202e45e008,s2_supp_recybat24_d9535f7e23b1df56322f,train,val
3baf58f550202e45e008,s2_supp_recybat24_fcf270e82fb1c9d65dba,train,val
3baf58f550202e45e008,s2_supp_recybat24_6d9111d871a08b175e41,train,val
3baf58f550202e45e008,s2_supp_recybat24_3dc03191702200056270,train,val
3baf58f550202e45e008,s2_supp_recybat24_0d4c415ebb9af3289926,train,val
3baf58f550202e45e008,s2_supp_recybat24_0da82a5bb31539b19a91,train,val
3baf58f550202e45e008,s2_supp_recybat24_1237732f5d8ad18c3725,train,val
3baf58f550202e45e008,s2_supp_recybat24_f2d98b750640870b115d,train,val
3baf58f550202e45e008,s2_supp_recybat24_54199021624f128e632d,train,val
3baf58f550202e45e008,s2_supp_recybat24_2d419b131a1e67c364b6,train,val
3baf58f550202e45e008,s2_supp_recybat24_fb05da4208dac5b96924,train,val
3baf58f550202e45e008,s2_supp_recybat24_1e5fe7096726ed56f2f1,train,val
3baf58f550202e45e008,s2_supp_recybat24_f22491be799869b0658c,train,val
3baf58f550202e45e008,s2_supp_recybat24_751ff08a798d0be1744f,train,val
3baf58f550202e45e008,s2_supp_recybat24_c5f0476ba829a717974d,train,val
3baf58f550202e45e008,s2_supp_recybat24_822dbc141a61f3cccd10,train,val
3baf58f550202e45e008,s2_supp_recybat24_4e6ee2138ef274d72e91,train,val
3baf58f550202e45e008,s2_supp_recybat24_70b58e7e712082f9bef1,train,val
3baf58f550202e45e008,s2_supp_recybat24_df958389566e8f271ba9,train,val
3baf58f550202e45e008,s2_supp_recybat24_a55e5da19682c0097ae9,train,val
3baf58f550202e45e008,s2_supp_recybat24_8671fe7e04b73d774bed,train,val
04f60cf3598da0ac8cc7,s2_supp_recybat24_65ed6d2b668a5fd97056,train,test
04f60cf3598da0ac8cc7,s2_supp_recybat24_66fdd424f9049daaaf45,train,test
04f60cf3598da0ac8cc7,s2_supp_recybat24_71803bcb5a6c31332167,train,test
04f60cf3598da0ac8cc7,s2_supp_recybat24_3f0646d4ee0b9489f9c6,train,test
04f60cf3598da0ac8cc7,s2_supp_recybat24_f393a9dcf27754538a36,train,test
04f60cf3598da0ac8cc7,s2_supp_recybat24_f5ec2907cf928fee6318,train,test
04f60cf3598da0ac8cc7,s2_supp_recybat24_3b4fb1ab74115684d893,train,test
04f60cf3598da0ac8cc7,s2_supp_recybat24_96712c984a165c44bc74,train,test
04f60cf3598da0ac8cc7,s2_supp_recybat24_5fcb479f1ed308917251,train,test
04f60cf3598da0ac8cc7,s2_supp_recybat24_45f7568e3e8e043749ce,train,test
04f60cf3598da0ac8cc7,s2_supp_recybat24_bdeaa653e71f45ebcb86,train,test
04f60cf3598da0ac8cc7,s2_supp_recybat24_be197ef9c45bb8dacd51,train,test
04f60cf3598da0ac8cc7,s2_supp_recybat24_f3c4faf8fe92e3712aa3,train,test
04f60cf3598da0ac8cc7,s2_supp_recybat24_7b1e51cdcd0c37d351f4,train,test
04f60cf3598da0ac8cc7,s2_supp_recybat24_d09d1db96d351c24aae0,train,test
04f60cf3598da0ac8cc7,s2_supp_recybat24_3aced861dafa587b74fc,train,test
04f60cf3598da0ac8cc7,s2_supp_recybat24_464ec4ac866f364f5df3,train,test
04f60cf3598da0ac8cc7,s2_supp_recybat24_1d881130fa45305d538e,train,test
04f60cf3598da0ac8cc7,s2_supp_recybat24_630d2ca1217e3cc9ebc3,train,test
04f60cf3598da0ac8cc7,s2_supp_recybat24_c1b3d58995b045f5f202,train,test
04f60cf3598da0ac8cc7,s2_supp_recybat24_466be801450f593aa980,train,test
04f60cf3598da0ac8cc7,s2_supp_recybat24_bf6457b42a34ac22f968,train,test
04f60cf3598da0ac8cc7,s2_supp_recybat24_2ed2b50a346357c703be,train,test
04f60cf3598da0ac8cc7,s2_supp_recybat24_5fcdaf8dce8515056a77,train,test
04f60cf3598da0ac8cc7,s2_supp_recybat24_09615a4c6382e4b8e73f,train,test
04f60cf3598da0ac8cc7,s2_supp_recybat24_5d410f720580efaf0907,train,test
04f60cf3598da0ac8cc7,s2_supp_recybat24_0eead2f3c189bc29290d,train,test
04f60cf3598da0ac8cc7,s2_supp_recybat24_06d9e408eeafe3c43e68,train,test
04f60cf3598da0ac8cc7,s2_supp_recybat24_f03274d377bb60e17d92,train,test
04f60cf3598da0ac8cc7,s2_supp_recybat24_38cfa4b33af8138833cb,train,test
078a7f2e5ef89d5e3ec8,s2_supp_recybat24_c99fb1864af7d03e3a15,train,test
078a7f2e5ef89d5e3ec8,s2_supp_recybat24_b446816236073938ad20,train,test
078a7f2e5ef89d5e3ec8,s2_supp_recybat24_ae9f2f6ade99e11da625,train,test
078a7f2e5ef89d5e3ec8,s2_supp_recybat24_4d5a908f8a934c219a31,train,test
078a7f2e5ef89d5e3ec8,s2_supp_recybat24_3e6307a3adb1f8fda170,train,test
078a7f2e5ef89d5e3ec8,s2_supp_recybat24_d636b64e5f1148a49488,train,test
078a7f2e5ef89d5e3ec8,s2_supp_recybat24_f49cf6cb59fc6f033833,train,test
078a7f2e5ef89d5e3ec8,s2_supp_recybat24_2137981b31febcbd0663,train,test
078a7f2e5ef89d5e3ec8,s2_supp_recybat24_31a4db486190c3bab553,train,test
078a7f2e5ef89d5e3ec8,s2_supp_recybat24_9b65383d9c407d21e7c2,train,test
078a7f2e5ef89d5e3ec8,s2_supp_recybat24_0d3b0ff8107a53c4bfe0,train,test
078a7f2e5ef89d5e3ec8,s2_supp_recybat24_0fe16839fcb142a31e94,train,test
078a7f2e5ef89d5e3ec8,s2_supp_recybat24_57fa5941f8c7ed286993,train,test
078a7f2e5ef89d5e3ec8,s2_supp_recybat24_b6843c55da3436509ed3,train,test
078a7f2e5ef89d5e3ec8,s2_supp_recybat24_47ca8277b4f00c939b8d,train,test
078a7f2e5ef89d5e3ec8,s2_supp_recybat24_554e540d44384f7277f0,train,test
078a7f2e5ef89d5e3ec8,s2_supp_recybat24_11464f0adf553cdf6250,train,test
078a7f2e5ef89d5e3ec8,s2_supp_recybat24_706a55ec20854968d3a1,train,test
078a7f2e5ef89d5e3ec8,s2_supp_recybat24_67bda0ae9ef61dd99f41,train,test
078a7f2e5ef89d5e3ec8,s2_supp_recybat24_248f4984f21462e53dfa,train,test
078a7f2e5ef89d5e3ec8,s2_supp_recybat24_b08f4cbd123ed6f30696,train,test
078a7f2e5ef89d5e3ec8,s2_supp_recybat24_f558365757a425887d88,train,test
078a7f2e5ef89d5e3ec8,s2_supp_recybat24_0eda6093514c166f76a3,train,test
078a7f2e5ef89d5e3ec8,s2_supp_recybat24_b7fec51630325b194983,train,test
078a7f2e5ef89d5e3ec8,s2_supp_recybat24_fd4682fc485191ab9e9b,train,test
078a7f2e5ef89d5e3ec8,s2_supp_recybat24_21e9e651942cf98b4b6f,train,test
078a7f2e5ef89d5e3ec8,s2_supp_recybat24_77a06caefb58176585f2,train,test
078a7f2e5ef89d5e3ec8,s2_supp_recybat24_073503d55a2eccb5e591,train,test
078a7f2e5ef89d5e3ec8,s2_supp_recybat24_be997cfc529e23905b7f,train,test
078a7f2e5ef89d5e3ec8,s2_supp_recybat24_971f171e0bae1b692ec2,train,test
0cd8f0b95fe148b4af5f,s2_supp_recybat24_c31a02c06f11055ba359,train,val
0cd8f0b95fe148b4af5f,s2_supp_recybat24_cbe5d91b269ed6f882be,train,val
0cd8f0b95fe148b4af5f,s2_supp_recybat24_ec3d17501dfd9d7d9dd0,train,val
0cd8f0b95fe148b4af5f,s2_supp_recybat24_22a9b138599801df3d6f,train,val
0cd8f0b95fe148b4af5f,s2_supp_recybat24_dfb1b0c0e356ca364698,train,val
0cd8f0b95fe148b4af5f,s2_supp_recybat24_87151c1485526c3f692c,train,val
0cd8f0b95fe148b4af5f,s2_supp_recybat24_b5cf2dff3adbd3177b24,train,val
0cd8f0b95fe148b4af5f,s2_supp_recybat24_0ccfdecde5af02071848,train,val
0cd8f0b95fe148b4af5f,s2_supp_recybat24_43066d5692191acc1074,train,val
0cd8f0b95fe148b4af5f,s2_supp_recybat24_0f4bc1ab571e451a78b6,train,val
0cd8f0b95fe148b4af5f,s2_supp_recybat24_22a2439b12757e8e13d7,train,val
0cd8f0b95fe148b4af5f,s2_supp_recybat24_461c57ad811b751d287c,train,val
0cd8f0b95fe148b4af5f,s2_supp_recybat24_188bd8742e1efcb98f02,train,val
0cd8f0b95fe148b4af5f,s2_supp_recybat24_151a13cbf22f9265dca7,train,val
0cd8f0b95fe148b4af5f,s2_supp_recybat24_fb1e303ed409f87fa7e9,train,val
0cd8f0b95fe148b4af5f,s2_supp_recybat24_5f6aedbdd0a3b54f5333,train,val
0cd8f0b95fe148b4af5f,s2_supp_recybat24_77e07cc55024154c2ff3,train,val
0cd8f0b95fe148b4af5f,s2_supp_recybat24_0a234149d140c1c7271e,train,val
0cd8f0b95fe148b4af5f,s2_supp_recybat24_34713e2eba8a2bf1f075,train,val
0cd8f0b95fe148b4af5f,s2_supp_recybat24_6a4fe3faff9d360f2c73,train,val
0cd8f0b95fe148b4af5f,s2_supp_recybat24_c44fd240cc92871717a8,train,val
0cd8f0b95fe148b4af5f,s2_supp_recybat24_3819303206c2042438af,train,val
0cd8f0b95fe148b4af5f,s2_supp_recybat24_f09a35bd0cdd82dfb871,train,val
0cd8f0b95fe148b4af5f,s2_supp_recybat24_776d64d7e0ba0523757d,train,val
0cd8f0b95fe148b4af5f,s2_supp_recybat24_eb99188c1de5bb23437f,train,val
0cd8f0b95fe148b4af5f,s2_supp_recybat24_bf908e7aab03e570868b,train,val
0cd8f0b95fe148b4af5f,s2_supp_recybat24_4de9e6e495da10e136ab,train,val
0cd8f0b95fe148b4af5f,s2_supp_recybat24_5cabcf7c94083526a010,train,val
0cd8f0b95fe148b4af5f,s2_supp_recybat24_09658b4aec0f0b2a5127,train,val
0cd8f0b95fe148b4af5f,s2_supp_recybat24_70b7e5d17d4b5b0ab4ee,train,val
388d244b2c9993c2aa63,s2_supp_recybat24_1652d5f71ee92dc437cd,train,test
388d244b2c9993c2aa63,s2_supp_recybat24_5dc747b0c47f21b850ed,train,test
388d244b2c9993c2aa63,s2_supp_recybat24_21adf7c9bdfee9df9c2c,train,test
388d244b2c9993c2aa63,s2_supp_recybat24_1550303e25198bc0f02b,train,test
388d244b2c9993c2aa63,s2_supp_recybat24_fbe5301624ab80cdcb02,train,test
388d244b2c9993c2aa63,s2_supp_recybat24_67bf39b971c89716824d,train,test
388d244b2c9993c2aa63,s2_supp_recybat24_84bc02bb9353db91f96a,train,test
388d244b2c9993c2aa63,s2_supp_recybat24_5c15f002614d050a0482,train,test
388d244b2c9993c2aa63,s2_supp_recybat24_143751f5dd08d656b521,train,test
388d244b2c9993c2aa63,s2_supp_recybat24_11a0978385552f8bf825,train,test
388d244b2c9993c2aa63,s2_supp_recybat24_dafcde4c80493f5e4438,train,test
388d244b2c9993c2aa63,s2_supp_recybat24_bcd3e5905d279e457cac,train,test
388d244b2c9993c2aa63,s2_supp_recybat24_5a716ba4c36526d3e992,train,test
388d244b2c9993c2aa63,s2_supp_recybat24_d1c7fa3846f73de66892,train,test
388d244b2c9993c2aa63,s2_supp_recybat24_1a3b9a257b7c2715f72f,train,test
388d244b2c9993c2aa63,s2_supp_recybat24_127bb6dfdabdc65274e8,train,test
388d244b2c9993c2aa63,s2_supp_recybat24_43e3cb92c09910f8c112,train,test
388d244b2c9993c2aa63,s2_supp_recybat24_0d32539a001bd5388659,train,test
388d244b2c9993c2aa63,s2_supp_recybat24_ab7561079bed146b07cf,train,test
388d244b2c9993c2aa63,s2_supp_recybat24_4d5169e1545cf7938a17,train,test
388d244b2c9993c2aa63,s2_supp_recybat24_e433298529914db6baa9,train,test
388d244b2c9993c2aa63,s2_supp_recybat24_788c377abbb4608eccf0,train,test
388d244b2c9993c2aa63,s2_supp_recybat24_0491bfee9eb301a982da,train,test
388d244b2c9993c2aa63,s2_supp_recybat24_cd06293f4c053f83af71,train,test
388d244b2c9993c2aa63,s2_supp_recybat24_58d0ff8e72edb921c479,train,test
388d244b2c9993c2aa63,s2_supp_recybat24_83901b534667f8301b0e,train,test
388d244b2c9993c2aa63,s2_supp_recybat24_c358e2268f1c5ce53d44,train,test
388d244b2c9993c2aa63,s2_supp_recybat24_2072efd94a02e11b1b85,train,test
388d244b2c9993c2aa63,s2_supp_recybat24_12d22a1cb4072d1228dd,train,test
388d244b2c9993c2aa63,s2_supp_recybat24_5b91c23da33b67b54704,train,test
388d244b2c9993c2aa63,s2_supp_recybat24_2f65ece9880b2d22ffc7,train,test
388d244b2c9993c2aa63,s2_supp_recybat24_c4e54709c99b4ffd6ac7,train,test
388d244b2c9993c2aa63,s2_supp_recybat24_5de2b3983a3ab0a92c41,train,test
388d244b2c9993c2aa63,s2_supp_recybat24_3731a119361254b09455,train,test
388d244b2c9993c2aa63,s2_supp_recybat24_af425c589d18e6942497,train,test
388d244b2c9993c2aa63,s2_supp_recybat24_8ce6c2a803b41f74ee53,train,test
388d244b2c9993c2aa63,s2_supp_recybat24_517ebff1beec861092f6,train,test
388d244b2c9993c2aa63,s2_supp_recybat24_146a44cef23ce3964581,train,test
388d244b2c9993c2aa63,s2_supp_recybat24_e24fb237ea05337f0564,train,test
388d244b2c9993c2aa63,s2_supp_recybat24_aae9d313c2d8f9a105ed,train,test
388d244b2c9993c2aa63,s2_supp_recybat24_927d400d8878a5b0c05e,train,test
388d244b2c9993c2aa63,s2_supp_recybat24_0b6d789c8abe16198f07,train,test
388d244b2c9993c2aa63,s2_supp_recybat24_c918fc5b844369aa597a,train,test
388d244b2c9993c2aa63,s2_supp_recybat24_6109155e4397e50aefc4,train,test
388d244b2c9993c2aa63,s2_supp_recybat24_2157dd0b61500cce26d7,train,test
032c21b34fbe34359d1c,s2_supp_recybat24_8c7e126189485b4f8920,train,test
032c21b34fbe34359d1c,s2_supp_recybat24_b258dda1a59caa860eb0,train,test
032c21b34fbe34359d1c,s2_supp_recybat24_dd397d7b01e432688422,train,test
032c21b34fbe34359d1c,s2_supp_recybat24_b86ae682fb0dd3587286,train,test
032c21b34fbe34359d1c,s2_supp_recybat24_42928febb6ee003151c0,train,test
032c21b34fbe34359d1c,s2_supp_recybat24_c80dc8d843250b19141f,train,test
032c21b34fbe34359d1c,s2_supp_recybat24_43e27c39a998d12a26f1,train,test
032c21b34fbe34359d1c,s2_supp_recybat24_e8f5098ede52e5ebd1da,train,test
032c21b34fbe34359d1c,s2_supp_recybat24_6db5a8f6a21865aa6023,train,test
032c21b34fbe34359d1c,s2_supp_recybat24_9af5513734db506b6ec8,train,test
032c21b34fbe34359d1c,s2_supp_recybat24_39e84b742fa3e6c84c24,train,test
032c21b34fbe34359d1c,s2_supp_recybat24_8a9596adb672586337c3,train,test
032c21b34fbe34359d1c,s2_supp_recybat24_55ac9668552d2ce34d70,train,test
032c21b34fbe34359d1c,s2_supp_recybat24_453ba8df99c931d414f0,train,test
032c21b34fbe34359d1c,s2_supp_recybat24_e4354cef597ad6af19b3,train,test
032c21b34fbe34359d1c,s2_supp_recybat24_74717c0f1f1d9424e825,train,test
032c21b34fbe34359d1c,s2_supp_recybat24_84df95baa3bdc110551e,train,test
032c21b34fbe34359d1c,s2_supp_recybat24_7e2c3b223e1e9a8bf5b2,train,test
032c21b34fbe34359d1c,s2_supp_recybat24_b674c612ce1a8a21c528,train,test
032c21b34fbe34359d1c,s2_supp_recybat24_643ad90068cdfdcb4a20,train,test
032c21b34fbe34359d1c,s2_supp_recybat24_68c8565c5218b1314f78,train,test
032c21b34fbe34359d1c,s2_supp_recybat24_61080414707e4ed308f2,train,test
032c21b34fbe34359d1c,s2_supp_recybat24_2c0f1e9c2798e32b2769,train,test
032c21b34fbe34359d1c,s2_supp_recybat24_c16ee78dc784b1309978,train,test
032c21b34fbe34359d1c,s2_supp_recybat24_caeaaa35d7365915806a,train,test
032c21b34fbe34359d1c,s2_supp_recybat24_78d6645c6050a4e0dfb2,train,test
032c21b34fbe34359d1c,s2_supp_recybat24_716c00c7b3c2028bc042,train,test
032c21b34fbe34359d1c,s2_supp_recybat24_126a489fc7c59911eca7,train,test
032c21b34fbe34359d1c,s2_supp_recybat24_063d53aa25875e0ee2d4,train,test
032c21b34fbe34359d1c,s2_supp_recybat24_540029f1dd9972d9d226,train,test
029bba6a4a99d91d3cc6,s2_supp_recybat24_c82d2e046890789d2f3e,train,val
029bba6a4a99d91d3cc6,s2_supp_recybat24_96351035fa7a95663ecc,train,val
029bba6a4a99d91d3cc6,s2_supp_recybat24_4da5776dc838feae4a2b,train,val
029bba6a4a99d91d3cc6,s2_supp_recybat24_efedc905b66770a24edb,train,val
029bba6a4a99d91d3cc6,s2_supp_recybat24_04520875069df1817ea8,train,val
029bba6a4a99d91d3cc6,s2_supp_recybat24_6cf5aea9f428bbb274c4,train,val
029bba6a4a99d91d3cc6,s2_supp_recybat24_61ba730b8c8011fe340f,train,val
029bba6a4a99d91d3cc6,s2_supp_recybat24_237f3e49cbb4eec8e0de,train,val
029bba6a4a99d91d3cc6,s2_supp_recybat24_11c89e666c64b6f0cc7a,train,val
029bba6a4a99d91d3cc6,s2_supp_recybat24_bfdcf07066c7266e2ba0,train,val
029bba6a4a99d91d3cc6,s2_supp_recybat24_3ae73b6f9d68f36aadf2,train,val
029bba6a4a99d91d3cc6,s2_supp_recybat24_7c9e78875f9c6079edf3,train,val
029bba6a4a99d91d3cc6,s2_supp_recybat24_e2b6ae1010d295e5ea62,train,val
029bba6a4a99d91d3cc6,s2_supp_recybat24_3835012c7280f18051ad,train,val
029bba6a4a99d91d3cc6,s2_supp_recybat24_010b204273a8f2bcd692,train,val
a7bf34e6ee3d335a6ac1,s2_supp_recybat24_2b133a8cc24bc63654ca,train,test
a7bf34e6ee3d335a6ac1,s2_supp_recybat24_77e7d366a64d464d68c4,train,test
a7bf34e6ee3d335a6ac1,s2_supp_recybat24_0c50202081dae0c0ea48,train,test
a7bf34e6ee3d335a6ac1,s2_supp_recybat24_aefe771d8640233907ed,train,test
a7bf34e6ee3d335a6ac1,s2_supp_recybat24_5405da7f3fa225a2c77a,train,test
a7bf34e6ee3d335a6ac1,s2_supp_recybat24_d82a02b476b5f3af2dde,train,test
a7bf34e6ee3d335a6ac1,s2_supp_recybat24_449f864aa9bcccc5b6e5,train,test
a7bf34e6ee3d335a6ac1,s2_supp_recybat24_969fe78247e686ec8ebd,train,test
a7bf34e6ee3d335a6ac1,s2_supp_recybat24_2187c7c5a4beab06d1bc,train,test
a7bf34e6ee3d335a6ac1,s2_supp_recybat24_cc223b461da4bf0fe05d,train,test
a7bf34e6ee3d335a6ac1,s2_supp_recybat24_cd7b7b12f2aa0f0cd491,train,test
a7bf34e6ee3d335a6ac1,s2_supp_recybat24_bc5d5b3d560afe1a3d2f,train,test
a7bf34e6ee3d335a6ac1,s2_supp_recybat24_069d88721ad6df6fa779,train,test
a7bf34e6ee3d335a6ac1,s2_supp_recybat24_3e6c518736d742c63ba9,train,test
a7bf34e6ee3d335a6ac1,s2_supp_recybat24_d7291cc2b11bb66d1b82,train,test
a7bf34e6ee3d335a6ac1,s2_supp_recybat24_aaf785c2c9204d3fe6c8,train,test
a7bf34e6ee3d335a6ac1,s2_supp_recybat24_e11fcca73667399c7bcc,train,test
a7bf34e6ee3d335a6ac1,s2_supp_recybat24_a1f1f9436ecd269a4d74,train,test
a7bf34e6ee3d335a6ac1,s2_supp_recybat24_c5f0170e8f859b7257a9,train,test
a7bf34e6ee3d335a6ac1,s2_supp_recybat24_1c9a99e50ae4dc868317,train,test
a7bf34e6ee3d335a6ac1,s2_supp_recybat24_db9f696f45b80c64981f,train,test
a7bf34e6ee3d335a6ac1,s2_supp_recybat24_6b5eeda33fad153778d8,train,test
a7bf34e6ee3d335a6ac1,s2_supp_recybat24_2ec47c33edf3b4bff137,train,test
a7bf34e6ee3d335a6ac1,s2_supp_recybat24_8f83491dc1983a2b0164,train,test
a7bf34e6ee3d335a6ac1,s2_supp_recybat24_0e01ca8b8fd1629528c3,train,test
a7bf34e6ee3d335a6ac1,s2_supp_recybat24_84253179d94406079bf7,train,test
a7bf34e6ee3d335a6ac1,s2_supp_recybat24_3807dbea15bc66a0c187,train,test
a7bf34e6ee3d335a6ac1,s2_supp_recybat24_13a2322780edfb5187a8,train,test
a7bf34e6ee3d335a6ac1,s2_supp_recybat24_a7eae43cfecb66f0b984,train,test
a7bf34e6ee3d335a6ac1,s2_supp_recybat24_2ba93650fbba721f2f50,train,test
a7bf34e6ee3d335a6ac1,s2_supp_recybat24_0bda9fbc40c07d1ff700,train,test
a7bf34e6ee3d335a6ac1,s2_supp_recybat24_81c04fd301fa64efac24,train,test
a7bf34e6ee3d335a6ac1,s2_supp_recybat24_013d08540dd8f13b57cd,train,test
a7bf34e6ee3d335a6ac1,s2_supp_recybat24_05ca9192dd688a269182,train,test
a7bf34e6ee3d335a6ac1,s2_supp_recybat24_a1156561f40b7adf9476,train,test
a7bf34e6ee3d335a6ac1,s2_supp_recybat24_9fbae5d104b08f3628a9,train,test
a7bf34e6ee3d335a6ac1,s2_supp_recybat24_fc1ec15b3a9f273438d4,train,test
a7bf34e6ee3d335a6ac1,s2_supp_recybat24_23033bed43c0302c5a1b,train,test
a7bf34e6ee3d335a6ac1,s2_supp_recybat24_5958be5304cb0d479bdf,train,test
a7bf34e6ee3d335a6ac1,s2_supp_recybat24_45c7717c410d8568a7cb,train,test
a7bf34e6ee3d335a6ac1,s2_supp_recybat24_b1918cbb1aade9d04d36,train,test
a7bf34e6ee3d335a6ac1,s2_supp_recybat24_5cc8f7f53a72e7b05881,train,test
a7bf34e6ee3d335a6ac1,s2_supp_recybat24_426683fc7298f402075b,train,test
a7bf34e6ee3d335a6ac1,s2_supp_recybat24_23a27e89c2064472a051,train,test
a7bf34e6ee3d335a6ac1,s2_supp_recybat24_023812aff1bbe1e4c949,train,test
a7bf34e6ee3d335a6ac1,s2_supp_recybat24_520f41ac99714fa3ed09,train,test
a7bf34e6ee3d335a6ac1,s2_supp_recybat24_9d7466d5e3ba3ed1c8ec,train,test
a7bf34e6ee3d335a6ac1,s2_supp_recybat24_820fd20c1737cda219c5,train,test
a7bf34e6ee3d335a6ac1,s2_supp_recybat24_95ad212df057e06e1845,train,test
a7bf34e6ee3d335a6ac1,s2_supp_recybat24_166944b3868034e44807,train,test
a7bf34e6ee3d335a6ac1,s2_supp_recybat24_ea9b737c06166a707213,train,test
a7bf34e6ee3d335a6ac1,s2_supp_recybat24_1245de14940ab1103844,train,test
a7bf34e6ee3d335a6ac1,s2_supp_recybat24_5fd697dfa2fe0074a2a5,train,test
a7bf34e6ee3d335a6ac1,s2_supp_recybat24_8cb10d6a67e31a3a4bbd,train,test
a7bf34e6ee3d335a6ac1,s2_supp_recybat24_e5bd454637b7780f7a6f,train,test
a7bf34e6ee3d335a6ac1,s2_supp_recybat24_741643ae643d061486a7,train,test
a7bf34e6ee3d335a6ac1,s2_supp_recybat24_081046bf4ef19e7495c0,train,test
a7bf34e6ee3d335a6ac1,s2_supp_recybat24_37bb5679930c2ee93335,train,test
a7bf34e6ee3d335a6ac1,s2_supp_recybat24_b225ac9105aaf12bfbc9,train,test
a7bf34e6ee3d335a6ac1,s2_supp_recybat24_51c55ded0e817acb5817,train,test
09c36d8eedf37a645bc1,s1_lm_afc7f61776a8b14d05e5e935,train,val
0c78f1f95ffedb46b134,s1_lm_d0488a3fa3676ce302501eb2,train,val
0d9336220ea645539b6c,s1_lm_6877531945aab2bcfd35d7b7,train,val
0ebf75bf07b4b2e550cd,s1_lm_f07b891b7f749112af857db6,train,val
1649f959e9d7125ce31f,s1_lm_67de270b87f34da5be2523c2,train,val
033b2a2ef51982d4bfc6,s1_lm_7fd34f75620ffa4fa54ab31d,train,val
b01fcd390618619f3bb6,s1_rf_48db41c35b8c24a081f623eb,train,val
b01fcd390618619f3bb6,s3_taco_001079,train,val
169e1a514b58b7371093,s1_lm_98828992c3b30d04a523207b,train,val
158dd8a04306c4130b18,s1_lm_3d2c0f73c01f05857a333d33,train,val
0eb1af7545a5135565e8,s1_lm_1933825fe6745793260661be,train,val
17a852ad2d3ffe878faa,s1_lm_27b85f8da54979206696eac5,train,val
0e9de837ccdf1584ce34,s1_lm_3776bce60d66cb75c02fb1a2,train,val
079445453fa59724e709,s1_lm_2113a8e421f44f7c77723f87,train,test
127cf21f79526c2fc344,s1_lm_23bd1db024370f2f91a467a6,train,val
058e556c9d885cbd5206,s1_lm_12d3a7003d2f6a6d956b900e,train,test
10664efa42b2149d246f,s1_lm_2f9c34f7625d7de34e040228,train,val
0921a9c5a04f7f4d8cac,s2_f_17_x004_c208_1105_3,train,val
1334b82f7ad0e16cb1fd,s1_lm_153c33bf4f92d17e184e5c6e,train,val
16e5ff3b1cbe6237510c,s1_lm_edab3ab955faf39346b4ba7b,train,val
15608d75de277dea70af,s1_lm_7fb7b3a1cd700736f207cb77,train,val
00087a7f0b8c4ff70584,s1_lm_a42698108cd5b808b81ba428,train,test
0f510111d63b415be211,s1_lm_42be5e5fcaa86ef657bff6e9,train,val
079e0bf65d54a83189fe,s1_lm_9b334c3e2efd2fce0a18d3fc,train,test
0b7db3b49d007783eaf9,s1_lm_47c6c7279df1ec8ad1309c45,train,val
035dec5662ebe5e517bc,s1_lm_ab0fe03ca95ceb95d4954a9e,train,test
44b51f2cbd27cbc17ad1,s3_taco_001494,train,test
44b51f2cbd27cbc17ad1,s1_rf_5e026834da2d6247008d9918,train,test
f6aa9babf784f5546c6f,s1_lm_23566c8b41d128b2108957fd,train,test
0d0647b2993d7cbc685d,s1_lm_e9009ebce064b1a7439c6783,train,test
0ec4d4f9f70983adff6f,s1_lm_52f4f4b3d28b8fc059425b3c,train,val
01fa6226b10f8fc54c74,s1_lm_c1362b3107ccb75b0f889c86,train,test
0f5c4c627b06197686cd,s1_lm_ea148238058d98799daebef1,train,val
0b4015565aacc807c2ea,s1_lm_2ffc0377fcf0d135a0d2698a,train,val
1664813cb335c4c119ae,s1_lm_024d47e835def510afc17935,train,val
29d4c4a5bbcb9e1e3796,s1_lm_60962d75a92c4b7811eb3b50,train,val
1cb2609ac1c9da3cf375,s1_lm_8024424581f055d0060a5c35,train,val
6a8d8150a5ce14a2d752,exp26_gen_9dc6c6c2c5b073db1297f561,train,val
6a8d8150a5ce14a2d752,exp26_gen_41bbbb288252f27f849626e8,train,val
6a8d8150a5ce14a2d752,exp26_gen_033d7b07d11b837acce78d8c,train,val
6a8d8150a5ce14a2d752,exp26_gen_5f9398f60f5da62cb8c060cc,train,val
6a8d8150a5ce14a2d752,exp26_gen_0c7942a457c1ca32a32dd897,train,val
6a8d8150a5ce14a2d752,exp26_gen_e01b0e5f7a948776a337dc0d,train,val
6a8d8150a5ce14a2d752,s1_auto_f94ebf05c399d1649e5053f6,train,val
6a8d8150a5ce14a2d752,s1_auto_84679476e1582d490ab305ba,train,val
031740102166f402f978,exp26_gen_76749f890ab365f4726a9172,train,val
031740102166f402f978,exp26_gen_9e2d7159cd2093218c268807,train,val
031740102166f402f978,exp26_gen_908964f9744627c48812776d,train,val
031740102166f402f978,exp26_gen_24b10c5e9d087896f6a7e0db,train,val
031740102166f402f978,s1_auto_bed6bfea3b0ae807881e5fa0,train,val
4b67f4484b2f55639df5,exp26_gen_46736679a59299d7690fd3b2,train,val
4b67f4484b2f55639df5,exp26_gen_af0faee65bf93feb3af6cab2,train,val
4b67f4484b2f55639df5,exp26_gen_28b20a3d7f080086c664332f,train,val
4b67f4484b2f55639df5,exp26_gen_1485ac3f0fdf5c3437320371,train,val
4b67f4484b2f55639df5,exp26_gen_bf46d9db46a9486ec4fcd922,train,val
4b67f4484b2f55639df5,exp26_gen_c56bea68b2563643c9851172,train,val
4b67f4484b2f55639df5,s1_auto_b63ee53aed840bbfc75dbcfd,train,val
4b67f4484b2f55639df5,s1_auto_b59554a468d664deea9c5168,train,val
58ff8f1b918ab31c338c,exp26_gen_8412f970cd799f42af9d32e0,train,val
58ff8f1b918ab31c338c,exp26_gen_bddbbe73212714429802eac2,train,val
58ff8f1b918ab31c338c,exp26_gen_47b8885c8f50be2ad746a2eb,train,val
58ff8f1b918ab31c338c,exp26_gen_0b21ab49203d11dcbd552df8,train,val
58ff8f1b918ab31c338c,exp26_gen_428d3e46344e614e0edd59b8,train,val
58ff8f1b918ab31c338c,exp26_gen_dc3bd90b6eed36091c1dda21,train,val
58ff8f1b918ab31c338c,exp26_gen_80255cc735be131a212f7cf8,train,val
58ff8f1b918ab31c338c,s1_auto_1f23db0136e8384200f3e5e6,train,val
58ff8f1b918ab31c338c,s1_auto_ef9c0ac7cccfb1302c93b37e,train,val
166909f40e3bf3d13400,exp26_gen_95257eaa2afdabb6e1425e14,train,val
166909f40e3bf3d13400,exp26_gen_9a0d10b0182ca1fed5f79412,train,val
166909f40e3bf3d13400,exp26_gen_ed139e37e05a20d739d2c3f8,train,val
166909f40e3bf3d13400,exp26_gen_696ab925286b7345893eb624,train,val
166909f40e3bf3d13400,exp26_gen_4a262fa5cdef65d701b32805,train,val
166909f40e3bf3d13400,exp26_gen_aaa5d94eaef2448d4dacca6f,train,val
166909f40e3bf3d13400,exp26_gen_97d1d0b94c4464903d2f9c69,train,val
166909f40e3bf3d13400,exp26_gen_1fa89731767146882518765f,train,val
166909f40e3bf3d13400,s1_auto_1febc11b3500e0def42121ba,train,val
166909f40e3bf3d13400,s1_auto_e8d8cfa0aff32a7174ea82d3,train,val
01352165a568714da17f,exp26_gen_40bed254e59fb28fb63370e6,train,test
01352165a568714da17f,exp26_gen_42bf8671760ca42cdd8bd91f,train,test
01352165a568714da17f,exp26_gen_b62e7fd0a967a34d8d844987,train,test
01352165a568714da17f,exp26_gen_3ea203add62682f148b2e50d,train,test
01352165a568714da17f,s1_auto_10be81e3b4c84d11a23c4b42,train,test
29756492ddd57c0c94c7,exp26_gen_449b02658a09cb6c8df4e5e6,train,val
29756492ddd57c0c94c7,exp26_gen_7216f923ecf0e68f49337cce,train,val
29756492ddd57c0c94c7,exp26_gen_36063fbadc470c2eea3c66ca,train,val
29756492ddd57c0c94c7,exp26_gen_b541d5abe33b77803684a47d,train,val
29756492ddd57c0c94c7,exp26_gen_7d1eefa3e564cebc58addc2e,train,val
29756492ddd57c0c94c7,exp26_gen_1301d6e8e94e5150c2576b66,train,val
29756492ddd57c0c94c7,exp26_gen_c0e0b45e4ca928dadea4fe43,train,val
29756492ddd57c0c94c7,s1_auto_20638d52363b57276f556b38,train,val
29756492ddd57c0c94c7,s1_auto_a9ca5f1b6e79bf91e7305d73,train,val
56c0518c23fffcd8d8fa,s2_supp_cigwaste_98d762af2929a2cd4e1b,train,val
56c0518c23fffcd8d8fa,s2_supp_cigwaste_8211498cd59b92574e27,train,val
56c0518c23fffcd8d8fa,s2_supp_cigwaste_e80763b90d7c39f92917,train,val
56c0518c23fffcd8d8fa,s2_supp_cigwaste_fc2f1344c399beb4f12d,train,val
56c0518c23fffcd8d8fa,s2_supp_cigwaste_8d94e8fd790a9d37902a,train,val
56c0518c23fffcd8d8fa,s2_supp_cigwaste_419eefeedd581a8bd668,train,val
56c0518c23fffcd8d8fa,s2_supp_cigwaste_807b1732bdc73df66b36,train,val
56c0518c23fffcd8d8fa,s2_supp_cigwaste_465b68ec3f2184696dba,train,val
56c0518c23fffcd8d8fa,s2_supp_cigwaste_eac2899b8a80a6776838,train,val
56c0518c23fffcd8d8fa,s2_supp_cigwaste_aeed93d5f6d268934541,train,val
56c0518c23fffcd8d8fa,s2_supp_cigwaste_a171d211537f5bd89fde,train,val
56c0518c23fffcd8d8fa,s2_supp_cigwaste_30b9791ddcc2f6a10c27,train,val
56c0518c23fffcd8d8fa,s2_supp_cigwaste_0cfa8d71deeb6e1bf27a,train,val
56c0518c23fffcd8d8fa,s2_supp_cigwaste_e380116fc4701808d42a,train,val
56c0518c23fffcd8d8fa,s2_supp_cigwaste_862d51ac25762bd785bf,train,val
56c0518c23fffcd8d8fa,s2_supp_cigwaste_404e8f0e2c40631549d6,train,val
56c0518c23fffcd8d8fa,s2_supp_cigwaste_f55fa70dc4ae92362492,train,val
56c0518c23fffcd8d8fa,s2_supp_cigwaste_2fcb166d21e5803f6da7,train,val
56c0518c23fffcd8d8fa,s2_supp_cigwaste_1fb9b4abaff2c427a9fd,train,val
56c0518c23fffcd8d8fa,s2_supp_cigwaste_47f3bc17f506bca5988b,train,val
56c0518c23fffcd8d8fa,s2_supp_cigwaste_b06347875f1b251db805,train,val
56c0518c23fffcd8d8fa,s2_supp_cigwaste_4fbd9ef95a0e8928ae78,train,val
56c0518c23fffcd8d8fa,s2_supp_cigwaste_dc9542b19d8401d2df4a,train,val
56c0518c23fffcd8d8fa,s2_supp_cigwaste_ce195c87515c746b31fb,train,val
56c0518c23fffcd8d8fa,s2_supp_cigwaste_9c666f1ab095f3196059,train,val
56c0518c23fffcd8d8fa,s2_supp_cigwaste_b998bf19df1a370be73f,train,val
56c0518c23fffcd8d8fa,s2_supp_cigwaste_4529d6a3f36e04e8163d,train,val
56c0518c23fffcd8d8fa,s2_supp_cigwaste_403addb8aa37b57b34ed,train,val
56c0518c23fffcd8d8fa,s2_supp_cigwaste_df427ec9d4791a9ffde0,train,val
56c0518c23fffcd8d8fa,s2_supp_cigwaste_82a2740871712fe13def,train,val
56c0518c23fffcd8d8fa,s2_supp_cigwaste_09d4d8406f10b4634f3a,train,val
56c0518c23fffcd8d8fa,s2_supp_cigwaste_af701c52a3960e621cc6,train,val
56c0518c23fffcd8d8fa,s2_supp_cigwaste_0a54cb28a8124f1eb275,train,val
56c0518c23fffcd8d8fa,s2_supp_cigwaste_2971b4b2df1c22e3ee14,train,val
56c0518c23fffcd8d8fa,s2_supp_cigwaste_a09f89064fb801ec4621,train,val
56c0518c23fffcd8d8fa,s2_supp_cigwaste_a2188e13310c8853d37a,train,val
56c0518c23fffcd8d8fa,s2_supp_cigwaste_9e3363f032a2ea1d80b9,train,val
56c0518c23fffcd8d8fa,s2_supp_cigwaste_061bb171b1b0fe5ae474,train,val
56c0518c23fffcd8d8fa,s2_supp_cigwaste_d9610da6bd7578df61f8,train,val
56c0518c23fffcd8d8fa,s2_supp_cigwaste_8e3a51ad20c6fd6e5eab,train,val
56c0518c23fffcd8d8fa,s2_supp_cigwaste_4ba5f0ee34a343c04747,train,val
56c0518c23fffcd8d8fa,s2_supp_cigwaste_dbf8be5d412da1138846,train,val
56c0518c23fffcd8d8fa,s2_supp_cigwaste_91b0d8411e709d56aef6,train,val
56c0518c23fffcd8d8fa,s2_supp_cigwaste_877eef83dd64f6dead49,train,val
56c0518c23fffcd8d8fa,s2_supp_cigwaste_38d41a1479c2deda3ebc,train,val
56c0518c23fffcd8d8fa,s2_supp_cigwaste_02ec56444172a3fe770b,train,val
56c0518c23fffcd8d8fa,s2_supp_cigwaste_41b5775608d8f9caf4d4,train,val
56c0518c23fffcd8d8fa,s2_supp_cigwaste_eb29f0d82e931b4e3a43,train,val
56c0518c23fffcd8d8fa,s2_supp_cigwaste_564f8ba139a8122872cb,train,val
56c0518c23fffcd8d8fa,s2_supp_cigwaste_3bbdf56925169ac59e68,train,val
56c0518c23fffcd8d8fa,s2_supp_cigwaste_a01da1850d940ef640c5,train,val
56c0518c23fffcd8d8fa,s2_supp_cigwaste_de28dcf8ca8605bd85d6,train,val
56c0518c23fffcd8d8fa,s2_supp_cigwaste_8e9b87aa77c348a5187b,train,val
56c0518c23fffcd8d8fa,s2_supp_cigwaste_b0b510af6ae3c3d3c2ea,train,val
56c0518c23fffcd8d8fa,s2_supp_cigwaste_487b56580a4a48ee5fdb,train,val
56c0518c23fffcd8d8fa,s2_supp_cigwaste_aae393a59325e319ad39,train,val
56c0518c23fffcd8d8fa,s2_supp_cigwaste_d7374ed67ab95677a5f4,train,val
56c0518c23fffcd8d8fa,s2_supp_cigwaste_8e3fccea27d59036f681,train,val
56c0518c23fffcd8d8fa,s2_supp_cigwaste_020758eb3ad2e2e3a2a8,train,val
56c0518c23fffcd8d8fa,s2_supp_cigwaste_ea1d53f04ab8df046663,train,val
56c0518c23fffcd8d8fa,s2_supp_cigwaste_d2b76d4b61407d7dc23d,train,val
56c0518c23fffcd8d8fa,s2_supp_cigwaste_b6549c07f41c77e0bdfd,train,val
56c0518c23fffcd8d8fa,s2_supp_cigwaste_b17413444a8b915d1a96,train,val
56c0518c23fffcd8d8fa,s2_supp_cigwaste_a22d5a2ee5b4f9012f6d,train,val
56c0518c23fffcd8d8fa,s2_supp_cigwaste_b573808235abbd7bbf0e,train,val
56c0518c23fffcd8d8fa,s2_supp_cigwaste_57fd172e86ec804371b8,train,val
56c0518c23fffcd8d8fa,s2_supp_cigwaste_c55d2959bc82f51eb492,train,val
56c0518c23fffcd8d8fa,s2_supp_cigwaste_a4dceea20fdaaff51767,train,val
56c0518c23fffcd8d8fa,s2_supp_cigwaste_f60be56fea53e563f130,train,val
56c0518c23fffcd8d8fa,s2_supp_cigwaste_077f88a3d5b03efb4c20,train,val
56c0518c23fffcd8d8fa,s2_supp_cigwaste_48cc314c102128717c7d,train,val
56c0518c23fffcd8d8fa,s2_supp_cigwaste_99f8409040d9b048fb7e,train,val
56c0518c23fffcd8d8fa,s2_supp_cigwaste_78f4737aec88608f44fe,train,val
56c0518c23fffcd8d8fa,s2_supp_cigwaste_e5b4e3517e39784f51aa,train,val
56c0518c23fffcd8d8fa,s2_supp_cigwaste_9ed3a95642c9a1c6756d,train,val
56c0518c23fffcd8d8fa,s2_supp_cigwaste_e990f6edb9a088a92d89,train,val
56c0518c23fffcd8d8fa,s2_supp_cigwaste_1fe9027f0fe4abf9b9d7,train,val
56c0518c23fffcd8d8fa,s2_supp_cigwaste_12b1358b01c4d03073d9,train,val
56c0518c23fffcd8d8fa,s2_supp_cigwaste_128879401b15ac780a6d,train,val
56c0518c23fffcd8d8fa,s2_supp_cigwaste_81babd0b31c57dcdc170,train,val
56c0518c23fffcd8d8fa,s2_supp_cigwaste_e936924a3984837757d9,train,val
56c0518c23fffcd8d8fa,s2_supp_cigwaste_4d2d9f909065fe2b3985,train,val
56c0518c23fffcd8d8fa,s2_supp_cigwaste_c63f212c1fa8947a680f,train,val
56c0518c23fffcd8d8fa,s2_supp_cigwaste_78d2d715e7ad7c58370b,train,val
56c0518c23fffcd8d8fa,s2_supp_cigwaste_4f13a91db219af8f9d51,train,val
56c0518c23fffcd8d8fa,s2_supp_cigwaste_70c1aa9512cd8e3aa7fc,train,val
56c0518c23fffcd8d8fa,s2_supp_cigwaste_bcaa5a2d9d40e99b55b8,train,val
56c0518c23fffcd8d8fa,s2_supp_cigwaste_304775624d52fe738fa4,train,val
56c0518c23fffcd8d8fa,s2_supp_cigwaste_9462e1df2a77f4c0e4e5,train,val
56c0518c23fffcd8d8fa,s2_supp_cigwaste_7738a27cf74c33b832dd,train,val
56c0518c23fffcd8d8fa,s2_supp_cigwaste_999f41fd1c107b670d38,train,val
56c0518c23fffcd8d8fa,s2_supp_cigwaste_bbf427a3696b7d9858be,train,val
56c0518c23fffcd8d8fa,s2_supp_cigwaste_fa0ffb0ebc1c851f1968,train,val
56c0518c23fffcd8d8fa,s2_supp_cigwaste_59bf0834a68de3a0bd1b,train,val
56c0518c23fffcd8d8fa,s2_supp_cigwaste_3d8aac2df712c1cd9853,train,val
56c0518c23fffcd8d8fa,s2_supp_cigwaste_53b2a828f3c61b465a23,train,val
56c0518c23fffcd8d8fa,s2_supp_cigwaste_dbc372c65d9d407f407b,train,val
56c0518c23fffcd8d8fa,s2_supp_cigwaste_23368b19d4a84614c294,train,val
56c0518c23fffcd8d8fa,s2_supp_cigwaste_4944c981f60c0b6d7b8d,train,val
56c0518c23fffcd8d8fa,s2_supp_cigwaste_95a99c7441533675c817,train,val
b3911fa8ab968c509272,s2_supp_cigwaste_3153e43cc53a6061d740,train,val
b3911fa8ab968c509272,s2_supp_cigwaste_8193906f8acd73063934,train,val
b3911fa8ab968c509272,s2_supp_cigwaste_ea644282ee64f2e0fcb3,train,val
b3911fa8ab968c509272,s2_supp_cigwaste_e6cd0d62dd2ddf61f65f,train,val
b3911fa8ab968c509272,s2_supp_cigwaste_014a43dc82a8f78ed8bd,train,val
b3911fa8ab968c509272,s2_supp_cigwaste_23f4820e89bae71c5292,train,val
b3911fa8ab968c509272,s2_supp_cigwaste_dc1bb63caa1a80e39cd5,train,val
b3911fa8ab968c509272,s2_supp_cigwaste_890b6a683a2d3905c87b,train,val
b3911fa8ab968c509272,s2_supp_cigwaste_6580bd8a5537f4478ac7,train,val
b3911fa8ab968c509272,s2_supp_cigwaste_973fafd2d1718762ad8e,train,val
b3911fa8ab968c509272,s2_supp_cigwaste_b4d94737196e6cde9343,train,val
b3911fa8ab968c509272,s2_supp_cigwaste_989cc1af2a6c6d44cabe,train,val
b3911fa8ab968c509272,s2_supp_cigwaste_b4ce08f2cd52e2aa7df6,train,val
b3911fa8ab968c509272,s2_supp_cigwaste_e83558b520e4219eea2f,train,val
b3911fa8ab968c509272,s2_supp_cigwaste_c59588d4167e09c8be0f,train,val
b3911fa8ab968c509272,s2_supp_cigwaste_0f08b0b50386310e1ee5,train,val
b3911fa8ab968c509272,s2_supp_cigwaste_93041e7aa5b8994db617,train,val
b3911fa8ab968c509272,s2_supp_cigwaste_4551fc6e1523b39f7f97,train,val
b3911fa8ab968c509272,s2_supp_cigwaste_495e3d4c34679a8f60b1,train,val
b3911fa8ab968c509272,s2_supp_cigwaste_23d4f9e467c7d63128c3,train,val
b3911fa8ab968c509272,s2_supp_cigwaste_2a4282f1aeba6b09a6f5,train,val
b3911fa8ab968c509272,s2_supp_cigwaste_ad474d5255a3e2daa508,train,val
b3911fa8ab968c509272,s2_supp_cigwaste_4b65d8a3dbefae4e5a49,train,val
b3911fa8ab968c509272,s2_supp_cigwaste_f63cf1366343db705343,train,val
b3911fa8ab968c509272,s2_supp_cigwaste_013a77a46650f5c94315,train,val
b3911fa8ab968c509272,s2_supp_cigwaste_fdfee95efd2b969238e7,train,val
b3911fa8ab968c509272,s2_supp_cigwaste_3fb42bba21ee35f37684,train,val
b3911fa8ab968c509272,s2_supp_cigwaste_9772c6d79bdda410fe61,train,val
b3911fa8ab968c509272,s2_supp_cigwaste_d18bd3dc170696ada700,train,val
b3911fa8ab968c509272,s2_supp_cigwaste_e98d380d27b0be776322,train,val
b3911fa8ab968c509272,s2_supp_cigwaste_a8410596128751289f13,train,val
b3911fa8ab968c509272,s2_supp_cigwaste_8d6ab88a6049f6cee293,train,val
b3911fa8ab968c509272,s2_supp_cigwaste_caebe807c2870a1e65d9,train,val
b3911fa8ab968c509272,s2_supp_cigwaste_fc5a74568c863af2b1d2,train,val
b3911fa8ab968c509272,s2_supp_cigwaste_1f4b8b5328d8efd90839,train,val
b3911fa8ab968c509272,s2_supp_cigwaste_3c359e1323d7e0c199cf,train,val
b3911fa8ab968c509272,s2_supp_cigwaste_d6237a6cb53899388605,train,val
b3911fa8ab968c509272,s2_supp_cigwaste_891dae49be686061ebd8,train,val
b3911fa8ab968c509272,s2_supp_cigwaste_1025f1f25e5ec91457f8,train,val
b3911fa8ab968c509272,s2_supp_cigwaste_6623a3c56fe3561abc8f,train,val
b3911fa8ab968c509272,s2_supp_cigwaste_2182e5813fb9ba8e3027,train,val
b3911fa8ab968c509272,s2_supp_cigwaste_9888886c399f22446bdb,train,val
b3911fa8ab968c509272,s2_supp_cigwaste_573497d1a5d42b3a8769,train,val
b3911fa8ab968c509272,s2_supp_cigwaste_5f5b601e104127b166f4,train,val
b3911fa8ab968c509272,s2_supp_cigwaste_9a8a2d6f7bbd02505ab4,train,val
b3911fa8ab968c509272,s2_supp_cigwaste_a3cd13c7e4fbba4f8519,train,val
b3911fa8ab968c509272,s2_supp_cigwaste_b47ab99a6b54973d27e1,train,val
b3911fa8ab968c509272,s2_supp_cigwaste_d7b35c8be8a82394be17,train,val
b3911fa8ab968c509272,s2_supp_cigwaste_5b43f86725cc48e73029,train,val
b3911fa8ab968c509272,s2_supp_cigwaste_412885b0a65fa370322a,train,val
b3911fa8ab968c509272,s2_supp_cigwaste_1181c1770ab04c416dd2,train,val
b3911fa8ab968c509272,s2_supp_cigwaste_f7a59a8f5a0ca958f7ce,train,val
b3911fa8ab968c509272,s2_supp_cigwaste_993a43832bc185a01547,train,val
b3911fa8ab968c509272,s2_supp_cigwaste_dbc391ab8d1e92679fa9,train,val
b3911fa8ab968c509272,s2_supp_cigwaste_7607f9b7140c63c512b2,train,val
b3911fa8ab968c509272,s2_supp_cigwaste_ffe4310ac870c02f343f,train,val
b3911fa8ab968c509272,s2_supp_cigwaste_63372bcc12f9fbda3ef2,train,val
b3911fa8ab968c509272,s2_supp_cigwaste_bd7e789e0e22362e4b0d,train,val
b3911fa8ab968c509272,s2_supp_cigwaste_ba42ee9422f4cdf81b11,train,val
b3911fa8ab968c509272,s2_supp_cigwaste_098f67513cfb47e3dbaa,train,val
b3911fa8ab968c509272,s2_supp_cigwaste_364d0ca75425e28962ee,train,val
b3911fa8ab968c509272,s2_supp_cigwaste_5ce2d7aa717bae16c01f,train,val
b3911fa8ab968c509272,s2_supp_cigwaste_7f36b5838c1bf6bbb3df,train,val
b3911fa8ab968c509272,s2_supp_cigwaste_cb26dae3a2a20b97e00c,train,val
b3911fa8ab968c509272,s2_supp_cigwaste_f186454627b85f9e83d1,train,val
b3911fa8ab968c509272,s2_supp_cigwaste_a62e054c63d27196c7b9,train,val
b3911fa8ab968c509272,s2_supp_cigwaste_df458d11046f847a790a,train,val
b3911fa8ab968c509272,s2_supp_cigwaste_19019ba38262330dcff9,train,val
b3911fa8ab968c509272,s2_supp_cigwaste_cbf4665566c1cf756174,train,val
b3911fa8ab968c509272,s2_supp_cigwaste_d491d7a3cc28cdc32264,train,val
b3911fa8ab968c509272,s2_supp_cigwaste_b5b1a76f20a73d1f829c,train,val
b3911fa8ab968c509272,s2_supp_cigwaste_20840c08ef8d7cfae209,train,val
b3911fa8ab968c509272,s2_supp_cigwaste_664507dfe1e97775d22e,train,val
b3911fa8ab968c509272,s2_supp_cigwaste_6563c2f3c73bdc0ee33e,train,val
b3911fa8ab968c509272,s2_supp_cigwaste_88bc415f8a4f22f25ccd,train,val
b3911fa8ab968c509272,s2_supp_cigwaste_622378d7a1228e683218,train,val
b3911fa8ab968c509272,s2_supp_cigwaste_e6cb87a22f6f1ab59166,train,val
b3911fa8ab968c509272,s2_supp_cigwaste_e42b0e8d0f0cce890fa5,train,val
b3911fa8ab968c509272,s2_supp_cigwaste_ef46a87d6dfb7e523346,train,val
b3911fa8ab968c509272,s2_supp_cigwaste_239d4b56dbcd3de31c83,train,val
b3911fa8ab968c509272,s2_supp_cigwaste_6588b70d94584aea4f49,train,val
b3911fa8ab968c509272,s2_supp_cigwaste_b80c1c4cfb61b4bbf5bd,train,val
b3911fa8ab968c509272,s2_supp_cigwaste_77f7a59872b1209ee03a,train,val
b3911fa8ab968c509272,s2_supp_cigwaste_b049609d454bb5e42bc8,train,val
b3911fa8ab968c509272,s2_supp_cigwaste_40409b507a9fce8e550d,train,val
b3911fa8ab968c509272,s2_supp_cigwaste_8618b54d89c73fabc24a,train,val
b3911fa8ab968c509272,s2_supp_cigwaste_a7abbe7024f612f368bf,train,val
b3911fa8ab968c509272,s2_supp_cigwaste_6a90807ad38a8053d0f8,train,val
b3911fa8ab968c509272,s2_supp_cigwaste_a0deefc85d67ebdd5ea4,train,val
b3911fa8ab968c509272,s2_supp_cigwaste_4719194eef38f5af7a49,train,val
b3911fa8ab968c509272,s2_supp_cigwaste_9ffd9ff5240e37e71278,train,val
b3911fa8ab968c509272,s2_supp_cigwaste_e2db8d4f6907843c4884,train,val
b3911fa8ab968c509272,s2_supp_cigwaste_51bcfe4614613fde0fb4,train,val
b3911fa8ab968c509272,s2_supp_cigwaste_03826de85ec23a40f24f,train,val
b3911fa8ab968c509272,s2_supp_cigwaste_fd695a05e89b90005926,train,val
b3911fa8ab968c509272,s2_supp_cigwaste_7f01d22a1f4e12815d8c,train,val
b3911fa8ab968c509272,s2_supp_cigwaste_5ff5d953894288ea9ec7,train,val
b3911fa8ab968c509272,s2_supp_cigwaste_4cc7e39e9c930fe925b4,train,val
b3911fa8ab968c509272,s2_supp_cigwaste_dc8956441fc2cf337a22,train,val
b3911fa8ab968c509272,s2_supp_cigwaste_bab4de62a30a50850eb8,train,val
4bd51300eb67c6ce48d2,s2_supp_cigwaste_db5df24bbf53209f3435,train,val
4bd51300eb67c6ce48d2,s2_supp_cigwaste_ff22569eb4a22125c319,train,val
4bd51300eb67c6ce48d2,s2_supp_cigwaste_ddba1eee385215f04e87,train,val
4bd51300eb67c6ce48d2,s2_supp_cigwaste_f902b0a3a56d8baf5489,train,val
4bd51300eb67c6ce48d2,s2_supp_cigwaste_f7138893068a4680b979,train,val
4bd51300eb67c6ce48d2,s2_supp_cigwaste_edd49c5774da8ddb7e4a,train,val
4bd51300eb67c6ce48d2,s2_supp_cigwaste_2c89bcf5ec094b50209e,train,val
4bd51300eb67c6ce48d2,s2_supp_cigwaste_abf3848275d17282c00f,train,val
4bd51300eb67c6ce48d2,s2_supp_cigwaste_38196f33de058212e1be,train,val
4bd51300eb67c6ce48d2,s2_supp_cigwaste_a82e74270e8dba008ab5,train,val
4bd51300eb67c6ce48d2,s2_supp_cigwaste_7fc6b88896ba4933ead2,train,val
4bd51300eb67c6ce48d2,s2_supp_cigwaste_2c165a3c14230301eac7,train,val
4bd51300eb67c6ce48d2,s2_supp_cigwaste_4ece0408742c120fdf64,train,val
4bd51300eb67c6ce48d2,s2_supp_cigwaste_6b8e2bc9e023481461ee,train,val
4bd51300eb67c6ce48d2,s2_supp_cigwaste_79cf49a69e7803430bb3,train,val
4bd51300eb67c6ce48d2,s2_supp_cigwaste_9ec9495d8a0d828f2359,train,val
4bd51300eb67c6ce48d2,s2_supp_cigwaste_d5d841609d5bd1c6927d,train,val
4bd51300eb67c6ce48d2,s2_supp_cigwaste_1fa27ecf28423de564ae,train,val
4bd51300eb67c6ce48d2,s2_supp_cigwaste_da6dfa3947d5d3c33376,train,val
4bd51300eb67c6ce48d2,s2_supp_cigwaste_a79c2fdd593d21ce03a3,train,val
4bd51300eb67c6ce48d2,s2_supp_cigwaste_954d390d53a4435c45a9,train,val
4bd51300eb67c6ce48d2,s2_supp_cigwaste_2a88249df56cdee397bf,train,val
4bd51300eb67c6ce48d2,s2_supp_cigwaste_d2b698e2da6c933748e8,train,val
4bd51300eb67c6ce48d2,s2_supp_cigwaste_afe02e04d10db7e81932,train,val
4bd51300eb67c6ce48d2,s2_supp_cigwaste_4ca267d4826b866c77c8,train,val
4bd51300eb67c6ce48d2,s2_supp_cigwaste_327b40d98a5ddf50ea73,train,val
4bd51300eb67c6ce48d2,s2_supp_cigwaste_8a9ec268ad684c75a5c8,train,val
4bd51300eb67c6ce48d2,s2_supp_cigwaste_9695b2ed0b9069c2f5fc,train,val
4bd51300eb67c6ce48d2,s2_supp_cigwaste_ee6387872fc93f7fafdc,train,val
4bd51300eb67c6ce48d2,s2_supp_cigwaste_bbc0dad23eeea864b7fd,train,val
4bd51300eb67c6ce48d2,s2_supp_cigwaste_0131eab379eba11b4a42,train,val
4bd51300eb67c6ce48d2,s2_supp_cigwaste_afba83ba7558a165668f,train,val
4bd51300eb67c6ce48d2,s2_supp_cigwaste_a588f494c4f6b319aaa7,train,val
4bd51300eb67c6ce48d2,s2_supp_cigwaste_f55018cca7567821ff1a,train,val
4bd51300eb67c6ce48d2,s2_supp_cigwaste_ca9057be06491515f48a,train,val
4bd51300eb67c6ce48d2,s2_supp_cigwaste_a0cca1e0423deaca8acf,train,val
4bd51300eb67c6ce48d2,s2_supp_cigwaste_a6368f3549d452d71fe0,train,val
4bd51300eb67c6ce48d2,s2_supp_cigwaste_a45fb217dbc77d337264,train,val
4bd51300eb67c6ce48d2,s2_supp_cigwaste_daf5672ef894becc546b,train,val
4bd51300eb67c6ce48d2,s2_supp_cigwaste_1aa78b4f3458b9f26c44,train,val
4bd51300eb67c6ce48d2,s2_supp_cigwaste_77b9b36a5c1fb90cdb06,train,val
4bd51300eb67c6ce48d2,s2_supp_cigwaste_c0b2065bedf9e0da636c,train,val
4bd51300eb67c6ce48d2,s2_supp_cigwaste_e9e6721faa1b75322031,train,val
4bd51300eb67c6ce48d2,s2_supp_cigwaste_f456b60671e6828350f9,train,val
4bd51300eb67c6ce48d2,s2_supp_cigwaste_a857708436c041536ddb,train,val
4bd51300eb67c6ce48d2,s2_supp_cigwaste_c42c5a6817eb77e15f0c,train,val
4bd51300eb67c6ce48d2,s2_supp_cigwaste_dbda972137b11b135017,train,val
4bd51300eb67c6ce48d2,s2_supp_cigwaste_0e7bcd5754078969b250,train,val
4bd51300eb67c6ce48d2,s2_supp_cigwaste_a8b789c58e777dc32a3a,train,val
4bd51300eb67c6ce48d2,s2_supp_cigwaste_429b918c3283e00ef352,train,val
4bd51300eb67c6ce48d2,s2_supp_cigwaste_f8a5f7ebcdd96ddcbaa6,train,val
4bd51300eb67c6ce48d2,s2_supp_cigwaste_c14db23605c86b601dc8,train,val
4bd51300eb67c6ce48d2,s2_supp_cigwaste_882a14b0e8a48ca1d0f7,train,val
4bd51300eb67c6ce48d2,s2_supp_cigwaste_7ee590bacdf578722989,train,val
4bd51300eb67c6ce48d2,s2_supp_cigwaste_ef13bc1252cdfa7767cd,train,val
4bd51300eb67c6ce48d2,s2_supp_cigwaste_1640f2b0c1f93cfbd17c,train,val
4bd51300eb67c6ce48d2,s2_supp_cigwaste_735ef2ac29ddad0c03bc,train,val
4bd51300eb67c6ce48d2,s2_supp_cigwaste_6e0858ffa839b9aee566,train,val
4bd51300eb67c6ce48d2,s2_supp_cigwaste_47f737bb142fd1430b85,train,val
4bd51300eb67c6ce48d2,s2_supp_cigwaste_bd7140a846b92e4f1a65,train,val
4bd51300eb67c6ce48d2,s2_supp_cigwaste_ca0a233ab1685ad4af60,train,val
4bd51300eb67c6ce48d2,s2_supp_cigwaste_af9f18430e79ab62e9c7,train,val
4bd51300eb67c6ce48d2,s2_supp_cigwaste_646e869f62c3dbe7d33f,train,val
4bd51300eb67c6ce48d2,s2_supp_cigwaste_d246305ef81661dddc93,train,val
4bd51300eb67c6ce48d2,s2_supp_cigwaste_ae417330dcf164e67602,train,val
4bd51300eb67c6ce48d2,s2_supp_cigwaste_8bc30a09cf1c326d19a2,train,val
4bd51300eb67c6ce48d2,s2_supp_cigwaste_869755e7399d881e5118,train,val
4bd51300eb67c6ce48d2,s2_supp_cigwaste_a7043740c6ebc68a00fb,train,val
4bd51300eb67c6ce48d2,s2_supp_cigwaste_618ee5a672048203bd06,train,val
4bd51300eb67c6ce48d2,s2_supp_cigwaste_90922eb8c5ba53f6fa65,train,val
4bd51300eb67c6ce48d2,s2_supp_cigwaste_a605d5f1ace7421e2d2e,train,val
4bd51300eb67c6ce48d2,s2_supp_cigwaste_dbd9ae0dc1e2255f981f,train,val
4bd51300eb67c6ce48d2,s2_supp_cigwaste_b361a62a1647d2247aa4,train,val
4bd51300eb67c6ce48d2,s2_supp_cigwaste_5872c84a7d809e111a31,train,val
4bd51300eb67c6ce48d2,s2_supp_cigwaste_377889bd990c1e6e499d,train,val
4bd51300eb67c6ce48d2,s2_supp_cigwaste_86ac6b2175308f2d54d8,train,val
4bd51300eb67c6ce48d2,s2_supp_cigwaste_1ed77e9835bccb07200b,train,val
4bd51300eb67c6ce48d2,s2_supp_cigwaste_c6375ac006a84c4dfe28,train,val
4bd51300eb67c6ce48d2,s2_supp_cigwaste_d8f72ec670b1449bfca4,train,val
4bd51300eb67c6ce48d2,s2_supp_cigwaste_a1f477a097b617307754,train,val
4bd51300eb67c6ce48d2,s2_supp_cigwaste_a1b726c4380c0e070bcf,train,val
4bd51300eb67c6ce48d2,s2_supp_cigwaste_2a9258a1766c7102947d,train,val
4bd51300eb67c6ce48d2,s2_supp_cigwaste_70a5a42b9cd110713d26,train,val
4bd51300eb67c6ce48d2,s2_supp_cigwaste_5cd7f2a06e7c01a8bdc4,train,val
4bd51300eb67c6ce48d2,s2_supp_cigwaste_5c22c332745e9efcfe2a,train,val
4bd51300eb67c6ce48d2,s2_supp_cigwaste_45ce1c075b40da415a06,train,val
4bd51300eb67c6ce48d2,s2_supp_cigwaste_00e8ef70c309e68888d0,train,val
4bd51300eb67c6ce48d2,s2_supp_cigwaste_35268e39dd1894f6e6b1,train,val
4bd51300eb67c6ce48d2,s2_supp_cigwaste_e33ce89d19215075b4ee,train,val
4bd51300eb67c6ce48d2,s2_supp_cigwaste_0062faa47b95df0e2682,train,val
4bd51300eb67c6ce48d2,s2_supp_cigwaste_b94f07fe9882d1919dcd,train,val
4bd51300eb67c6ce48d2,s2_supp_cigwaste_d7c468a6d1cd353fcfe9,train,val
4bd51300eb67c6ce48d2,s2_supp_cigwaste_45bdddecf974040e6c59,train,val
4bd51300eb67c6ce48d2,s2_supp_cigwaste_4a743267d07b7c85257b,train,val
4bd51300eb67c6ce48d2,s2_supp_cigwaste_d016e6e6ddceed78d498,train,val
4bd51300eb67c6ce48d2,s2_supp_cigwaste_19d4056272f0a2af5201,train,val
4bd51300eb67c6ce48d2,s2_supp_cigwaste_768bfee7933072e223fc,train,val
4bd51300eb67c6ce48d2,s2_supp_cigwaste_7114032993de18efff1c,train,val
4bd51300eb67c6ce48d2,s2_supp_cigwaste_1e615680ae11437e31bb,train,val
4bd51300eb67c6ce48d2,s2_supp_cigwaste_f8e666ba00d4005d02ba,train,val
ca6bfcb39fd4420dc88e,s2_supp_cigwaste_776f942c1b1dd4ea139a,train,val
ca6bfcb39fd4420dc88e,s2_supp_cigwaste_54cc48380d4cd31c7447,train,val
ca6bfcb39fd4420dc88e,s2_supp_cigwaste_04126627a50c3fe874c7,train,val
ca6bfcb39fd4420dc88e,s2_supp_cigwaste_ab8df1c232cdc131c274,train,val
ca6bfcb39fd4420dc88e,s2_supp_cigwaste_d398ee4d6781b3fae26a,train,val
ca6bfcb39fd4420dc88e,s2_supp_cigwaste_8a2ba13dc66b9b3ec357,train,val
ca6bfcb39fd4420dc88e,s2_supp_cigwaste_02dc04d25519ce8414f1,train,val
ca6bfcb39fd4420dc88e,s2_supp_cigwaste_189712cace07c371de5b,train,val
ca6bfcb39fd4420dc88e,s2_supp_cigwaste_c5c160612c94f173fc4f,train,val
ca6bfcb39fd4420dc88e,s2_supp_cigwaste_2ca424f47b5b69c0f955,train,val
ca6bfcb39fd4420dc88e,s2_supp_cigwaste_5b5b4550420edfa6bc3c,train,val
ca6bfcb39fd4420dc88e,s2_supp_cigwaste_dfbb5b3a0ff61a07242d,train,val
ca6bfcb39fd4420dc88e,s2_supp_cigwaste_c326c034bdaf8447880e,train,val
ca6bfcb39fd4420dc88e,s2_supp_cigwaste_8c7dd30852ae91845fd8,train,val
ca6bfcb39fd4420dc88e,s2_supp_cigwaste_26c05c3324741e6caa5f,train,val
ca6bfcb39fd4420dc88e,s2_supp_cigwaste_5f0b25abe4f34882cd21,train,val
ca6bfcb39fd4420dc88e,s2_supp_cigwaste_5c93db0a21899d0373d6,train,val
ca6bfcb39fd4420dc88e,s2_supp_cigwaste_65bee70c899ae545e8ed,train,val
ca6bfcb39fd4420dc88e,s2_supp_cigwaste_941a4f53d5cd842229b2,train,val
ca6bfcb39fd4420dc88e,s2_supp_cigwaste_1361d768252540841acf,train,val
ca6bfcb39fd4420dc88e,s2_supp_cigwaste_5a6dece9036494e5c03c,train,val
ca6bfcb39fd4420dc88e,s2_supp_cigwaste_8837b4f90de01548b2b1,train,val
ca6bfcb39fd4420dc88e,s2_supp_cigwaste_99909cd6761e32671a33,train,val
ca6bfcb39fd4420dc88e,s2_supp_cigwaste_1d94fd629d73a92b0c27,train,val
ca6bfcb39fd4420dc88e,s2_supp_cigwaste_0017d00531cdb72fad4d,train,val
ca6bfcb39fd4420dc88e,s2_supp_cigwaste_2bd67f9c8de0536210a8,train,val
ca6bfcb39fd4420dc88e,s2_supp_cigwaste_7313369cf2b832ac961a,train,val
ca6bfcb39fd4420dc88e,s2_supp_cigwaste_f867454607a5dd3a3af2,train,val
ca6bfcb39fd4420dc88e,s2_supp_cigwaste_ba4e01b581b946eff2e0,train,val
ca6bfcb39fd4420dc88e,s2_supp_cigwaste_28bf84363bf913db03e8,train,val
ca6bfcb39fd4420dc88e,s2_supp_cigwaste_2d184bf3c32d8b69e567,train,val
ca6bfcb39fd4420dc88e,s2_supp_cigwaste_958b8003c73fb77bd496,train,val
ca6bfcb39fd4420dc88e,s2_supp_cigwaste_2194837d5bff40efeb16,train,val
ca6bfcb39fd4420dc88e,s2_supp_cigwaste_78f7406ab74d0777eb37,train,val
ca6bfcb39fd4420dc88e,s2_supp_cigwaste_1beeb2a2b9e0a621d8c7,train,val
ca6bfcb39fd4420dc88e,s2_supp_cigwaste_50f7a2cc02db8bb886aa,train,val
ca6bfcb39fd4420dc88e,s2_supp_cigwaste_3355dbfcf060ae874d8a,train,val
ca6bfcb39fd4420dc88e,s2_supp_cigwaste_36744a0dfcdb551eb2a9,train,val
ca6bfcb39fd4420dc88e,s2_supp_cigwaste_55327611f5899478e1a9,train,val
ca6bfcb39fd4420dc88e,s2_supp_cigwaste_ef98bf038c9302c60841,train,val
ca6bfcb39fd4420dc88e,s2_supp_cigwaste_ec083d798dbb1c7cc294,train,val
ca6bfcb39fd4420dc88e,s2_supp_cigwaste_bb724a11a8142b58cd5c,train,val
ca6bfcb39fd4420dc88e,s2_supp_cigwaste_c881d55d269218591d50,train,val
ca6bfcb39fd4420dc88e,s2_supp_cigwaste_ebd7ba56878e203b95eb,train,val
ca6bfcb39fd4420dc88e,s2_supp_cigwaste_262ef809629d719d7fb1,train,val
ca6bfcb39fd4420dc88e,s2_supp_cigwaste_3caa60e70f5a580b7510,train,val
ca6bfcb39fd4420dc88e,s2_supp_cigwaste_a10c33396281ae14ce51,train,val
ca6bfcb39fd4420dc88e,s2_supp_cigwaste_c54cb79a36816d68d3bf,train,val
ca6bfcb39fd4420dc88e,s2_supp_cigwaste_4c438ac4f86f20e2413a,train,val
ca6bfcb39fd4420dc88e,s2_supp_cigwaste_2594eafebb2a2a630b90,train,val
ca6bfcb39fd4420dc88e,s2_supp_cigwaste_026a98e5a79eb280624c,train,val
ca6bfcb39fd4420dc88e,s2_supp_cigwaste_2bdd180c905ac13741b6,train,val
ca6bfcb39fd4420dc88e,s2_supp_cigwaste_4df42157f6ce84b96bd3,train,val
ca6bfcb39fd4420dc88e,s2_supp_cigwaste_005999526a0ddf1bcb34,train,val
ca6bfcb39fd4420dc88e,s2_supp_cigwaste_0989c71ddff5afd5739e,train,val
ca6bfcb39fd4420dc88e,s2_supp_cigwaste_348844df7c1be01bd894,train,val
ca6bfcb39fd4420dc88e,s2_supp_cigwaste_b917bc845f827a4298a2,train,val
ca6bfcb39fd4420dc88e,s2_supp_cigwaste_49583886cd597cd2ccbd,train,val
ca6bfcb39fd4420dc88e,s2_supp_cigwaste_fc3b3c2fc08576ed87e9,train,val
ca6bfcb39fd4420dc88e,s2_supp_cigwaste_59fc9b6770dbf69f8d58,train,val
ca6bfcb39fd4420dc88e,s2_supp_cigwaste_d2798813f40c8edc1133,train,val
ca6bfcb39fd4420dc88e,s2_supp_cigwaste_280c11fc699cd16c59d7,train,val
ca6bfcb39fd4420dc88e,s2_supp_cigwaste_d9e9ee94c6d177ebd27a,train,val
ca6bfcb39fd4420dc88e,s2_supp_cigwaste_cfa2a36fa8ed0b469fdc,train,val
ca6bfcb39fd4420dc88e,s2_supp_cigwaste_09b1c32dc8f3faa19f84,train,val
ca6bfcb39fd4420dc88e,s2_supp_cigwaste_38cff716f6a29c045bf1,train,val
ca6bfcb39fd4420dc88e,s2_supp_cigwaste_7058cf5376c5789de78f,train,val
ca6bfcb39fd4420dc88e,s2_supp_cigwaste_a6cec3a3566f45da96e2,train,val
ca6bfcb39fd4420dc88e,s2_supp_cigwaste_6b75e92e3a3c2e0bbfef,train,val
ca6bfcb39fd4420dc88e,s2_supp_cigwaste_694b1722514bafe3b11b,train,val
ca6bfcb39fd4420dc88e,s2_supp_cigwaste_896c7a94a315a8baf4cb,train,val
ca6bfcb39fd4420dc88e,s2_supp_cigwaste_446c98d827418df4756c,train,val
ca6bfcb39fd4420dc88e,s2_supp_cigwaste_8d87d3dfe130ac55eb3d,train,val
ca6bfcb39fd4420dc88e,s2_supp_cigwaste_8636195094b2d691cb37,train,val
ca6bfcb39fd4420dc88e,s2_supp_cigwaste_b68e3eac313cbae1c9a3,train,val
ca6bfcb39fd4420dc88e,s2_supp_cigwaste_1629ff0566ad886a3802,train,val
ca6bfcb39fd4420dc88e,s2_supp_cigwaste_741f55a311a1df0dd225,train,val
ca6bfcb39fd4420dc88e,s2_supp_cigwaste_02102ac5d39f6b357019,train,val
ca6bfcb39fd4420dc88e,s2_supp_cigwaste_464290e9c9d0f2067f98,train,val
ca6bfcb39fd4420dc88e,s2_supp_cigwaste_ad30d3a89483ebbf8c5a,train,val
ca6bfcb39fd4420dc88e,s2_supp_cigwaste_f85355fc04087913a6cc,train,val
ca6bfcb39fd4420dc88e,s2_supp_cigwaste_7f48d8ddaab56f9a7d6c,train,val
ca6bfcb39fd4420dc88e,s2_supp_cigwaste_2018fc33298c8f2a2b37,train,val
ca6bfcb39fd4420dc88e,s2_supp_cigwaste_cbba3ff8045ed4e8dd44,train,val
ca6bfcb39fd4420dc88e,s2_supp_cigwaste_16f3b745412b9f7d1238,train,val
ca6bfcb39fd4420dc88e,s2_supp_cigwaste_d1a42cf3a712802b0202,train,val
ca6bfcb39fd4420dc88e,s2_supp_cigwaste_b8e33e65b7d04210ddaa,train,val
ca6bfcb39fd4420dc88e,s2_supp_cigwaste_567571aed5ca6850920b,train,val
ca6bfcb39fd4420dc88e,s2_supp_cigwaste_075030d216f770e3a722,train,val
ca6bfcb39fd4420dc88e,s2_supp_cigwaste_da0e66484d8be2895fd2,train,val
ca6bfcb39fd4420dc88e,s2_supp_cigwaste_38a44144185919bb3a36,train,val
ca6bfcb39fd4420dc88e,s2_supp_cigwaste_aae8c8faa199a1c7573e,train,val
ca6bfcb39fd4420dc88e,s2_supp_cigwaste_ab399755a1837b822d66,train,val
ca6bfcb39fd4420dc88e,s2_supp_cigwaste_76b5c32b0b450a8f459f,train,val
ca6bfcb39fd4420dc88e,s2_supp_cigwaste_b49b25065e5b52e66a3d,train,val
ca6bfcb39fd4420dc88e,s2_supp_cigwaste_552256434fe5ee0fe2ea,train,val
ca6bfcb39fd4420dc88e,s2_supp_cigwaste_2af8b5c420ba22b1d524,train,val
ca6bfcb39fd4420dc88e,s2_supp_cigwaste_e6924150046620146082,train,val
ca6bfcb39fd4420dc88e,s2_supp_cigwaste_86c0c81b3fb24b045133,train,val
ca6bfcb39fd4420dc88e,s2_supp_cigwaste_939cca6f51b866948c8f,train,val
351d06049070d6e174e3,s2_supp_cigwaste_c299290193fa7b7b3b24,train,test
351d06049070d6e174e3,s2_supp_cigwaste_8fcd6167815a6173164e,train,test
351d06049070d6e174e3,s2_supp_cigwaste_cdc00224da2d510590b5,train,test
351d06049070d6e174e3,s2_supp_cigwaste_39d341c4fde1bd60259d,train,test
351d06049070d6e174e3,s2_supp_cigwaste_bae270a7b258eaa78408,train,test
351d06049070d6e174e3,s2_supp_cigwaste_1d9c46dcec5b811c00ba,train,test
351d06049070d6e174e3,s2_supp_cigwaste_9b3aa70a417844f2716b,train,test
351d06049070d6e174e3,s2_supp_cigwaste_91c01e5f4737214c945b,train,test
351d06049070d6e174e3,s2_supp_cigwaste_2a0b91453623a7e0056c,train,test
351d06049070d6e174e3,s2_supp_cigwaste_8f3a3f173d06f6adcb22,train,test
351d06049070d6e174e3,s2_supp_cigwaste_7e68450828ab625744f4,train,test
351d06049070d6e174e3,s2_supp_cigwaste_a0d039203e9eed6e328b,train,test
351d06049070d6e174e3,s2_supp_cigwaste_855172ac3f9fbaea49f6,train,test
351d06049070d6e174e3,s2_supp_cigwaste_e6825a004956a0f0bfcb,train,test
351d06049070d6e174e3,s2_supp_cigwaste_415a383bbc2ca44d8d1d,train,test
351d06049070d6e174e3,s2_supp_cigwaste_553c0c04c6c37b048b06,train,test
351d06049070d6e174e3,s2_supp_cigwaste_bf473b67bfa5e6c7ea3c,train,test
351d06049070d6e174e3,s2_supp_cigwaste_74ce82903871d46e3624,train,test
351d06049070d6e174e3,s2_supp_cigwaste_198c3863ba756ad51779,train,test
351d06049070d6e174e3,s2_supp_cigwaste_8d96a80a1a9a90f767b5,train,test
351d06049070d6e174e3,s2_supp_cigwaste_b7869c2008323c2c64b5,train,test
351d06049070d6e174e3,s2_supp_cigwaste_7ea5eed2b7edca2e8fb5,train,test
351d06049070d6e174e3,s2_supp_cigwaste_60cc2c7d808811b7ca36,train,test
351d06049070d6e174e3,s2_supp_cigwaste_19417399256dca5f1b60,train,test
351d06049070d6e174e3,s2_supp_cigwaste_387172cf3ea846e62b64,train,test
351d06049070d6e174e3,s2_supp_cigwaste_510f65463fe76644cb4d,train,test
351d06049070d6e174e3,s2_supp_cigwaste_03357bf93574aa2bd92d,train,test
351d06049070d6e174e3,s2_supp_cigwaste_5938198a6016201c211d,train,test
351d06049070d6e174e3,s2_supp_cigwaste_34116a28a26302dd720b,train,test
351d06049070d6e174e3,s2_supp_cigwaste_2c3be2f10c2c92e68917,train,test
351d06049070d6e174e3,s2_supp_cigwaste_ee6a86b61c79777244dc,train,test
351d06049070d6e174e3,s2_supp_cigwaste_2775cb191022cdf0fae9,train,test
351d06049070d6e174e3,s2_supp_cigwaste_71134e185effcd84c4f5,train,test
351d06049070d6e174e3,s2_supp_cigwaste_eeeeda4755133c93c0fe,train,test
351d06049070d6e174e3,s2_supp_cigwaste_56b9a4999b918f8a998b,train,test
351d06049070d6e174e3,s2_supp_cigwaste_27f55915609dda4a4599,train,test
351d06049070d6e174e3,s2_supp_cigwaste_be2e2459ab5fbad653c5,train,test
351d06049070d6e174e3,s2_supp_cigwaste_60367735e547e9e5a252,train,test
351d06049070d6e174e3,s2_supp_cigwaste_19bd90245c650fa662ed,train,test
351d06049070d6e174e3,s2_supp_cigwaste_36b073c85536252f54b6,train,test
351d06049070d6e174e3,s2_supp_cigwaste_6d681399893e5486f3df,train,test
351d06049070d6e174e3,s2_supp_cigwaste_29094ec18974f14df415,train,test
351d06049070d6e174e3,s2_supp_cigwaste_c218109dcdeadb7be6f2,train,test
351d06049070d6e174e3,s2_supp_cigwaste_df828a2b23db8b17f1b8,train,test
351d06049070d6e174e3,s2_supp_cigwaste_4fa8418a1c8d6c8221ef,train,test
351d06049070d6e174e3,s2_supp_cigwaste_58019fd4aad602643edf,train,test
351d06049070d6e174e3,s2_supp_cigwaste_57d01d96e0d6dece7bc5,train,test
351d06049070d6e174e3,s2_supp_cigwaste_9974a1df2da1336688b0,train,test
351d06049070d6e174e3,s2_supp_cigwaste_2a440a3255e485187a82,train,test
351d06049070d6e174e3,s2_supp_cigwaste_6251b62ed6a8215eb8c8,train,test
351d06049070d6e174e3,s2_supp_cigwaste_2bf663a2933e3911459f,train,test
351d06049070d6e174e3,s2_supp_cigwaste_fdfa40fd29f2ba361002,train,test
351d06049070d6e174e3,s2_supp_cigwaste_486c0ef18b2c365223c7,train,test
351d06049070d6e174e3,s2_supp_cigwaste_7ea47a4dc2f2f77d58f2,train,test
351d06049070d6e174e3,s2_supp_cigwaste_0b4e8c240debe97f1f61,train,test
351d06049070d6e174e3,s2_supp_cigwaste_dcc9a2fddcde3de0644b,train,test
351d06049070d6e174e3,s2_supp_cigwaste_1bf24ae97d0532746155,train,test
351d06049070d6e174e3,s2_supp_cigwaste_11564dea71d8d28bbffc,train,test
351d06049070d6e174e3,s2_supp_cigwaste_a573f49394a5fbd69fc5,train,test
351d06049070d6e174e3,s2_supp_cigwaste_0f325fd64ae16f71b20e,train,test
351d06049070d6e174e3,s2_supp_cigwaste_cb341e95a66b36eb5699,train,test
351d06049070d6e174e3,s2_supp_cigwaste_59ac3bd0bf31e8e71e8d,train,test
351d06049070d6e174e3,s2_supp_cigwaste_84f593bb544c6a5790f9,train,test
351d06049070d6e174e3,s2_supp_cigwaste_3bfeac054db5a8c4890f,train,test
351d06049070d6e174e3,s2_supp_cigwaste_9cc93a9f1dac85de3b13,train,test
351d06049070d6e174e3,s2_supp_cigwaste_a80b103e14e8016713bc,train,test
351d06049070d6e174e3,s2_supp_cigwaste_64cf5e65f1de837c26ae,train,test
351d06049070d6e174e3,s2_supp_cigwaste_9af18dd4fb6c71fbd304,train,test
351d06049070d6e174e3,s2_supp_cigwaste_8f037c02dcda164fe443,train,test
351d06049070d6e174e3,s2_supp_cigwaste_e4f0e032bea7f5d88fd7,train,test
351d06049070d6e174e3,s2_supp_cigwaste_5917c883d2b3c223bfc3,train,test
351d06049070d6e174e3,s2_supp_cigwaste_12f4f064344a413da605,train,test
351d06049070d6e174e3,s2_supp_cigwaste_3d9112b6b9901c0fcf62,train,test
351d06049070d6e174e3,s2_supp_cigwaste_0220868c6b95596d357b,train,test
351d06049070d6e174e3,s2_supp_cigwaste_6df067467df91ec111d4,train,test
351d06049070d6e174e3,s2_supp_cigwaste_3c17ecec14baa7d83a87,train,test
351d06049070d6e174e3,s2_supp_cigwaste_37a762c71021286d1f17,train,test
351d06049070d6e174e3,s2_supp_cigwaste_b63758d1b65499312160,train,test
351d06049070d6e174e3,s2_supp_cigwaste_15bee232cfc60026ca59,train,test
351d06049070d6e174e3,s2_supp_cigwaste_ce70a5e8cc9c343e71ec,train,test
351d06049070d6e174e3,s2_supp_cigwaste_899aafdb474796a9be60,train,test
351d06049070d6e174e3,s2_supp_cigwaste_8136dbf43bf9a0d9a508,train,test
351d06049070d6e174e3,s2_supp_cigwaste_45fafee970bdd66c8f0a,train,test
351d06049070d6e174e3,s2_supp_cigwaste_b3b7c3e76a3a6bc06f7c,train,test
351d06049070d6e174e3,s2_supp_cigwaste_a8e13cca56e2ef36fac5,train,test
351d06049070d6e174e3,s2_supp_cigwaste_cc4669766a7bde65f369,train,test
351d06049070d6e174e3,s2_supp_cigwaste_78a5e2d5465a242c98fd,train,test
351d06049070d6e174e3,s2_supp_cigwaste_af63e5ac970c173adc91,train,test
351d06049070d6e174e3,s2_supp_cigwaste_4144473757f1fbcbbe2a,train,test
351d06049070d6e174e3,s2_supp_cigwaste_712540d012da18077867,train,test
351d06049070d6e174e3,s2_supp_cigwaste_eb5ab8c70a94f96fd536,train,test
351d06049070d6e174e3,s2_supp_cigwaste_be746faf61126da4134a,train,test
351d06049070d6e174e3,s2_supp_cigwaste_ff63a60dc4c99e85f284,train,test
351d06049070d6e174e3,s2_supp_cigwaste_382544ec6bf533788f45,train,test
351d06049070d6e174e3,s2_supp_cigwaste_ae5903396721c5cfe966,train,test
351d06049070d6e174e3,s2_supp_cigwaste_d7d3503be1db673ac6f6,train,test
351d06049070d6e174e3,s2_supp_cigwaste_44d791791929df6b9a74,train,test
351d06049070d6e174e3,s2_supp_cigwaste_ba47d8ae801ad6ac7538,train,test
351d06049070d6e174e3,s2_supp_cigwaste_769577ed1109822c9b5e,train,test
351d06049070d6e174e3,s2_supp_cigwaste_ed68f4c820b467cf3d42,train,test
2006ff4ba2ea1f924bb3,s2_supp_cigwaste_a9575739fd49f46ea186,train,test
2006ff4ba2ea1f924bb3,s2_supp_cigwaste_e2f317391d36e3fb613b,train,test
2006ff4ba2ea1f924bb3,s2_supp_cigwaste_7f8e53f700d389f8db1d,train,test
2006ff4ba2ea1f924bb3,s2_supp_cigwaste_a834e431345846559a08,train,test
2006ff4ba2ea1f924bb3,s2_supp_cigwaste_2660a72fe8775713bb05,train,test
2006ff4ba2ea1f924bb3,s2_supp_cigwaste_25cb9d48d818addb1229,train,test
2006ff4ba2ea1f924bb3,s2_supp_cigwaste_d6426ca3036db46b0069,train,test
2006ff4ba2ea1f924bb3,s2_supp_cigwaste_6b54cd7fff4c10eb814c,train,test
2006ff4ba2ea1f924bb3,s2_supp_cigwaste_3c52910f73c81747947a,train,test
2006ff4ba2ea1f924bb3,s2_supp_cigwaste_ed9f9347c2b3715ac388,train,test
2006ff4ba2ea1f924bb3,s2_supp_cigwaste_2ede3ea2bca8e0f8df85,train,test
2006ff4ba2ea1f924bb3,s2_supp_cigwaste_f9ea348cb0ae7b4b99bb,train,test
2006ff4ba2ea1f924bb3,s2_supp_cigwaste_ecfbe8fee0dea4bf55a5,train,test
2006ff4ba2ea1f924bb3,s2_supp_cigwaste_810bd56f540986a56fc6,train,test
2006ff4ba2ea1f924bb3,s2_supp_cigwaste_96e950a3f94d33fc7b0d,train,test
2006ff4ba2ea1f924bb3,s2_supp_cigwaste_fac4afe36bbba064ed9b,train,test
2006ff4ba2ea1f924bb3,s2_supp_cigwaste_96f4da9c3c986510f97c,train,test
2006ff4ba2ea1f924bb3,s2_supp_cigwaste_0d90b73c3dd19e0df9b6,train,test
2006ff4ba2ea1f924bb3,s2_supp_cigwaste_132daf9ccd48bcab76bc,train,test
2006ff4ba2ea1f924bb3,s2_supp_cigwaste_9c8f10afe9ec96383449,train,test
2006ff4ba2ea1f924bb3,s2_supp_cigwaste_1a12f4f9125c146a9c7f,train,test
2006ff4ba2ea1f924bb3,s2_supp_cigwaste_cbc0e12ab9164abc6b76,train,test
2006ff4ba2ea1f924bb3,s2_supp_cigwaste_6a11e914291a44300cb9,train,test
2006ff4ba2ea1f924bb3,s2_supp_cigwaste_c2b8a0b060e395c1d611,train,test
2006ff4ba2ea1f924bb3,s2_supp_cigwaste_f726caba0a2af7a8b1b6,train,test
2006ff4ba2ea1f924bb3,s2_supp_cigwaste_1787b8c87c8f8a2584b9,train,test
2006ff4ba2ea1f924bb3,s2_supp_cigwaste_5aba7fe2928719fa5962,train,test
2006ff4ba2ea1f924bb3,s2_supp_cigwaste_722f6535538d855af86e,train,test
2006ff4ba2ea1f924bb3,s2_supp_cigwaste_f53677ce557f99c6d0b7,train,test
2006ff4ba2ea1f924bb3,s2_supp_cigwaste_d4a1c464ae2ce6cf2a31,train,test
2006ff4ba2ea1f924bb3,s2_supp_cigwaste_094b80e4dd92867f365a,train,test
2006ff4ba2ea1f924bb3,s2_supp_cigwaste_b8752b5d64f836be6164,train,test
2006ff4ba2ea1f924bb3,s2_supp_cigwaste_389ab1aa3e2f96c9b211,train,test
2006ff4ba2ea1f924bb3,s2_supp_cigwaste_8c0da24caf3ea39ffee2,train,test
2006ff4ba2ea1f924bb3,s2_supp_cigwaste_7b7e6f96f977e7aa7d9d,train,test
2006ff4ba2ea1f924bb3,s2_supp_cigwaste_eaae28e55ffb0b848c9b,train,test
2006ff4ba2ea1f924bb3,s2_supp_cigwaste_1fbe3ddfbe5347e7234a,train,test
2006ff4ba2ea1f924bb3,s2_supp_cigwaste_1dce846456ad0baab487,train,test
2006ff4ba2ea1f924bb3,s2_supp_cigwaste_afa99125cd8efc868533,train,test
2006ff4ba2ea1f924bb3,s2_supp_cigwaste_28ec9ba301fdb03106aa,train,test
2006ff4ba2ea1f924bb3,s2_supp_cigwaste_c4dd126891330a462784,train,test
2006ff4ba2ea1f924bb3,s2_supp_cigwaste_a5153609a582c6a341f7,train,test
2006ff4ba2ea1f924bb3,s2_supp_cigwaste_5c77a7cca5d16c0fa2dd,train,test
2006ff4ba2ea1f924bb3,s2_supp_cigwaste_f0a06abab808ff8de279,train,test
2006ff4ba2ea1f924bb3,s2_supp_cigwaste_3963cf3b17dea86014c8,train,test
2006ff4ba2ea1f924bb3,s2_supp_cigwaste_97f60afc7d757076e754,train,test
2006ff4ba2ea1f924bb3,s2_supp_cigwaste_d4b917aebb726ed15044,train,test
2006ff4ba2ea1f924bb3,s2_supp_cigwaste_c9beac76e1a43f10cd42,train,test
2006ff4ba2ea1f924bb3,s2_supp_cigwaste_5608b9be918975c6b79f,train,test
2006ff4ba2ea1f924bb3,s2_supp_cigwaste_2242c1447140549ba900,train,test
2006ff4ba2ea1f924bb3,s2_supp_cigwaste_7571702368ff7f369d2a,train,test
2006ff4ba2ea1f924bb3,s2_supp_cigwaste_31aebe94ccdca149f4f7,train,test
2006ff4ba2ea1f924bb3,s2_supp_cigwaste_2c07638a79fdbc461f67,train,test
2006ff4ba2ea1f924bb3,s2_supp_cigwaste_4e752a5313ae440acaf0,train,test
2006ff4ba2ea1f924bb3,s2_supp_cigwaste_23efba1c61348c72cf87,train,test
2006ff4ba2ea1f924bb3,s2_supp_cigwaste_b3228610936c3e22b0e0,train,test
2006ff4ba2ea1f924bb3,s2_supp_cigwaste_2b4690b3cf401e8dcf50,train,test
2006ff4ba2ea1f924bb3,s2_supp_cigwaste_bcefdc630ecf3e74f660,train,test
2006ff4ba2ea1f924bb3,s2_supp_cigwaste_208a5b10e52297991f0a,train,test
2006ff4ba2ea1f924bb3,s2_supp_cigwaste_e64fbdb64752726f95d3,train,test
2006ff4ba2ea1f924bb3,s2_supp_cigwaste_1caaf73aa4155ceec5b9,train,test
2006ff4ba2ea1f924bb3,s2_supp_cigwaste_28aef1439615c12592ec,train,test
2006ff4ba2ea1f924bb3,s2_supp_cigwaste_879b06a0cda17a7c954a,train,test
2006ff4ba2ea1f924bb3,s2_supp_cigwaste_6588ba1ab1d0b9dd459d,train,test
2006ff4ba2ea1f924bb3,s2_supp_cigwaste_f9acae36783e3a1be300,train,test
2006ff4ba2ea1f924bb3,s2_supp_cigwaste_68f88a2ebd1c8e73594b,train,test
2006ff4ba2ea1f924bb3,s2_supp_cigwaste_e8d1de7d6277fccf3912,train,test
2006ff4ba2ea1f924bb3,s2_supp_cigwaste_b4f8aa51ff41feb1df07,train,test
2006ff4ba2ea1f924bb3,s2_supp_cigwaste_eac22f0157ca6602dfa5,train,test
2006ff4ba2ea1f924bb3,s2_supp_cigwaste_225a6ba6212c08ba8b8c,train,test
2006ff4ba2ea1f924bb3,s2_supp_cigwaste_540489f2bc790d4adcaa,train,test
2006ff4ba2ea1f924bb3,s2_supp_cigwaste_0445c93b9224099eda55,train,test
2006ff4ba2ea1f924bb3,s2_supp_cigwaste_a7ebd10705ba29aaf396,train,test
2006ff4ba2ea1f924bb3,s2_supp_cigwaste_54d35442373e673e9c1e,train,test
2006ff4ba2ea1f924bb3,s2_supp_cigwaste_c7db3fd5717957260b65,train,test
2006ff4ba2ea1f924bb3,s2_supp_cigwaste_5eb815057c4606e67cf6,train,test
2006ff4ba2ea1f924bb3,s2_supp_cigwaste_f6c4154a1e262ebc5f8c,train,test
2006ff4ba2ea1f924bb3,s2_supp_cigwaste_b62b65415fd262f1fc4f,train,test
2006ff4ba2ea1f924bb3,s2_supp_cigwaste_0cf0e24256a18f051a0f,train,test
2006ff4ba2ea1f924bb3,s2_supp_cigwaste_904b134d59909591a252,train,test
2006ff4ba2ea1f924bb3,s2_supp_cigwaste_013033867e8c7a12ea72,train,test
2006ff4ba2ea1f924bb3,s2_supp_cigwaste_c9a153f4536494bb562e,train,test
2006ff4ba2ea1f924bb3,s2_supp_cigwaste_235eaebd3ea51d7f1b28,train,test
2006ff4ba2ea1f924bb3,s2_supp_cigwaste_456ad3fe0423ec2200dc,train,test
2006ff4ba2ea1f924bb3,s2_supp_cigwaste_ce0996b19645a5de3e0d,train,test
2006ff4ba2ea1f924bb3,s2_supp_cigwaste_1637c2fba6fbb969bd89,train,test
2006ff4ba2ea1f924bb3,s2_supp_cigwaste_c697dad01ecd5b178128,train,test
2006ff4ba2ea1f924bb3,s2_supp_cigwaste_ce6ffa21484e407fd928,train,test
2006ff4ba2ea1f924bb3,s2_supp_cigwaste_fa22b0e5c92a4f8ab5c1,train,test
2006ff4ba2ea1f924bb3,s2_supp_cigwaste_0af8cfcef67fa447c41a,train,test
2006ff4ba2ea1f924bb3,s2_supp_cigwaste_baca562b0523bad4d965,train,test
2006ff4ba2ea1f924bb3,s2_supp_cigwaste_af60c9578a7232a2e873,train,test
2006ff4ba2ea1f924bb3,s2_supp_cigwaste_7ef14cea5008199fce5e,train,test
2006ff4ba2ea1f924bb3,s2_supp_cigwaste_ee11b0ec97a882a30518,train,test
2006ff4ba2ea1f924bb3,s2_supp_cigwaste_02a9be0256f273ca20c8,train,test
2006ff4ba2ea1f924bb3,s2_supp_cigwaste_183ae914d7a0fe8379e9,train,test
2006ff4ba2ea1f924bb3,s2_supp_cigwaste_975c3cd4cc7705bda0cb,train,test
2006ff4ba2ea1f924bb3,s2_supp_cigwaste_e46aa36040645a360b12,train,test
2006ff4ba2ea1f924bb3,s2_supp_cigwaste_f074a7142adcc9a271d7,train,test
2006ff4ba2ea1f924bb3,s2_supp_cigwaste_528ec0a58726549ef461,train,test
d4461787b6ec25b81083,s2_supp_cigwaste_328e686546775d9d917b,train,val
d4461787b6ec25b81083,s2_supp_cigwaste_04211d54012b14907dbe,train,val
d4461787b6ec25b81083,s2_supp_cigwaste_a8e3d0e452564867cd3a,train,val
d4461787b6ec25b81083,s2_supp_cigwaste_14576bbc889589c268e9,train,val
d4461787b6ec25b81083,s2_supp_cigwaste_0ed7a2d51ca679a0b733,train,val
d4461787b6ec25b81083,s2_supp_cigwaste_9fbb5c11e23ad5b7bd81,train,val
d4461787b6ec25b81083,s2_supp_cigwaste_5a5382e289d7ec4872de,train,val
d4461787b6ec25b81083,s2_supp_cigwaste_acb289ee6dc8e02fcc09,train,val
d4461787b6ec25b81083,s2_supp_cigwaste_7df1f7f3314dc8780510,train,val
d4461787b6ec25b81083,s2_supp_cigwaste_8d01f7343dc8914d59a2,train,val
d4461787b6ec25b81083,s2_supp_cigwaste_a3dedc9491058a6c6ceb,train,val
d4461787b6ec25b81083,s2_supp_cigwaste_4e0b9b9107a64aab2757,train,val
d4461787b6ec25b81083,s2_supp_cigwaste_9312efe7539a11fee2cf,train,val
d4461787b6ec25b81083,s2_supp_cigwaste_fc4b06021a2c2199f640,train,val
d4461787b6ec25b81083,s2_supp_cigwaste_1af7e75c213646844cc4,train,val
d4461787b6ec25b81083,s2_supp_cigwaste_f103f21770be176252ea,train,val
d4461787b6ec25b81083,s2_supp_cigwaste_943f6970a9d5e18715a1,train,val
d4461787b6ec25b81083,s2_supp_cigwaste_b3175dc45f9063eb545e,train,val
d4461787b6ec25b81083,s2_supp_cigwaste_17104ebca9e5199f5bb4,train,val
d4461787b6ec25b81083,s2_supp_cigwaste_f2d002990e6c46e442e2,train,val
d4461787b6ec25b81083,s2_supp_cigwaste_04027acd5b7f1e16c6da,train,val
d4461787b6ec25b81083,s2_supp_cigwaste_cb40b239fc4092ae8cb9,train,val
d4461787b6ec25b81083,s2_supp_cigwaste_c206b2ec1aab7f0b50a1,train,val
d4461787b6ec25b81083,s2_supp_cigwaste_7d443d69c190c098d020,train,val
d4461787b6ec25b81083,s2_supp_cigwaste_2c8e7dc8b62d9566d9ce,train,val
d4461787b6ec25b81083,s2_supp_cigwaste_1f5d6bc6df6908abf1b5,train,val
d4461787b6ec25b81083,s2_supp_cigwaste_16781d60843cbb7c4a5a,train,val
d4461787b6ec25b81083,s2_supp_cigwaste_dc6b0fb4baf18e75464a,train,val
d4461787b6ec25b81083,s2_supp_cigwaste_f2792c04d596520c2ef4,train,val
d4461787b6ec25b81083,s2_supp_cigwaste_2f8469b19326932a5098,train,val
d4461787b6ec25b81083,s2_supp_cigwaste_756367c6b32d122d33bd,train,val
d4461787b6ec25b81083,s2_supp_cigwaste_a5a081cc433932726602,train,val
d4461787b6ec25b81083,s2_supp_cigwaste_c7eb04e7f990a81c5612,train,val
d4461787b6ec25b81083,s2_supp_cigwaste_f1556fb03dca025bc21f,train,val
d4461787b6ec25b81083,s2_supp_cigwaste_8a0af8e79dd81e0ae1f6,train,val
d4461787b6ec25b81083,s2_supp_cigwaste_e1ae70b92e7f512a7ac0,train,val
d4461787b6ec25b81083,s2_supp_cigwaste_7b71df894ec7960f73ee,train,val
d4461787b6ec25b81083,s2_supp_cigwaste_8a2ac4d7772607742253,train,val
d4461787b6ec25b81083,s2_supp_cigwaste_bf0a432a23d100425fd8,train,val
d4461787b6ec25b81083,s2_supp_cigwaste_601bdebb8dcf39dd37e6,train,val
d4461787b6ec25b81083,s2_supp_cigwaste_da9b9ac6b5f42274ca4a,train,val
d4461787b6ec25b81083,s2_supp_cigwaste_bd16629cde7377ca27e8,train,val
d4461787b6ec25b81083,s2_supp_cigwaste_09b1f15a32851b39fe5c,train,val
d4461787b6ec25b81083,s2_supp_cigwaste_34d4f2c00d0b85071491,train,val
d4461787b6ec25b81083,s2_supp_cigwaste_3df001a142952c65f047,train,val
d4461787b6ec25b81083,s2_supp_cigwaste_6887a771dbc5d401b26d,train,val
d4461787b6ec25b81083,s2_supp_cigwaste_3f2c5ad53f9762ce2db5,train,val
d4461787b6ec25b81083,s2_supp_cigwaste_785a635c8987aa81caeb,train,val
d4461787b6ec25b81083,s2_supp_cigwaste_7b98ad7a2b1ec0d3afc5,train,val
d4461787b6ec25b81083,s2_supp_cigwaste_f6fd1d18427a02df423e,train,val
d4461787b6ec25b81083,s2_supp_cigwaste_c0761c85271652069fac,train,val
d4461787b6ec25b81083,s2_supp_cigwaste_4a0c332fab969250d8f7,train,val
d4461787b6ec25b81083,s2_supp_cigwaste_b185d1a2a230a6a40cdb,train,val
d4461787b6ec25b81083,s2_supp_cigwaste_ee17cc7dc68ffdeb0cad,train,val
d4461787b6ec25b81083,s2_supp_cigwaste_9526fa52e03ceda7c269,train,val
d4461787b6ec25b81083,s2_supp_cigwaste_da582a0320673ba8d78e,train,val
d4461787b6ec25b81083,s2_supp_cigwaste_28e142cd3ac39dddbe18,train,val
d4461787b6ec25b81083,s2_supp_cigwaste_f9d6f2af38e877f9ac7c,train,val
d4461787b6ec25b81083,s2_supp_cigwaste_9c8afce050e2de8d270a,train,val
d4461787b6ec25b81083,s2_supp_cigwaste_fc305250be89e67c297e,train,val
d4461787b6ec25b81083,s2_supp_cigwaste_b655a21c2066a659e30b,train,val
d4461787b6ec25b81083,s2_supp_cigwaste_afa7ecf5407a967b5374,train,val
d4461787b6ec25b81083,s2_supp_cigwaste_e1e557bd5318ec7340c1,train,val
d4461787b6ec25b81083,s2_supp_cigwaste_a9eed3a55dc90d16aa6d,train,val
d4461787b6ec25b81083,s2_supp_cigwaste_93331a907f0534dca615,train,val
d4461787b6ec25b81083,s2_supp_cigwaste_8c0c906f3a7ed4118e2f,train,val
d4461787b6ec25b81083,s2_supp_cigwaste_56e602326de8129408a3,train,val
d4461787b6ec25b81083,s2_supp_cigwaste_6cc0021082ba2fd188e1,train,val
d4461787b6ec25b81083,s2_supp_cigwaste_5d3b7845e4b5e7bb72b0,train,val
d4461787b6ec25b81083,s2_supp_cigwaste_fd84d3a7996106f9f05a,train,val
d4461787b6ec25b81083,s2_supp_cigwaste_4c4638757f6fdab93128,train,val
d4461787b6ec25b81083,s2_supp_cigwaste_3b3d0f8401059c8727cd,train,val
d4461787b6ec25b81083,s2_supp_cigwaste_952d489d9961a03fcff5,train,val
d4461787b6ec25b81083,s2_supp_cigwaste_0818d52bcccc43229a1f,train,val
d4461787b6ec25b81083,s2_supp_cigwaste_7eac3f1c37e6d25aa663,train,val
d4461787b6ec25b81083,s2_supp_cigwaste_46532de377f29e026287,train,val
d4461787b6ec25b81083,s2_supp_cigwaste_b4635e12bee97fd3966f,train,val
d4461787b6ec25b81083,s2_supp_cigwaste_5fdb593aa0eeac0a56a4,train,val
d4461787b6ec25b81083,s2_supp_cigwaste_068dce347728c1adbd48,train,val
d4461787b6ec25b81083,s2_supp_cigwaste_6d6fb56a4ce2a814bb83,train,val
d4461787b6ec25b81083,s2_supp_cigwaste_098a69b98f9d5c04b362,train,val
d4461787b6ec25b81083,s2_supp_cigwaste_e5871030d79dacc30d63,train,val
d4461787b6ec25b81083,s2_supp_cigwaste_ef5c6e9430a4744ddc4b,train,val
d4461787b6ec25b81083,s2_supp_cigwaste_05230018253093ce13ff,train,val
d4461787b6ec25b81083,s2_supp_cigwaste_bee4f5ddefb7a3b476f1,train,val
d4461787b6ec25b81083,s2_supp_cigwaste_d7eddab3d09e44250f00,train,val
d4461787b6ec25b81083,s2_supp_cigwaste_399228e4bc4034bad688,train,val
d4461787b6ec25b81083,s2_supp_cigwaste_3f0d24ccc06c6862aa99,train,val
d4461787b6ec25b81083,s2_supp_cigwaste_2731c7b9fdf4465d4ef5,train,val
d4461787b6ec25b81083,s2_supp_cigwaste_f316c894aa1872126be1,train,val
d4461787b6ec25b81083,s2_supp_cigwaste_c71d2f353fc3a1dd0e45,train,val
d4461787b6ec25b81083,s2_supp_cigwaste_e302b50d9fb270cd40e3,train,val
d4461787b6ec25b81083,s2_supp_cigwaste_228aac3ef28c9ebffed6,train,val
d4461787b6ec25b81083,s2_supp_cigwaste_4f8817c2e7f787bf3efa,train,val
d4461787b6ec25b81083,s2_supp_cigwaste_b0ddb32c6121933853d0,train,val
d4461787b6ec25b81083,s2_supp_cigwaste_34b347526fde44e83101,train,val
d4461787b6ec25b81083,s2_supp_cigwaste_50e41860652e6f65dde0,train,val
d4461787b6ec25b81083,s2_supp_cigwaste_b7e6658dac821fcc2fb7,train,val
d4461787b6ec25b81083,s2_supp_cigwaste_c8fcf4f6113264158569,train,val
d4461787b6ec25b81083,s2_supp_cigwaste_649663efb98c018e0472,train,val
7a00d3b7257cafb10631,s2_supp_cigwaste_c271928dfaad218aec8f,train,val
7a00d3b7257cafb10631,s2_supp_cigwaste_c93cf79c405efc4e941f,train,val
7a00d3b7257cafb10631,s2_supp_cigwaste_d5b922ed3571cb1071ce,train,val
7a00d3b7257cafb10631,s2_supp_cigwaste_61917730b336ecfc5f8f,train,val
7a00d3b7257cafb10631,s2_supp_cigwaste_2da140c9024bd6ba3644,train,val
7a00d3b7257cafb10631,s2_supp_cigwaste_971f6387912d13e3ca7a,train,val
7a00d3b7257cafb10631,s2_supp_cigwaste_7a9dc62096a28713a5d5,train,val
7a00d3b7257cafb10631,s2_supp_cigwaste_936948847abcf48811fe,train,val
7a00d3b7257cafb10631,s2_supp_cigwaste_20cabec0ef075a8e9e65,train,val
7a00d3b7257cafb10631,s2_supp_cigwaste_bf9dd52c09c734b71f31,train,val
7a00d3b7257cafb10631,s2_supp_cigwaste_7aeb1aa00769baedda29,train,val
7a00d3b7257cafb10631,s2_supp_cigwaste_505a89e456d2a6b4d1d1,train,val
7a00d3b7257cafb10631,s2_supp_cigwaste_60f1f05535d57bc20b95,train,val
7a00d3b7257cafb10631,s2_supp_cigwaste_c94e09fb806e9f2e6ace,train,val
7a00d3b7257cafb10631,s2_supp_cigwaste_50ad17991a9864b77a43,train,val
7a00d3b7257cafb10631,s2_supp_cigwaste_a5cc6059edfe0de7d514,train,val
7a00d3b7257cafb10631,s2_supp_cigwaste_7aa4e127a32142739a8a,train,val
7a00d3b7257cafb10631,s2_supp_cigwaste_7be0f0443f281207cdd1,train,val
7a00d3b7257cafb10631,s2_supp_cigwaste_ae9210ea216dc7b59e2b,train,val
7a00d3b7257cafb10631,s2_supp_cigwaste_41186e3ce43b8a981c20,train,val
7a00d3b7257cafb10631,s2_supp_cigwaste_31acc123d5b9e4d193f9,train,val
7a00d3b7257cafb10631,s2_supp_cigwaste_c0aa797e7520bf0a1de2,train,val
7a00d3b7257cafb10631,s2_supp_cigwaste_990eee9bb4e0bd522941,train,val
7a00d3b7257cafb10631,s2_supp_cigwaste_ba4ee2de4a44b2479acb,train,val
7a00d3b7257cafb10631,s2_supp_cigwaste_a81a1439a76e58aa8cc1,train,val
7a00d3b7257cafb10631,s2_supp_cigwaste_a81b6401f8b25cdcc03b,train,val
7a00d3b7257cafb10631,s2_supp_cigwaste_ce6db09b747dbceb0cf9,train,val
7a00d3b7257cafb10631,s2_supp_cigwaste_39bd423e5eeadcab7905,train,val
7a00d3b7257cafb10631,s2_supp_cigwaste_8d3f7518fbe60dadbfeb,train,val
7a00d3b7257cafb10631,s2_supp_cigwaste_f5298a25780f9945332e,train,val
7a00d3b7257cafb10631,s2_supp_cigwaste_8f5d9fb7f2ac7890568a,train,val
7a00d3b7257cafb10631,s2_supp_cigwaste_22e64150f222f45422c3,train,val
7a00d3b7257cafb10631,s2_supp_cigwaste_9fbfb93f4900ab671483,train,val
7a00d3b7257cafb10631,s2_supp_cigwaste_80e19c5bc1b864b2546b,train,val
7a00d3b7257cafb10631,s2_supp_cigwaste_30497170a29b6d6d0dd0,train,val
7a00d3b7257cafb10631,s2_supp_cigwaste_a6d99e522206c0c109af,train,val
7a00d3b7257cafb10631,s2_supp_cigwaste_817e299af8246a9befd3,train,val
7a00d3b7257cafb10631,s2_supp_cigwaste_1d88fe8b254fa684de32,train,val
7a00d3b7257cafb10631,s2_supp_cigwaste_70158bb9c1342ad24b08,train,val
7a00d3b7257cafb10631,s2_supp_cigwaste_cb27d51ff823e462c8c5,train,val
7a00d3b7257cafb10631,s2_supp_cigwaste_de8fce38f3930b179819,train,val
7a00d3b7257cafb10631,s2_supp_cigwaste_94fb94e040c539b4cc0e,train,val
7a00d3b7257cafb10631,s2_supp_cigwaste_8c084e7378ea70d348f7,train,val
7a00d3b7257cafb10631,s2_supp_cigwaste_fe4ba8206c164d0744fd,train,val
7a00d3b7257cafb10631,s2_supp_cigwaste_0c748229e34d041e83b7,train,val
7a00d3b7257cafb10631,s2_supp_cigwaste_ae4841837d48d67bc651,train,val
7a00d3b7257cafb10631,s2_supp_cigwaste_1f76867517f2afe77b14,train,val
7a00d3b7257cafb10631,s2_supp_cigwaste_fb800d430997929ef7d0,train,val
7a00d3b7257cafb10631,s2_supp_cigwaste_f8b5162fe60ac716fc9d,train,val
7a00d3b7257cafb10631,s2_supp_cigwaste_fffe878c051d4eb1901a,train,val
7a00d3b7257cafb10631,s2_supp_cigwaste_e7423329d1b5907277f5,train,val
7a00d3b7257cafb10631,s2_supp_cigwaste_90f9eca51c50c13fef13,train,val
7a00d3b7257cafb10631,s2_supp_cigwaste_eceeb23090d9adc20127,train,val
7a00d3b7257cafb10631,s2_supp_cigwaste_5517e67469cdc2937eb2,train,val
7a00d3b7257cafb10631,s2_supp_cigwaste_7052065280806d0c73f7,train,val
7a00d3b7257cafb10631,s2_supp_cigwaste_43a73ab88ea2831a9e09,train,val
7a00d3b7257cafb10631,s2_supp_cigwaste_232e06fb964cf94dd501,train,val
7a00d3b7257cafb10631,s2_supp_cigwaste_0412b170a05d3e0e8a39,train,val
7a00d3b7257cafb10631,s2_supp_cigwaste_14750e0c39b821c0b59e,train,val
7a00d3b7257cafb10631,s2_supp_cigwaste_f39e99c845f63e2c7441,train,val
7a00d3b7257cafb10631,s2_supp_cigwaste_7cd8bcf115a1a2ce0486,train,val
7a00d3b7257cafb10631,s2_supp_cigwaste_7f6e04fd2693d8e0165a,train,val
7a00d3b7257cafb10631,s2_supp_cigwaste_0e4ee9516be5cfdefdb7,train,val
7a00d3b7257cafb10631,s2_supp_cigwaste_556b18337056ac47789d,train,val
7a00d3b7257cafb10631,s2_supp_cigwaste_e4e27796940c46611030,train,val
7a00d3b7257cafb10631,s2_supp_cigwaste_6965fa205639509626c2,train,val
7a00d3b7257cafb10631,s2_supp_cigwaste_3629ef51342f6b6fd820,train,val
7a00d3b7257cafb10631,s2_supp_cigwaste_a1a2ad9dad01825d6419,train,val
7a00d3b7257cafb10631,s2_supp_cigwaste_f5820b8b022e71e153e1,train,val
7a00d3b7257cafb10631,s2_supp_cigwaste_1dc9bde526d1c609955c,train,val
7a00d3b7257cafb10631,s2_supp_cigwaste_b5cb69253aa64aa7505c,train,val
7a00d3b7257cafb10631,s2_supp_cigwaste_6f8a912b86b158bff23f,train,val
7a00d3b7257cafb10631,s2_supp_cigwaste_f142e437b1b691004de3,train,val
7a00d3b7257cafb10631,s2_supp_cigwaste_b0cf937816dbee5e3202,train,val
7a00d3b7257cafb10631,s2_supp_cigwaste_75e65fc47d07e4f7733d,train,val
7a00d3b7257cafb10631,s2_supp_cigwaste_312b46d7bd21caaf0285,train,val
7a00d3b7257cafb10631,s2_supp_cigwaste_389dcb44647e745a2590,train,val
7a00d3b7257cafb10631,s2_supp_cigwaste_46ba6530cab6bf6076b6,train,val
7a00d3b7257cafb10631,s2_supp_cigwaste_4066022b2d82138a0171,train,val
7a00d3b7257cafb10631,s2_supp_cigwaste_a89ded588f59bff3d061,train,val
7a00d3b7257cafb10631,s2_supp_cigwaste_841034c2e4483aba3deb,train,val
7a00d3b7257cafb10631,s2_supp_cigwaste_11673244fffdf0098183,train,val
7a00d3b7257cafb10631,s2_supp_cigwaste_abaf8eef003f38ae85bc,train,val
7a00d3b7257cafb10631,s2_supp_cigwaste_3300814fb666892734c2,train,val
7a00d3b7257cafb10631,s2_supp_cigwaste_6cdae5e5e59c4e81f42c,train,val
7a00d3b7257cafb10631,s2_supp_cigwaste_d3eef373766f547bd063,train,val
7a00d3b7257cafb10631,s2_supp_cigwaste_cd381df9fb5c0efccd46,train,val
7a00d3b7257cafb10631,s2_supp_cigwaste_1f78231de3ffb5e61b58,train,val
7a00d3b7257cafb10631,s2_supp_cigwaste_951f8873242ca7fc37d7,train,val
7a00d3b7257cafb10631,s2_supp_cigwaste_90b2d2e9da218a90faa6,train,val
7a00d3b7257cafb10631,s2_supp_cigwaste_43b3a10c75cdc4cf5e82,train,val
7a00d3b7257cafb10631,s2_supp_cigwaste_ac4c9ca19f0713c853f5,train,val
7a00d3b7257cafb10631,s2_supp_cigwaste_1c5d33370d907bf20110,train,val
7a00d3b7257cafb10631,s2_supp_cigwaste_e329a65c9459daacfce7,train,val
7a00d3b7257cafb10631,s2_supp_cigwaste_627bbfe2a8a4e1b6ba2f,train,val
7a00d3b7257cafb10631,s2_supp_cigwaste_8eeca8f40088d6fd71ef,train,val
7a00d3b7257cafb10631,s2_supp_cigwaste_d5322c25b5dcb2497823,train,val
7a00d3b7257cafb10631,s2_supp_cigwaste_5de5db7fdf4781e97ed9,train,val
7a00d3b7257cafb10631,s2_supp_cigwaste_96b403c116ba95de4885,train,val
7a00d3b7257cafb10631,s2_supp_cigwaste_bf15fb65d2b3eb865045,train,val
4078fade08f4ab7e4443,s2_supp_cigwaste_48b847374c6e52795a9b,train,val
4078fade08f4ab7e4443,s2_supp_cigwaste_ebdc5b9d79cfebf46c62,train,val
4078fade08f4ab7e4443,s2_supp_cigwaste_e121e536c6481d420eb5,train,val
4078fade08f4ab7e4443,s2_supp_cigwaste_fda8fbbfaf5985e91cdc,train,val
4078fade08f4ab7e4443,s2_supp_cigwaste_12e6683c4699236a6c31,train,val
4078fade08f4ab7e4443,s2_supp_cigwaste_7bab37241446c72ccdb4,train,val
4078fade08f4ab7e4443,s2_supp_cigwaste_b9807bb61dd53ee0cab3,train,val
4078fade08f4ab7e4443,s2_supp_cigwaste_7846b5ca60f8a31acf68,train,val
4078fade08f4ab7e4443,s2_supp_cigwaste_d907a70cbf17f9a0a56c,train,val
4078fade08f4ab7e4443,s2_supp_cigwaste_0ff73f4e3df72f410e49,train,val
4078fade08f4ab7e4443,s2_supp_cigwaste_7312cf8907b8345695c2,train,val
4078fade08f4ab7e4443,s2_supp_cigwaste_df7521dbd4405bf9ad7d,train,val
4078fade08f4ab7e4443,s2_supp_cigwaste_e2e3fbf2a59f9d7b57b7,train,val
4078fade08f4ab7e4443,s2_supp_cigwaste_a68dc587a01bafa6752e,train,val
4078fade08f4ab7e4443,s2_supp_cigwaste_1239367eb41386663716,train,val
4078fade08f4ab7e4443,s2_supp_cigwaste_5c938de28f34c4d55106,train,val
4078fade08f4ab7e4443,s2_supp_cigwaste_f63b334b91df880a4099,train,val
4078fade08f4ab7e4443,s2_supp_cigwaste_511b9aa76557ed1a7f88,train,val
4078fade08f4ab7e4443,s2_supp_cigwaste_f5f115ceb7b72f73f7ca,train,val
4078fade08f4ab7e4443,s2_supp_cigwaste_0c90e970b5ec63826135,train,val
4078fade08f4ab7e4443,s2_supp_cigwaste_a53a76aadfe0f48818ff,train,val
4078fade08f4ab7e4443,s2_supp_cigwaste_8667465837b2621bead1,train,val
4078fade08f4ab7e4443,s2_supp_cigwaste_df2d8511ebdf9152c835,train,val
4078fade08f4ab7e4443,s2_supp_cigwaste_48fd9ddf520b32720555,train,val
4078fade08f4ab7e4443,s2_supp_cigwaste_2dff666e0619bfd032fc,train,val
4078fade08f4ab7e4443,s2_supp_cigwaste_99cc370c432a03f64918,train,val
4078fade08f4ab7e4443,s2_supp_cigwaste_5e7e250a89d23201da50,train,val
4078fade08f4ab7e4443,s2_supp_cigwaste_895805732dda13f79d58,train,val
4078fade08f4ab7e4443,s2_supp_cigwaste_2f48a22a9fb9cc2228bf,train,val
4078fade08f4ab7e4443,s2_supp_cigwaste_2f15624268816c2b598c,train,val
4078fade08f4ab7e4443,s2_supp_cigwaste_c4c3d61db25e482d9433,train,val
4078fade08f4ab7e4443,s2_supp_cigwaste_74c3db6c5a3b893ef088,train,val
4078fade08f4ab7e4443,s2_supp_cigwaste_b702f68e63457a84c25c,train,val
4078fade08f4ab7e4443,s2_supp_cigwaste_7042134feae15eb01b00,train,val
4078fade08f4ab7e4443,s2_supp_cigwaste_81e7a42e24a84c12505a,train,val
4078fade08f4ab7e4443,s2_supp_cigwaste_f73117cb6afc69cbb5ea,train,val
4078fade08f4ab7e4443,s2_supp_cigwaste_42e180cbf1e8a9e59160,train,val
4078fade08f4ab7e4443,s2_supp_cigwaste_c0aad93adb66e6f31b62,train,val
4078fade08f4ab7e4443,s2_supp_cigwaste_d255bf267b601d958f93,train,val
4078fade08f4ab7e4443,s2_supp_cigwaste_b63665736325e316bbfd,train,val
4078fade08f4ab7e4443,s2_supp_cigwaste_137d98ce672bd0c41ba9,train,val
4078fade08f4ab7e4443,s2_supp_cigwaste_9c1238964ed7ed7a619c,train,val
4078fade08f4ab7e4443,s2_supp_cigwaste_cf3db364f3f22944c373,train,val
4078fade08f4ab7e4443,s2_supp_cigwaste_d01c2926968d26e0f743,train,val
4078fade08f4ab7e4443,s2_supp_cigwaste_aad03e98dbcdb2e1632c,train,val
4078fade08f4ab7e4443,s2_supp_cigwaste_57f23afabaea76b7e97f,train,val
4078fade08f4ab7e4443,s2_supp_cigwaste_21db0fe87602a7cd191f,train,val
4078fade08f4ab7e4443,s2_supp_cigwaste_56df0b486b0cf15428b2,train,val
4078fade08f4ab7e4443,s2_supp_cigwaste_f89a3d54b7b4e6fa98e1,train,val
4078fade08f4ab7e4443,s2_supp_cigwaste_9008b437a809edb39452,train,val
4078fade08f4ab7e4443,s2_supp_cigwaste_c92015e60977a0a0fe7e,train,val
4078fade08f4ab7e4443,s2_supp_cigwaste_3657a3ae5f688d9166ce,train,val
4078fade08f4ab7e4443,s2_supp_cigwaste_1baca6344fa5caeea2b1,train,val
4078fade08f4ab7e4443,s2_supp_cigwaste_6c0e2021e18586cb6bba,train,val
4078fade08f4ab7e4443,s2_supp_cigwaste_ca8d82650dc6970b55c5,train,val
4078fade08f4ab7e4443,s2_supp_cigwaste_ecbe9fead0ed561f97e5,train,val
4078fade08f4ab7e4443,s2_supp_cigwaste_da1d9846612f67a49248,train,val
4078fade08f4ab7e4443,s2_supp_cigwaste_1c1bcdb904ebc88cd4b3,train,val
4078fade08f4ab7e4443,s2_supp_cigwaste_e7e7e7e80d32a6a4099f,train,val
4078fade08f4ab7e4443,s2_supp_cigwaste_719013459574c0d13893,train,val
4078fade08f4ab7e4443,s2_supp_cigwaste_8e411c41de23176021f2,train,val
4078fade08f4ab7e4443,s2_supp_cigwaste_c91271c6ac3ec9eeb2a8,train,val
4078fade08f4ab7e4443,s2_supp_cigwaste_f9650c4836590a772c0a,train,val
4078fade08f4ab7e4443,s2_supp_cigwaste_2e364c1e0267a5a20290,train,val
4078fade08f4ab7e4443,s2_supp_cigwaste_4d5ceec1d26d9056382a,train,val
4078fade08f4ab7e4443,s2_supp_cigwaste_490d634417151b9a519c,train,val
4078fade08f4ab7e4443,s2_supp_cigwaste_5862cfa51b6e4c0cbcc2,train,val
4078fade08f4ab7e4443,s2_supp_cigwaste_fbe5d8e95e8548f37001,train,val
4078fade08f4ab7e4443,s2_supp_cigwaste_a1352a2e80e28c071a87,train,val
4078fade08f4ab7e4443,s2_supp_cigwaste_d7300836adb2210341cd,train,val
4078fade08f4ab7e4443,s2_supp_cigwaste_c1347d6779e11f08298d,train,val
4078fade08f4ab7e4443,s2_supp_cigwaste_5c581760c4272ec85adf,train,val
4078fade08f4ab7e4443,s2_supp_cigwaste_16c722c757772113735f,train,val
4078fade08f4ab7e4443,s2_supp_cigwaste_094be59954752e1c2633,train,val
4078fade08f4ab7e4443,s2_supp_cigwaste_f81594af137b4df8ea1d,train,val
4078fade08f4ab7e4443,s2_supp_cigwaste_2199c66fd2cd06b96461,train,val
4078fade08f4ab7e4443,s2_supp_cigwaste_cd58e7081fe18fb0eed9,train,val
4078fade08f4ab7e4443,s2_supp_cigwaste_e5c5392f75b0b3902f23,train,val
4078fade08f4ab7e4443,s2_supp_cigwaste_e5dfa41b08af36df2eb4,train,val
4078fade08f4ab7e4443,s2_supp_cigwaste_13cceacba3186f8e957e,train,val
4078fade08f4ab7e4443,s2_supp_cigwaste_23c90d5ef337a91cc421,train,val
4078fade08f4ab7e4443,s2_supp_cigwaste_73025c913589bc24cd19,train,val
4078fade08f4ab7e4443,s2_supp_cigwaste_09a4a7e94167adaff8b4,train,val
4078fade08f4ab7e4443,s2_supp_cigwaste_5b26db5bed34a19673c6,train,val
4078fade08f4ab7e4443,s2_supp_cigwaste_9b923855a16e48eb4b76,train,val
4078fade08f4ab7e4443,s2_supp_cigwaste_44f3ae1416cf6755f1d9,train,val
4078fade08f4ab7e4443,s2_supp_cigwaste_c5f990c7f4de3aebbe07,train,val
4078fade08f4ab7e4443,s2_supp_cigwaste_416e144c3f3dc9c95681,train,val
4078fade08f4ab7e4443,s2_supp_cigwaste_46f884b56ef66160a973,train,val
4078fade08f4ab7e4443,s2_supp_cigwaste_ee1ff2a98e953ac26b3f,train,val
4078fade08f4ab7e4443,s2_supp_cigwaste_aac9fafc82fcfad7327f,train,val
4078fade08f4ab7e4443,s2_supp_cigwaste_f51c4642bb14dedcb99e,train,val
4078fade08f4ab7e4443,s2_supp_cigwaste_2651255fc0af423021dc,train,val
4078fade08f4ab7e4443,s2_supp_cigwaste_8d7aa7a9861062139b1b,train,val
4078fade08f4ab7e4443,s2_supp_cigwaste_edeaa1d731e63c8d6e2f,train,val
4078fade08f4ab7e4443,s2_supp_cigwaste_84c317cb0744f136c30c,train,val
4078fade08f4ab7e4443,s2_supp_cigwaste_e3b127f5c62177ed2d44,train,val
4078fade08f4ab7e4443,s2_supp_cigwaste_ff0c605a9fe32f1c8dcc,train,val
4078fade08f4ab7e4443,s2_supp_cigwaste_149b5b1e4ca82daf17be,train,val
4078fade08f4ab7e4443,s2_supp_cigwaste_2f289040c6fb1413ef83,train,val
25977ed852b39b68f570,s2_supp_cigwaste_1926037ab644028edd67,train,test
25977ed852b39b68f570,s2_supp_cigwaste_383b29f72148db98b5af,train,test
25977ed852b39b68f570,s2_supp_cigwaste_34db9928bd93741b185d,train,test
25977ed852b39b68f570,s2_supp_cigwaste_12726f9a25192f5cd9f2,train,test
25977ed852b39b68f570,s2_supp_cigwaste_fb8a0aba2e81344c9658,train,test
25977ed852b39b68f570,s2_supp_cigwaste_a6c62e6a252d086692d7,train,test
25977ed852b39b68f570,s2_supp_cigwaste_d2b005985af90d909889,train,test
25977ed852b39b68f570,s2_supp_cigwaste_4c949dcc424928601926,train,test
25977ed852b39b68f570,s2_supp_cigwaste_5c75fe25f9f35b4a8945,train,test
25977ed852b39b68f570,s2_supp_cigwaste_9f679a8c6bdd25866cb3,train,test
25977ed852b39b68f570,s2_supp_cigwaste_85ce569f638cd378f298,train,test
25977ed852b39b68f570,s2_supp_cigwaste_e7dcd86f8a90b07ee489,train,test
25977ed852b39b68f570,s2_supp_cigwaste_e5eb14e2b2e19f475fc1,train,test
25977ed852b39b68f570,s2_supp_cigwaste_d1c2a1babb2abd3543f2,train,test
25977ed852b39b68f570,s2_supp_cigwaste_5ee07f1680e4a2a8ad10,train,test
25977ed852b39b68f570,s2_supp_cigwaste_2b5aa40f828a2fcd5c7b,train,test
25977ed852b39b68f570,s2_supp_cigwaste_d9313bda2cac6d96d41a,train,test
25977ed852b39b68f570,s2_supp_cigwaste_0c317c0aa1c12ce6fd27,train,test
25977ed852b39b68f570,s2_supp_cigwaste_32b456486141015c1761,train,test
25977ed852b39b68f570,s2_supp_cigwaste_e89229a14d065c627787,train,test
25977ed852b39b68f570,s2_supp_cigwaste_67c3bf408bdadf7f29ba,train,test
25977ed852b39b68f570,s2_supp_cigwaste_e13a5eba569a1e698f1d,train,test
25977ed852b39b68f570,s2_supp_cigwaste_88df81b3754b3671b409,train,test
25977ed852b39b68f570,s2_supp_cigwaste_edad9df5128f99a7b021,train,test
25977ed852b39b68f570,s2_supp_cigwaste_83e3fa4912af148464b0,train,test
25977ed852b39b68f570,s2_supp_cigwaste_517e771a69eca89ae071,train,test
25977ed852b39b68f570,s2_supp_cigwaste_4acd817cd7ddc173b809,train,test
25977ed852b39b68f570,s2_supp_cigwaste_f36f296d75e0ffe1abdf,train,test
25977ed852b39b68f570,s2_supp_cigwaste_eef7da1a39789ff2aa2d,train,test
25977ed852b39b68f570,s2_supp_cigwaste_44d58b416d045be40792,train,test
25977ed852b39b68f570,s2_supp_cigwaste_63647353491320502185,train,test
25977ed852b39b68f570,s2_supp_cigwaste_62cb34f12c3da4ef3e39,train,test
25977ed852b39b68f570,s2_supp_cigwaste_4c182dca497ad24822ff,train,test
25977ed852b39b68f570,s2_supp_cigwaste_1d93a7aa8061d8e80bd3,train,test
25977ed852b39b68f570,s2_supp_cigwaste_311cb0759c72dbfcb48c,train,test
25977ed852b39b68f570,s2_supp_cigwaste_4bce435b65d99d3ac064,train,test
25977ed852b39b68f570,s2_supp_cigwaste_a550a4ff4bdcd70d9321,train,test
25977ed852b39b68f570,s2_supp_cigwaste_c9efef4caf02743c7e5c,train,test
25977ed852b39b68f570,s2_supp_cigwaste_58866e663497f040c4c0,train,test
25977ed852b39b68f570,s2_supp_cigwaste_3f2e55ca83c9b574d7a7,train,test
25977ed852b39b68f570,s2_supp_cigwaste_c2a8a802024202fbe721,train,test
25977ed852b39b68f570,s2_supp_cigwaste_f2129707bf7e71bf5550,train,test
25977ed852b39b68f570,s2_supp_cigwaste_736721fbf65755bae903,train,test
25977ed852b39b68f570,s2_supp_cigwaste_a47675fbc733a78036de,train,test
25977ed852b39b68f570,s2_supp_cigwaste_be6356d2892007fe00f1,train,test
25977ed852b39b68f570,s2_supp_cigwaste_23d0f6b12e6a06413cd0,train,test
25977ed852b39b68f570,s2_supp_cigwaste_76e4c3665f9fced148c1,train,test
25977ed852b39b68f570,s2_supp_cigwaste_0e5c85e2c333be3afc66,train,test
25977ed852b39b68f570,s2_supp_cigwaste_c0eb627e0d00a515e44d,train,test
25977ed852b39b68f570,s2_supp_cigwaste_2b9db2c88108a635b65b,train,test
25977ed852b39b68f570,s2_supp_cigwaste_a6296a32afbaa4ea718b,train,test
25977ed852b39b68f570,s2_supp_cigwaste_2dcb349fc8df056e92f2,train,test
25977ed852b39b68f570,s2_supp_cigwaste_655c7f7dc65070d9a844,train,test
25977ed852b39b68f570,s2_supp_cigwaste_7e034512717c20fa6fa6,train,test
25977ed852b39b68f570,s2_supp_cigwaste_094b247bd406c268ff32,train,test
25977ed852b39b68f570,s2_supp_cigwaste_99bd9a12f5f3fffb3bcf,train,test
25977ed852b39b68f570,s2_supp_cigwaste_92d62f7e25760730310f,train,test
25977ed852b39b68f570,s2_supp_cigwaste_f5d5efa5097ddd753282,train,test
25977ed852b39b68f570,s2_supp_cigwaste_56f43f6375c9dd8c77cf,train,test
25977ed852b39b68f570,s2_supp_cigwaste_b68c67cb9e0f95bb9f0a,train,test
25977ed852b39b68f570,s2_supp_cigwaste_fc08e7d3c6f277729963,train,test
25977ed852b39b68f570,s2_supp_cigwaste_8d95c054ce84adc1f897,train,test
25977ed852b39b68f570,s2_supp_cigwaste_54248dc1c90b165dd11f,train,test
25977ed852b39b68f570,s2_supp_cigwaste_0c0c544c13b2fc4ade06,train,test
25977ed852b39b68f570,s2_supp_cigwaste_083915dde4e223b70619,train,test
25977ed852b39b68f570,s2_supp_cigwaste_342ca208551f30f20299,train,test
25977ed852b39b68f570,s2_supp_cigwaste_7d836e28ed0dd8be9d6b,train,test
25977ed852b39b68f570,s2_supp_cigwaste_0894329c3aa8a0cee9c6,train,test
25977ed852b39b68f570,s2_supp_cigwaste_e532c185e4adc5fae3f0,train,test
25977ed852b39b68f570,s2_supp_cigwaste_a68f231b06c949800c8f,train,test
25977ed852b39b68f570,s2_supp_cigwaste_26c30b9a584175f20503,train,test
25977ed852b39b68f570,s2_supp_cigwaste_f353bce44456744c5f14,train,test
25977ed852b39b68f570,s2_supp_cigwaste_9e24e0cf34838a0df181,train,test
25977ed852b39b68f570,s2_supp_cigwaste_12a9a1da3a46e8cde726,train,test
25977ed852b39b68f570,s2_supp_cigwaste_c8ec966999b95a20616d,train,test
25977ed852b39b68f570,s2_supp_cigwaste_db23d156f8ba3e70d4d9,train,test
25977ed852b39b68f570,s2_supp_cigwaste_729133055060e981f39f,train,test
25977ed852b39b68f570,s2_supp_cigwaste_c9cb7ee57fb1d70c51e5,train,test
25977ed852b39b68f570,s2_supp_cigwaste_fa4ec60f785a822fb900,train,test
25977ed852b39b68f570,s2_supp_cigwaste_5026b19dd314a3d94a21,train,test
25977ed852b39b68f570,s2_supp_cigwaste_cd249894a036df0b1196,train,test
25977ed852b39b68f570,s2_supp_cigwaste_2625dcddb4ce216e946d,train,test
25977ed852b39b68f570,s2_supp_cigwaste_b8a0e45bb1588dc3d412,train,test
25977ed852b39b68f570,s2_supp_cigwaste_132efaa2a8d2ec63862e,train,test
25977ed852b39b68f570,s2_supp_cigwaste_42936836c67f9317c5d9,train,test
25977ed852b39b68f570,s2_supp_cigwaste_1fb5d49636af13a15933,train,test
25977ed852b39b68f570,s2_supp_cigwaste_4d987e33c18586c30e08,train,test
25977ed852b39b68f570,s2_supp_cigwaste_80a8587ba70637e0f2b5,train,test
25977ed852b39b68f570,s2_supp_cigwaste_27f0f5ae237170b49d30,train,test
25977ed852b39b68f570,s2_supp_cigwaste_ceff5701b1abfe01db48,train,test
25977ed852b39b68f570,s2_supp_cigwaste_805fe08d6c01f2a16803,train,test
25977ed852b39b68f570,s2_supp_cigwaste_41eb2f2ed511cc2557d5,train,test
25977ed852b39b68f570,s2_supp_cigwaste_fb6ede4e41681eb78a79,train,test
25977ed852b39b68f570,s2_supp_cigwaste_080313589ad27e674e5a,train,test
25977ed852b39b68f570,s2_supp_cigwaste_2e00d6af6a8b72c17ce4,train,test
25977ed852b39b68f570,s2_supp_cigwaste_d9579ecc96a585625b12,train,test
25977ed852b39b68f570,s2_supp_cigwaste_9eb8d2a47d68cd034210,train,test
25977ed852b39b68f570,s2_supp_cigwaste_9c8e4b9c4fc2a60c79f2,train,test
25977ed852b39b68f570,s2_supp_cigwaste_f951d78ed826d963aeb2,train,test
25977ed852b39b68f570,s2_supp_cigwaste_d7ca6339e3ee2e242aaf,train,test
1fb6348d69a05cfc1f30,s2_supp_cigwaste_e39a7b7734d6f3e08e28,train,test
1fb6348d69a05cfc1f30,s2_supp_cigwaste_addac0b567d809e9f693,train,test
1fb6348d69a05cfc1f30,s2_supp_cigwaste_fcb3a2ac7593802d3681,train,test
1fb6348d69a05cfc1f30,s2_supp_cigwaste_2ac4c763248a61cbe7aa,train,test
1fb6348d69a05cfc1f30,s2_supp_cigwaste_475e1c6fbf08ecb4d7fa,train,test
1fb6348d69a05cfc1f30,s2_supp_cigwaste_c44ae29856f02a425797,train,test
1fb6348d69a05cfc1f30,s2_supp_cigwaste_95b0899b9d86671d73dc,train,test
1fb6348d69a05cfc1f30,s2_supp_cigwaste_f4f95d56353457fc9947,train,test
1fb6348d69a05cfc1f30,s2_supp_cigwaste_2f435a1a6fb9449bcba2,train,test
1fb6348d69a05cfc1f30,s2_supp_cigwaste_47d4d3e57e8837ae5974,train,test
1fb6348d69a05cfc1f30,s2_supp_cigwaste_0261f5151dba4a59e9ba,train,test
1fb6348d69a05cfc1f30,s2_supp_cigwaste_3038e666ee3e388e500b,train,test
1fb6348d69a05cfc1f30,s2_supp_cigwaste_42da573e9255f82a9a74,train,test
1fb6348d69a05cfc1f30,s2_supp_cigwaste_83d35bb1157f3088eaa5,train,test
1fb6348d69a05cfc1f30,s2_supp_cigwaste_34ce39283b61ed1ab666,train,test
1fb6348d69a05cfc1f30,s2_supp_cigwaste_fb42a03e89deba0b8797,train,test
1fb6348d69a05cfc1f30,s2_supp_cigwaste_c6eb9d71b938f32b0b11,train,test
1fb6348d69a05cfc1f30,s2_supp_cigwaste_0cde6f8371ea2b8b8710,train,test
1fb6348d69a05cfc1f30,s2_supp_cigwaste_07a0a7f09ddec2b83104,train,test
1fb6348d69a05cfc1f30,s2_supp_cigwaste_f4d33a15e64b4106ce27,train,test
1fb6348d69a05cfc1f30,s2_supp_cigwaste_464719f6cdf1d4526e70,train,test
1fb6348d69a05cfc1f30,s2_supp_cigwaste_cfaafc4621d4fe313e5b,train,test
1fb6348d69a05cfc1f30,s2_supp_cigwaste_06b4799d3b2bc065263c,train,test
1fb6348d69a05cfc1f30,s2_supp_cigwaste_535b5d1876dd420a488e,train,test
1fb6348d69a05cfc1f30,s2_supp_cigwaste_fdb13f50a54c6c4a585e,train,test
1fb6348d69a05cfc1f30,s2_supp_cigwaste_9f61e8a608fb01871b71,train,test
1fb6348d69a05cfc1f30,s2_supp_cigwaste_75107e5c37a5c489055e,train,test
1fb6348d69a05cfc1f30,s2_supp_cigwaste_16f160b58cc38ea7e0e3,train,test
1fb6348d69a05cfc1f30,s2_supp_cigwaste_6b79b0a8a92084738c0f,train,test
1fb6348d69a05cfc1f30,s2_supp_cigwaste_dcac2a73188c30e11655,train,test
1fb6348d69a05cfc1f30,s2_supp_cigwaste_bfe788319608ccdf150a,train,test
1fb6348d69a05cfc1f30,s2_supp_cigwaste_a2a7771d001e2c675e80,train,test
1fb6348d69a05cfc1f30,s2_supp_cigwaste_0cfdf0a34b2249b0bfba,train,test
1fb6348d69a05cfc1f30,s2_supp_cigwaste_3f8b844e3e15e809d188,train,test
1fb6348d69a05cfc1f30,s2_supp_cigwaste_dd7afdca5806348ec942,train,test
1fb6348d69a05cfc1f30,s2_supp_cigwaste_c7e919a5c741f2b31faf,train,test
1fb6348d69a05cfc1f30,s2_supp_cigwaste_73f799a4e9fd819aa580,train,test
1fb6348d69a05cfc1f30,s2_supp_cigwaste_9686f296e2a76acbbcb3,train,test
1fb6348d69a05cfc1f30,s2_supp_cigwaste_88a906199d814d227eff,train,test
1fb6348d69a05cfc1f30,s2_supp_cigwaste_34f60af053eb567e82d7,train,test
1fb6348d69a05cfc1f30,s2_supp_cigwaste_1b8f7b6f5b82fc3207fd,train,test
1fb6348d69a05cfc1f30,s2_supp_cigwaste_4dd0487662b8ca8ad99c,train,test
1fb6348d69a05cfc1f30,s2_supp_cigwaste_6d1f44abac949f0ee626,train,test
1fb6348d69a05cfc1f30,s2_supp_cigwaste_54d482e73baf7fb9a7f2,train,test
1fb6348d69a05cfc1f30,s2_supp_cigwaste_29060872063b1f9a88d1,train,test
1fb6348d69a05cfc1f30,s2_supp_cigwaste_ba621812445551f3a1e3,train,test
1fb6348d69a05cfc1f30,s2_supp_cigwaste_b29d01f926525fecd4df,train,test
1fb6348d69a05cfc1f30,s2_supp_cigwaste_c8747cad6c531db3580d,train,test
1fb6348d69a05cfc1f30,s2_supp_cigwaste_774fb2eb1e787d7f8b2d,train,test
1fb6348d69a05cfc1f30,s2_supp_cigwaste_44bf5b1e9cfcbd3ca699,train,test
1fb6348d69a05cfc1f30,s2_supp_cigwaste_0cd9435f2d3ed172de24,train,test
1fb6348d69a05cfc1f30,s2_supp_cigwaste_49820c3593b4c606c2a5,train,test
1fb6348d69a05cfc1f30,s2_supp_cigwaste_970c87df434676ff4964,train,test
1fb6348d69a05cfc1f30,s2_supp_cigwaste_2ad7c5b549519778eb49,train,test
1fb6348d69a05cfc1f30,s2_supp_cigwaste_8c1dafa01502de6bec82,train,test
1fb6348d69a05cfc1f30,s2_supp_cigwaste_a339e5991a2feb3c2f4f,train,test
1fb6348d69a05cfc1f30,s2_supp_cigwaste_7a6ebd74313b8396e4c7,train,test
1fb6348d69a05cfc1f30,s2_supp_cigwaste_e8f2ede76aedfc8bcc09,train,test
1fb6348d69a05cfc1f30,s2_supp_cigwaste_93257d551f88db6b55f6,train,test
1fb6348d69a05cfc1f30,s2_supp_cigwaste_6cbe4758fcbedd69f8f2,train,test
1fb6348d69a05cfc1f30,s2_supp_cigwaste_d45437ba9c0eead251e7,train,test
1fb6348d69a05cfc1f30,s2_supp_cigwaste_b10a078678dee4d01840,train,test
1fb6348d69a05cfc1f30,s2_supp_cigwaste_08bceea7a9d5abb81103,train,test
1fb6348d69a05cfc1f30,s2_supp_cigwaste_f43f6c2fe66481da41bd,train,test
1fb6348d69a05cfc1f30,s2_supp_cigwaste_733df2631ce653c5295a,train,test
1fb6348d69a05cfc1f30,s2_supp_cigwaste_1b751fdbae8c04972666,train,test
1fb6348d69a05cfc1f30,s2_supp_cigwaste_d51f67e66b023b57cf69,train,test
1fb6348d69a05cfc1f30,s2_supp_cigwaste_9bf3572fab447e7b5e57,train,test
1fb6348d69a05cfc1f30,s2_supp_cigwaste_b8a8ccb8bf60983265ce,train,test
1fb6348d69a05cfc1f30,s2_supp_cigwaste_052b6d418e1b847287db,train,test
1fb6348d69a05cfc1f30,s2_supp_cigwaste_94ab0d1fb9cca4c83675,train,test
1fb6348d69a05cfc1f30,s2_supp_cigwaste_73357de78b31aba12c53,train,test
1fb6348d69a05cfc1f30,s2_supp_cigwaste_74ae5b8448d095f58487,train,test
1fb6348d69a05cfc1f30,s2_supp_cigwaste_66a7c9f62dc1305e136f,train,test
1fb6348d69a05cfc1f30,s2_supp_cigwaste_810a78b2342c238cf636,train,test
1fb6348d69a05cfc1f30,s2_supp_cigwaste_18f7e53b9e74b81f80ff,train,test
1fb6348d69a05cfc1f30,s2_supp_cigwaste_a84bab2735a775e5faed,train,test
1fb6348d69a05cfc1f30,s2_supp_cigwaste_00fa9a503624b29d36f0,train,test
1fb6348d69a05cfc1f30,s2_supp_cigwaste_326e156b9fbebd1e0ec9,train,test
1fb6348d69a05cfc1f30,s2_supp_cigwaste_1fd099d3cbdafbef8de9,train,test
1fb6348d69a05cfc1f30,s2_supp_cigwaste_71551d8ac14e4d6335b3,train,test
1fb6348d69a05cfc1f30,s2_supp_cigwaste_8d2ff1dfbf06eb89e2a6,train,test
1fb6348d69a05cfc1f30,s2_supp_cigwaste_bb68e845f038805e2903,train,test
1fb6348d69a05cfc1f30,s2_supp_cigwaste_eddf3cca324f78f1ab30,train,test
1fb6348d69a05cfc1f30,s2_supp_cigwaste_72a172f678c45523cf73,train,test
1fb6348d69a05cfc1f30,s2_supp_cigwaste_83a77310ef7c85d15704,train,test
1fb6348d69a05cfc1f30,s2_supp_cigwaste_8d3444e9a600a480fb78,train,test
1fb6348d69a05cfc1f30,s2_supp_cigwaste_4b7c6cc7296707896cbf,train,test
1fb6348d69a05cfc1f30,s2_supp_cigwaste_96a2b6e50a79fccc6aab,train,test
1fb6348d69a05cfc1f30,s2_supp_cigwaste_96841a64816fac7b7740,train,test
1fb6348d69a05cfc1f30,s2_supp_cigwaste_d849d0b9a4132ae11bb9,train,test
1fb6348d69a05cfc1f30,s2_supp_cigwaste_0202587161d1eaca9188,train,test
1fb6348d69a05cfc1f30,s2_supp_cigwaste_f35a827d1fa381ad1245,train,test
1fb6348d69a05cfc1f30,s2_supp_cigwaste_0c892981a05ccd42e9de,train,test
1fb6348d69a05cfc1f30,s2_supp_cigwaste_78342e9999d7140bca4d,train,test
1fb6348d69a05cfc1f30,s2_supp_cigwaste_3eef540fc0860d6b6317,train,test
1fb6348d69a05cfc1f30,s2_supp_cigwaste_53c147d76e2541fd7443,train,test
1fb6348d69a05cfc1f30,s2_supp_cigwaste_dadbc65a729c048ac28c,train,test
1fb6348d69a05cfc1f30,s2_supp_cigwaste_1f222776877f0cfb7b6e,train,test
1fb6348d69a05cfc1f30,s2_supp_cigwaste_d59aedabaa50539f1409,train,test
9db30cbb8b4e9774f298,s2_supp_realwaste_a4e397d095f4a609c0e8,train,test
9db30cbb8b4e9774f298,s2_supp_realwaste_551981f9426fa9df07d6,train,test
9db30cbb8b4e9774f298,s2_supp_realwaste_09d89cbc4b0128b6e4f6,train,test
9db30cbb8b4e9774f298,s2_supp_realwaste_e1a01f1a1034ecc95b88,train,test
9db30cbb8b4e9774f298,s2_supp_realwaste_2f1f04890994ba56ce34,train,test
9db30cbb8b4e9774f298,s2_supp_realwaste_4424527f3c2dde592459,train,test
9db30cbb8b4e9774f298,s2_supp_realwaste_50419b5da0dba9c4a641,train,test
9db30cbb8b4e9774f298,s2_supp_realwaste_593c051d8eba29c0e224,train,test
9db30cbb8b4e9774f298,s2_supp_realwaste_68733d2a0ce3dd62959a,train,test
9db30cbb8b4e9774f298,s2_supp_realwaste_42f4c34d6ee1c65b52df,train,test
9db30cbb8b4e9774f298,s2_supp_realwaste_ce089169f6c203051fdd,train,test
9db30cbb8b4e9774f298,s2_supp_realwaste_09c937ac5bec844a2909,train,test
9db30cbb8b4e9774f298,s2_supp_realwaste_ab338db0a694d527c808,train,test
9db30cbb8b4e9774f298,s2_supp_realwaste_344c9204660e6d7af27f,train,test
9db30cbb8b4e9774f298,s2_supp_realwaste_3898d6e6c6e822952ca9,train,test
9db30cbb8b4e9774f298,s2_supp_realwaste_3a6f0d83c2b7e7088ea9,train,test
9db30cbb8b4e9774f298,s2_supp_realwaste_56d769329c72d34b7762,train,test
9db30cbb8b4e9774f298,s2_supp_realwaste_7f7841fa3050aed7d490,train,test
9db30cbb8b4e9774f298,s2_supp_realwaste_194804a9d6a28fba7897,train,test
9db30cbb8b4e9774f298,s2_supp_realwaste_88cadca4ab3e48747a82,train,test
9db30cbb8b4e9774f298,s2_supp_realwaste_9c356bb9457bc32ff84e,train,test
a2db392f44d9e745623f,s2_supp_realwaste_fae1b7ca56555043a0da,train,test
a2db392f44d9e745623f,s2_supp_realwaste_68a1dadaa6ae6c1c6cd7,train,test
a2db392f44d9e745623f,s2_supp_realwaste_4c2b0349797ecd492cb5,train,test
a2db392f44d9e745623f,s2_supp_realwaste_1e6d0c741f4850de33fc,train,test
a2db392f44d9e745623f,s2_supp_realwaste_68c60b4a371b9759b221,train,test
a2db392f44d9e745623f,s2_supp_realwaste_762e4e0233c87f58a7e6,train,test
a2db392f44d9e745623f,s2_supp_realwaste_9545620c4316b1d9f4d0,train,test
a2db392f44d9e745623f,s2_supp_realwaste_cd2e3979ae564064d41b,train,test
a2db392f44d9e745623f,s2_supp_realwaste_16a8b0ee24f2697950be,train,test
a2db392f44d9e745623f,s2_supp_realwaste_d0e792191fa868c13530,train,test
a2db392f44d9e745623f,s2_supp_realwaste_5b0e2c15fa434ab60099,train,test
a2db392f44d9e745623f,s2_supp_realwaste_6f9abe289444ff5526d6,train,test
a2db392f44d9e745623f,s2_supp_realwaste_43aed62abd63ab988dce,train,test
a2db392f44d9e745623f,s2_supp_realwaste_4ca06cb364153f3d3d24,train,test
a2db392f44d9e745623f,s2_supp_realwaste_bb9484b10da4a376def2,train,test
a2db392f44d9e745623f,s2_supp_realwaste_ca3d09e6277f88302da2,train,test
a2db392f44d9e745623f,s2_supp_realwaste_7a53f7a66b8f05f6ff24,train,test
a2db392f44d9e745623f,s2_supp_realwaste_bca0e7f496c9693c9f46,train,test
a2db392f44d9e745623f,s2_supp_realwaste_2351f0b533e449ad3c39,train,test
a2db392f44d9e745623f,s2_supp_realwaste_3a10ed53013d6e2f636a,train,test
a2db392f44d9e745623f,s2_supp_realwaste_80cb0a3ea13f297780d7,train,test
6a2611f9147cf55b81c5,s2_supp_realwaste_d8c49da292763a7254f2,train,test
6a2611f9147cf55b81c5,s2_supp_realwaste_817e7dc494fd45ba7c77,train,test
6a2611f9147cf55b81c5,s2_supp_realwaste_eba7807b1f04fde1b698,train,test
6a2611f9147cf55b81c5,s2_supp_realwaste_c4da08c8b51f0018bc26,train,test
6a2611f9147cf55b81c5,s2_supp_realwaste_70acdebabe4e577bd27b,train,test
6a2611f9147cf55b81c5,s2_supp_realwaste_0e66f7c74ce1b371b8c6,train,test
6a2611f9147cf55b81c5,s2_supp_realwaste_b064d752ef51b004bfff,train,test
6a2611f9147cf55b81c5,s2_supp_realwaste_5eb68fbba9b0e53174fa,train,test
6a2611f9147cf55b81c5,s2_supp_realwaste_5d00c28556aa58a78054,train,test
6a2611f9147cf55b81c5,s2_supp_realwaste_bba4bdc0b4b5c0b08f84,train,test
6a2611f9147cf55b81c5,s2_supp_realwaste_76b813513343af9ed169,train,test
6d7a42ff3ee863603cda,s2_supp_realwaste_27e126b8c3fad45de3ac,train,val
6d7a42ff3ee863603cda,s2_supp_realwaste_9af08b4a6b342cb1c794,train,val
6d7a42ff3ee863603cda,s2_supp_realwaste_27fffae6036bc9114a0e,train,val
6d7a42ff3ee863603cda,s2_supp_realwaste_e151feb0ea2a52e06c5c,train,val
6d7a42ff3ee863603cda,s2_supp_realwaste_886acbd5af85b9ace36f,train,val
6d7a42ff3ee863603cda,s2_supp_realwaste_00f72bda950540041baf,train,val
6d7a42ff3ee863603cda,s2_supp_realwaste_a66366e8095f1c3773ee,train,val
6d7a42ff3ee863603cda,s2_supp_realwaste_586c8863606eac1fdff6,train,val
6d7a42ff3ee863603cda,s2_supp_realwaste_a70115efe6e99952584d,train,val
6d7a42ff3ee863603cda,s2_supp_realwaste_33cd316a6729458e513d,train,val
dfbe4c433cc48f4bdf08,s2_supp_realwaste_d5d3e2f7fbc46b6ec72f,train,test
dfbe4c433cc48f4bdf08,s2_supp_realwaste_fe1e62fce900f724b1b4,train,test
86fe390433a16c478345,s3_taco_001321,train,test
a9650f5b21175c887c93,s3_taco_000714,train,test
46a7f4f7a1b72e3ca057,s3_taco_000122,train,test
090448255e86796a529a,s3_taco_000617,train,test
a23d677c91f2ee339b55,s3_taco_001310,train,test
863f563f4ebaff52cd68,s3_taco_000299,train,test
55c2a46a035965a9195f,s3_taco_001476,train,test
054d5aede25fe1ab3945,s3_taco_001211,train,test
fde87be96924d61ae307,s3_taco_000064,train,test
89b4e749b1eaffa484d4,s3_taco_001373,train,test
46f6a87623f7a83921ea,s3_taco_000764,train,test
152193c3f715bdc6a143,s3_taco_000958,train,val
c141f8893206a3fe396a,s3_taco_001244,train,test
